-- This script only contains the table creation statements and does not fully represent the table in database. It's still missing: indices, triggers. Do not use it as backup.

-- Table Definition
CREATE TABLE "public"."_migrations" (
    "name" varchar(255) NOT NULL,
    PRIMARY KEY ("name")
);

-- This script only contains the table creation statements and does not fully represent the table in database. It's still missing: indices, triggers. Do not use it as backup.

-- Squences
CREATE SEQUENCE IF NOT EXISTS family_names_id_seq;

-- Table Definition
CREATE TABLE "public"."family_names" (
    "id" int4 NOT NULL DEFAULT nextval('family_names_id_seq'::regclass),
    "name" varchar(255) NOT NULL,
    "created_at" timestamptz NOT NULL DEFAULT now(),
    "updated_at" timestamptz NOT NULL DEFAULT now(),
    PRIMARY KEY ("id")
);

-- This script only contains the table creation statements and does not fully represent the table in database. It's still missing: indices, triggers. Do not use it as backup.

-- Squences
CREATE SEQUENCE IF NOT EXISTS field_categories_id_seq;

-- Table Definition
CREATE TABLE "public"."field_categories" (
    "id" int4 NOT NULL DEFAULT nextval('field_categories_id_seq'::regclass),
    "name" varchar(255) NOT NULL,
    "created_at" timestamptz NOT NULL DEFAULT now(),
    "updated_at" timestamptz NOT NULL DEFAULT now(),
    PRIMARY KEY ("id")
);

-- This script only contains the table creation statements and does not fully represent the table in database. It's still missing: indices, triggers. Do not use it as backup.

-- Squences
CREATE SEQUENCE IF NOT EXISTS fields_id_seq;

-- Table Definition
CREATE TABLE "public"."fields" (
    "id" int4 NOT NULL DEFAULT nextval('fields_id_seq'::regclass),
    "field_category_id" int4 NOT NULL,
    "name" varchar(255) NOT NULL,
    "created_at" timestamptz NOT NULL DEFAULT now(),
    "updated_at" timestamptz NOT NULL DEFAULT now(),
    CONSTRAINT "fields_field_category_id_fkey" FOREIGN KEY ("field_category_id") REFERENCES "public"."field_categories"("id") ON DELETE CASCADE ON UPDATE CASCADE,
    PRIMARY KEY ("id")
);

-- This script only contains the table creation statements and does not fully represent the table in database. It's still missing: indices, triggers. Do not use it as backup.

-- Squences
CREATE SEQUENCE IF NOT EXISTS native_habitats_id_seq;

-- Table Definition
CREATE TABLE "public"."native_habitats" (
    "id" int4 NOT NULL DEFAULT nextval('native_habitats_id_seq'::regclass),
    "name" varchar(255) NOT NULL,
    "created_at" timestamptz NOT NULL DEFAULT now(),
    "updated_at" timestamptz NOT NULL DEFAULT now(),
    PRIMARY KEY ("id")
);

-- This script only contains the table creation statements and does not fully represent the table in database. It's still missing: indices, triggers. Do not use it as backup.

-- Squences
CREATE SEQUENCE IF NOT EXISTS preferred_climate_zones_id_seq;

-- Table Definition
CREATE TABLE "public"."preferred_climate_zones" (
    "id" int4 NOT NULL DEFAULT nextval('preferred_climate_zones_id_seq'::regclass),
    "name" varchar(255) NOT NULL,
    "created_at" timestamptz NOT NULL DEFAULT now(),
    "updated_at" timestamptz NOT NULL DEFAULT now(),
    PRIMARY KEY ("id")
);

-- This script only contains the table creation statements and does not fully represent the table in database. It's still missing: indices, triggers. Do not use it as backup.

-- Squences
CREATE SEQUENCE IF NOT EXISTS species_id_seq;
DROP TYPE IF EXISTS "public"."enum_species_tag";
CREATE TYPE "public"."enum_species_tag" AS ENUM ('animal', 'plant');

-- Table Definition
CREATE TABLE "public"."species" (
    "id" int4 NOT NULL DEFAULT nextval('species_id_seq'::regclass),
    "family_name_id" int4,
    "native_habitat_id" int4,
    "name" varchar(255) NOT NULL,
    "common_name" text,
    "tag" "public"."enum_species_tag" NOT NULL,
    "image" text NOT NULL,
    "created_at" timestamptz NOT NULL DEFAULT now(),
    "updated_at" timestamptz NOT NULL DEFAULT now(),
    CONSTRAINT "species_family_name_id_fkey" FOREIGN KEY ("family_name_id") REFERENCES "public"."family_names"("id") ON DELETE CASCADE ON UPDATE CASCADE,
    CONSTRAINT "species_native_habitat_id_fkey" FOREIGN KEY ("native_habitat_id") REFERENCES "public"."native_habitats"("id") ON DELETE CASCADE ON UPDATE CASCADE,
    PRIMARY KEY ("id")
);

-- This script only contains the table creation statements and does not fully represent the table in database. It's still missing: indices, triggers. Do not use it as backup.

-- Squences
CREATE SEQUENCE IF NOT EXISTS species_preferred_climate_zones_id_seq;

-- Table Definition
CREATE TABLE "public"."species_preferred_climate_zones" (
    "id" int4 NOT NULL DEFAULT nextval('species_preferred_climate_zones_id_seq'::regclass),
    "species_id" int4 NOT NULL,
    "preferred_climate_zone_id" int4 NOT NULL,
    "created_at" timestamptz NOT NULL DEFAULT now(),
    "updated_at" timestamptz NOT NULL DEFAULT now(),
    CONSTRAINT "species_preferred_climate_zones_species_id_fkey" FOREIGN KEY ("species_id") REFERENCES "public"."species"("id") ON DELETE CASCADE ON UPDATE CASCADE,
    CONSTRAINT "species_preferred_climate_zones_preferred_climate_zone_id_fkey" FOREIGN KEY ("preferred_climate_zone_id") REFERENCES "public"."preferred_climate_zones"("id") ON DELETE CASCADE ON UPDATE CASCADE,
    PRIMARY KEY ("id")
);

INSERT INTO "public"."_migrations" ("name") VALUES
('20240305112430-create-table-field-categories.js');
INSERT INTO "public"."_migrations" ("name") VALUES
('20240305112431-create-table-fields.js');
INSERT INTO "public"."_migrations" ("name") VALUES
('20240305112434-create-table-family-names.js');
INSERT INTO "public"."_migrations" ("name") VALUES
('20240305112435-create-table-native-habitats.js'),
('20240305112436-create-table-species.js'),
('20240305112437-create-table-preferred-climate-zones.js'),
('20240305112438-create-table-species-preferred-climate-zones.js'),
('20240306133211-create-indexing.js');

INSERT INTO "public"."family_names" ("id", "name", "created_at", "updated_at") VALUES
(1, 'Acanthaceae', '2024-03-05 07:25:27.775+00', '2024-03-05 07:25:27.775+00');
INSERT INTO "public"."family_names" ("id", "name", "created_at", "updated_at") VALUES
(2, 'Adoxaceae', '2024-03-05 07:25:27.775+00', '2024-03-05 07:25:27.775+00');
INSERT INTO "public"."family_names" ("id", "name", "created_at", "updated_at") VALUES
(3, 'Blechnaceae', '2024-03-05 07:25:27.775+00', '2024-03-05 07:25:27.775+00');
INSERT INTO "public"."family_names" ("id", "name", "created_at", "updated_at") VALUES
(4, 'Bombacaceae', '2024-03-05 07:25:27.775+00', '2024-03-05 07:25:27.775+00'),
(5, 'Cannaceae', '2024-03-05 07:25:27.775+00', '2024-03-05 07:25:27.775+00'),
(6, 'Caricaceae', '2024-03-05 07:25:27.775+00', '2024-03-05 07:25:27.775+00'),
(7, 'Dipteridaceae', '2024-03-05 07:25:27.775+00', '2024-03-05 07:25:27.775+00'),
(8, 'Dracaenaceae', '2024-03-05 07:25:27.775+00', '2024-03-05 07:25:27.775+00'),
(9, 'Gelsemiaceae', '2024-03-05 07:25:27.775+00', '2024-03-05 07:25:27.775+00'),
(10, 'Geraniaceae', '2024-03-05 07:25:27.775+00', '2024-03-05 07:25:27.775+00'),
(11, 'Hydrangeaceae', '2024-03-05 07:25:27.775+00', '2024-03-05 07:25:27.775+00'),
(12, 'Ixonanthaceae', '2024-03-05 07:25:27.775+00', '2024-03-05 07:25:27.775+00');

INSERT INTO "public"."field_categories" ("id", "name", "created_at", "updated_at") VALUES
(1, 'Name', '2024-03-05 07:25:27.755+00', '2024-03-05 07:25:27.755+00');
INSERT INTO "public"."field_categories" ("id", "name", "created_at", "updated_at") VALUES
(2, 'Biogeography', '2024-03-05 07:25:27.755+00', '2024-03-05 07:25:27.755+00');


INSERT INTO "public"."fields" ("id", "field_category_id", "name", "created_at", "updated_at") VALUES
(1, 1, 'Family Name', '2024-03-05 07:25:27.763+00', '2024-03-05 07:25:27.763+00');
INSERT INTO "public"."fields" ("id", "field_category_id", "name", "created_at", "updated_at") VALUES
(2, 1, 'Common Name', '2024-03-05 07:25:27.763+00', '2024-03-05 07:25:27.763+00');
INSERT INTO "public"."fields" ("id", "field_category_id", "name", "created_at", "updated_at") VALUES
(3, 2, 'Native Habitat', '2024-03-05 07:25:27.763+00', '2024-03-05 07:25:27.763+00');
INSERT INTO "public"."fields" ("id", "field_category_id", "name", "created_at", "updated_at") VALUES
(4, 2, 'Preferred Climate Zones', '2024-03-05 07:25:27.763+00', '2024-03-05 07:25:27.763+00');

INSERT INTO "public"."native_habitats" ("id", "name", "created_at", "updated_at") VALUES
(1, 'Aquatic', '2024-03-05 07:25:27.769+00', '2024-03-05 07:25:27.769+00');
INSERT INTO "public"."native_habitats" ("id", "name", "created_at", "updated_at") VALUES
(2, 'Marine', '2024-03-05 07:25:27.769+00', '2024-03-05 07:25:27.769+00');
INSERT INTO "public"."native_habitats" ("id", "name", "created_at", "updated_at") VALUES
(3, 'Shoreline', '2024-03-05 07:25:27.769+00', '2024-03-05 07:25:27.769+00');
INSERT INTO "public"."native_habitats" ("id", "name", "created_at", "updated_at") VALUES
(4, 'Terrestrial', '2024-03-05 07:25:27.769+00', '2024-03-05 07:25:27.769+00');

INSERT INTO "public"."preferred_climate_zones" ("id", "name", "created_at", "updated_at") VALUES
(1, 'Desert / Arid', '2024-03-05 07:25:27.781+00', '2024-03-05 07:25:27.781+00');
INSERT INTO "public"."preferred_climate_zones" ("id", "name", "created_at", "updated_at") VALUES
(2, 'Highland / Montane', '2024-03-05 07:25:27.781+00', '2024-03-05 07:25:27.781+00');
INSERT INTO "public"."preferred_climate_zones" ("id", "name", "created_at", "updated_at") VALUES
(3, 'Mediterranean', '2024-03-05 07:25:27.781+00', '2024-03-05 07:25:27.781+00');
INSERT INTO "public"."preferred_climate_zones" ("id", "name", "created_at", "updated_at") VALUES
(4, 'Sub-Arctic', '2024-03-05 07:25:27.781+00', '2024-03-05 07:25:27.781+00'),
(5, 'Sub-Tropical / Monsoonal', '2024-03-05 07:25:27.781+00', '2024-03-05 07:25:27.781+00'),
(6, 'Temperate', '2024-03-05 07:25:27.781+00', '2024-03-05 07:25:27.781+00'),
(7, 'Tropical', '2024-03-05 07:25:27.781+00', '2024-03-05 07:25:27.781+00');

INSERT INTO "public"."species" ("id", "family_name_id", "native_habitat_id", "name", "common_name", "tag", "image", "created_at", "updated_at") VALUES
(1, 6, 2, 'Dora Zulauf', '{Karli,Alex,Maggio-Schowalter}', 'plant', 'https://loremflickr.com/640/480?lock=2093074545115136', '2024-03-05 07:25:29.111+00', '2024-03-05 07:25:29.111+00');
INSERT INTO "public"."species" ("id", "family_name_id", "native_habitat_id", "name", "common_name", "tag", "image", "created_at", "updated_at") VALUES
(2, 6, 3, 'Cary Robel-Morissette', '{Wilfred,Jamie,Sauer}', 'plant', 'https://loremflickr.com/640/480?lock=415235580100608', '2024-03-05 07:25:29.112+00', '2024-03-05 07:25:29.112+00');
INSERT INTO "public"."species" ("id", "family_name_id", "native_habitat_id", "name", "common_name", "tag", "image", "created_at", "updated_at") VALUES
(3, 9, 3, 'Marianne Purdy', '{Julie,Shiloh,Skiles}', 'plant', 'https://loremflickr.com/640/480?lock=50123979620352', '2024-03-05 07:25:29.112+00', '2024-03-05 07:25:29.112+00');
INSERT INTO "public"."species" ("id", "family_name_id", "native_habitat_id", "name", "common_name", "tag", "image", "created_at", "updated_at") VALUES
(4, 11, 2, 'David Bradtke', '{Keira,Reign,Kub}', 'plant', 'https://loremflickr.com/640/480?lock=4031682137030656', '2024-03-05 07:25:29.112+00', '2024-03-05 07:25:29.112+00'),
(5, 6, 1, 'Carroll Bradtke', '{Karianne,Emerson,Kertzmann}', 'plant', 'https://loremflickr.com/640/480?lock=8267866512031744', '2024-03-05 07:25:29.112+00', '2024-03-05 07:25:29.112+00'),
(6, 10, 1, 'Leonard Feil', '{Esteban,Sage,Wolf}', 'plant', 'https://loremflickr.com/640/480?lock=7101107092324352', '2024-03-05 07:25:29.112+00', '2024-03-05 07:25:29.112+00'),
(7, 5, 4, 'Moses Pouros', '{Lonnie,August,Wilkinson}', 'plant', 'https://loremflickr.com/640/480?lock=8430903778869248', '2024-03-05 07:25:29.112+00', '2024-03-05 07:25:29.112+00'),
(8, 1, 2, 'Clinton Kuphal', '{Elody,North,Watsica}', 'plant', 'https://loremflickr.com/640/480?lock=5615067403911168', '2024-03-05 07:25:29.112+00', '2024-03-05 07:25:29.112+00'),
(9, 3, 3, 'Felipe Kessler', '{Dorris,Logan,Breitenberg}', 'plant', 'https://loremflickr.com/640/480?lock=2874895916597248', '2024-03-05 07:25:29.112+00', '2024-03-05 07:25:29.112+00'),
(10, 11, 1, 'Seth Denesik', '{Marjorie,Ryan,Armstrong-Jacobs}', 'plant', 'https://loremflickr.com/640/480?lock=6793158505529344', '2024-03-05 07:25:29.112+00', '2024-03-05 07:25:29.112+00'),
(11, 9, 3, 'Edmund Will', '{Athena,Jaden,Little-Pouros}', 'plant', 'https://loremflickr.com/640/480?lock=2687961174900736', '2024-03-05 07:25:29.112+00', '2024-03-05 07:25:29.112+00'),
(12, 11, 1, 'Shelly Streich', '{Christophe,Reese,Bernier}', 'plant', 'https://loremflickr.com/640/480?lock=3882237823025152', '2024-03-05 07:25:29.112+00', '2024-03-05 07:25:29.112+00'),
(13, 2, 3, 'Kathryn Bosco', '{General,Avery,Anderson-Legros}', 'plant', 'https://loremflickr.com/640/480?lock=7965820600713216', '2024-03-05 07:25:29.112+00', '2024-03-05 07:25:29.112+00'),
(14, 3, 1, 'Sam Rodriguez', '{Carlotta,Quinn,Dicki}', 'plant', 'https://loremflickr.com/640/480?lock=2187238846758912', '2024-03-05 07:25:29.112+00', '2024-03-05 07:25:29.112+00'),
(15, 3, 4, 'Miss Lynn Adams', '{Nannie,Micah,West}', 'plant', 'https://loremflickr.com/640/480?lock=7447540335116288', '2024-03-05 07:25:29.113+00', '2024-03-05 07:25:29.113+00'),
(16, 8, 4, 'Sylvester Walter', '{Hassie,River,Dare}', 'plant', 'https://loremflickr.com/640/480?lock=2520035857793024', '2024-03-05 07:25:29.113+00', '2024-03-05 07:25:29.113+00'),
(17, 10, 1, 'Mr. Walter Baumbach', '{Lavada,Riley,Oberbrunner}', 'plant', 'https://loremflickr.com/640/480?lock=3826291497238528', '2024-03-05 07:25:29.113+00', '2024-03-05 07:25:29.113+00'),
(18, 9, 2, 'Mr. Jorge Padberg PhD', '{Palma,Elliott,Doyle}', 'plant', 'https://loremflickr.com/640/480?lock=1852992919699456', '2024-03-05 07:25:29.113+00', '2024-03-05 07:25:29.113+00'),
(19, 9, 3, 'Tom Smith', '{Hillary,Rowan,Little}', 'plant', 'https://loremflickr.com/640/480?lock=6541279223611392', '2024-03-05 07:25:29.113+00', '2024-03-05 07:25:29.113+00'),
(20, 10, 2, 'Robyn Kuhic', '{Jerad,Micah,Crona}', 'plant', 'https://loremflickr.com/640/480?lock=3677931037523968', '2024-03-05 07:25:29.113+00', '2024-03-05 07:25:29.113+00'),
(21, 5, 1, 'Pamela Bednar III', '{Armand,Shiloh,Brown}', 'plant', 'https://loremflickr.com/640/480?lock=6853905702977536', '2024-03-05 07:25:29.113+00', '2024-03-05 07:25:29.113+00'),
(22, 10, 3, 'Jeannie Ondricka', '{Anahi,Marlowe,Walsh}', 'plant', 'https://loremflickr.com/640/480?lock=7839546316161024', '2024-03-05 07:25:29.113+00', '2024-03-05 07:25:29.113+00'),
(23, 9, 1, 'Billy McCullough', '{Carlotta,Shiloh,Kunde}', 'plant', 'https://loremflickr.com/640/480?lock=4363200833257472', '2024-03-05 07:25:29.113+00', '2024-03-05 07:25:29.113+00'),
(24, 12, 3, 'Dominick Erdman III', '{Christina,Avery,Fahey}', 'plant', 'https://loremflickr.com/640/480?lock=8112208959504384', '2024-03-05 07:25:29.113+00', '2024-03-05 07:25:29.113+00'),
(25, 9, 2, 'Guillermo Ondricka', '{Itzel,Rory,Carter}', 'plant', 'https://loremflickr.com/640/480?lock=825307495923712', '2024-03-05 07:25:29.113+00', '2024-03-05 07:25:29.113+00'),
(26, 6, 2, 'Mrs. Lola Swaniawski', '{Kayla,Sage,Nicolas}', 'plant', 'https://loremflickr.com/640/480?lock=6440688994484224', '2024-03-05 07:25:29.113+00', '2024-03-05 07:25:29.113+00'),
(27, 3, 2, 'Mr. Nicolas Ruecker', '{Dalton,Rowan,Howe}', 'plant', 'https://loremflickr.com/640/480?lock=5180230981386240', '2024-03-05 07:25:29.113+00', '2024-03-05 07:25:29.113+00'),
(28, 10, 4, 'Janet Howell', '{Rowland,Parker,O''Hara}', 'plant', 'https://loremflickr.com/640/480?lock=4919689031450624', '2024-03-05 07:25:29.113+00', '2024-03-05 07:25:29.113+00'),
(29, 5, 1, 'Paula Dach MD', '{Stefan,Emerson,Yost}', 'plant', 'https://loremflickr.com/640/480?lock=1753043794132992', '2024-03-05 07:25:29.113+00', '2024-03-05 07:25:29.113+00'),
(30, 4, 1, 'Tracey Harris', '{Garrett,Ellis,Gleason}', 'plant', 'https://loremflickr.com/640/480?lock=780461378895872', '2024-03-05 07:25:29.113+00', '2024-03-05 07:25:29.113+00'),
(31, 8, 2, 'Pauline Kutch', '{Ayana,Hayden,Goldner}', 'plant', 'https://loremflickr.com/640/480?lock=1654677640839168', '2024-03-05 07:25:29.114+00', '2024-03-05 07:25:29.114+00'),
(32, 11, 4, 'Jennifer Cummings', '{Liana,Reign,Cruickshank}', 'plant', 'https://loremflickr.com/640/480?lock=6420584619573248', '2024-03-05 07:25:29.114+00', '2024-03-05 07:25:29.114+00'),
(33, 7, 1, 'Floyd Prohaska', '{Ian,Drew,Donnelly}', 'plant', 'https://loremflickr.com/640/480?lock=6657059732848640', '2024-03-05 07:25:29.114+00', '2024-03-05 07:25:29.114+00'),
(34, 12, 3, 'Katie Hartmann', '{Petra,Angel,Feeney}', 'plant', 'https://loremflickr.com/640/480?lock=7236322590720000', '2024-03-05 07:25:29.114+00', '2024-03-05 07:25:29.114+00'),
(35, 3, 1, 'Mario Schneider', '{Maye,Angel,Bernhard}', 'plant', 'https://loremflickr.com/640/480?lock=5850723881320448', '2024-03-05 07:25:29.114+00', '2024-03-05 07:25:29.114+00'),
(36, 11, 4, 'Chelsea Smitham', '{Casimer,Billie,Champlin}', 'plant', 'https://loremflickr.com/640/480?lock=2297331208683520', '2024-03-05 07:25:29.114+00', '2024-03-05 07:25:29.114+00'),
(37, 8, 2, 'Rhonda Robel', '{Jerel,Anderson,King}', 'plant', 'https://loremflickr.com/640/480?lock=3088176816062464', '2024-03-05 07:25:29.114+00', '2024-03-05 07:25:29.114+00'),
(38, 3, 3, 'Brooke Reichel-Block', '{Aubrey,Parker,Beer}', 'plant', 'https://loremflickr.com/640/480?lock=1193732655284224', '2024-03-05 07:25:29.114+00', '2024-03-05 07:25:29.114+00'),
(39, 9, 1, 'Mr. Ellis Hintz', '{Ambrose,Harper,Marvin}', 'plant', 'https://loremflickr.com/640/480?lock=437994114777088', '2024-03-05 07:25:29.114+00', '2024-03-05 07:25:29.114+00'),
(40, 10, 4, 'Dora Wilderman', '{Veronica,Phoenix,Sauer}', 'plant', 'https://loremflickr.com/640/480?lock=1205493280276480', '2024-03-05 07:25:29.114+00', '2024-03-05 07:25:29.114+00'),
(41, 4, 1, 'Betsy Weimann MD', '{Jakayla,Corey,Doyle}', 'plant', 'https://loremflickr.com/640/480?lock=5585595824865280', '2024-03-05 07:25:29.114+00', '2024-03-05 07:25:29.114+00'),
(42, 5, 4, 'Victoria Okuneva', '{Lorenzo,Elliott,Bailey}', 'plant', 'https://loremflickr.com/640/480?lock=5810977050198016', '2024-03-05 07:25:29.114+00', '2024-03-05 07:25:29.114+00'),
(43, 11, 1, 'Dr. Jamie Rau', '{Shanny,Bailey,Corwin}', 'plant', 'https://loremflickr.com/640/480?lock=8892312258084864', '2024-03-05 07:25:29.114+00', '2024-03-05 07:25:29.114+00'),
(44, 10, 2, 'Robin McKenzie', '{Grace,Leslie,Prosacco}', 'plant', 'https://loremflickr.com/640/480?lock=7015873648787456', '2024-03-05 07:25:29.114+00', '2024-03-05 07:25:29.114+00'),
(45, 8, 1, 'Cynthia Romaguera', '{Laron,Bailey,Gerlach}', 'plant', 'https://loremflickr.com/640/480?lock=2019321047941120', '2024-03-05 07:25:29.114+00', '2024-03-05 07:25:29.114+00'),
(46, 6, 4, 'Mr. Toby Schroeder', '{Felicity,Avery,VonRueden}', 'plant', 'https://loremflickr.com/640/480?lock=4732733886562304', '2024-03-05 07:25:29.114+00', '2024-03-05 07:25:29.114+00'),
(47, 4, 2, 'Mr. Jessie Jenkins', '{Stuart,Bailey,Huel-Heaney}', 'plant', 'https://loremflickr.com/640/480?lock=6632243078365184', '2024-03-05 07:25:29.114+00', '2024-03-05 07:25:29.114+00'),
(48, 1, 3, 'Joel Hauck DDS', '{Keyon,Drew,Lesch-Wiza}', 'plant', 'https://loremflickr.com/640/480?lock=2845871601352704', '2024-03-05 07:25:29.114+00', '2024-03-05 07:25:29.114+00'),
(49, 12, 4, 'Herbert McClure', '{Mariano,Harper,Beier}', 'plant', 'https://loremflickr.com/640/480?lock=5003281407410176', '2024-03-05 07:25:29.114+00', '2024-03-05 07:25:29.114+00'),
(50, 2, 3, 'Dr. Sue Wyman', '{Romaine,Emerson,Lang}', 'plant', 'https://loremflickr.com/640/480?lock=8796481888714752', '2024-03-05 07:25:29.114+00', '2024-03-05 07:25:29.114+00'),
(51, 3, 3, 'Kent Bahringer', '{Marianna,Addison,Nicolas}', 'plant', 'https://loremflickr.com/640/480?lock=5591688483438592', '2024-03-05 07:25:29.114+00', '2024-03-05 07:25:29.114+00'),
(52, 9, 3, 'Moses Hermann', '{Geovanny,Dakota,Dicki}', 'plant', 'https://loremflickr.com/640/480?lock=3546413501775872', '2024-03-05 07:25:29.114+00', '2024-03-05 07:25:29.114+00'),
(53, 12, 1, 'Dr. Dewey Sawayn III', '{Deanna,Blake,McLaughlin}', 'plant', 'https://loremflickr.com/640/480?lock=7490833949392896', '2024-03-05 07:25:29.114+00', '2024-03-05 07:25:29.114+00'),
(54, 5, 3, 'Clarence Schuppe', '{Judge,Avery,Considine}', 'plant', 'https://loremflickr.com/640/480?lock=2826323418415104', '2024-03-05 07:25:29.114+00', '2024-03-05 07:25:29.114+00'),
(55, 6, 3, 'Pamela Lang', '{Gabe,Jules,Windler}', 'plant', 'https://loremflickr.com/640/480?lock=3089188712873984', '2024-03-05 07:25:29.115+00', '2024-03-05 07:25:29.115+00'),
(56, 3, 1, 'Dr. Tyler Dietrich', '{Rae,Parker,Witting}', 'plant', 'https://loremflickr.com/640/480?lock=8605378898034688', '2024-03-05 07:25:29.115+00', '2024-03-05 07:25:29.115+00'),
(57, 3, 4, 'Kimberly Bashirian', '{Juvenal,Drew,Kertzmann}', 'plant', 'https://loremflickr.com/640/480?lock=2957248217219072', '2024-03-05 07:25:29.115+00', '2024-03-05 07:25:29.115+00'),
(58, 1, 4, 'Shannon Borer', '{Torrey,August,Miller}', 'plant', 'https://loremflickr.com/640/480?lock=4933963256692736', '2024-03-05 07:25:29.115+00', '2024-03-05 07:25:29.115+00'),
(59, 5, 1, 'Ms. Nichole Russel', '{Kariane,River,Mertz}', 'plant', 'https://loremflickr.com/640/480?lock=2763369121579008', '2024-03-05 07:25:29.115+00', '2024-03-05 07:25:29.115+00'),
(60, 3, 3, 'Randall Jenkins', '{Ferne,Bailey,Haag}', 'plant', 'https://loremflickr.com/640/480?lock=7325840945709056', '2024-03-05 07:25:29.115+00', '2024-03-05 07:25:29.115+00'),
(61, 12, 3, 'Juan Williamson', '{Chaz,Sasha,Hermiston}', 'plant', 'https://loremflickr.com/640/480?lock=4222573130809344', '2024-03-05 07:25:29.115+00', '2024-03-05 07:25:29.115+00'),
(62, 2, 1, 'Johnathan Tromp Sr.', '{Irwin,Kennedy,Hackett}', 'plant', 'https://loremflickr.com/640/480?lock=5179309268402176', '2024-03-05 07:25:29.115+00', '2024-03-05 07:25:29.115+00'),
(63, 7, 2, 'Joel Pfeffer', '{Cameron,August,Rohan}', 'plant', 'https://loremflickr.com/640/480?lock=8824743293616128', '2024-03-05 07:25:29.115+00', '2024-03-05 07:25:29.115+00'),
(64, 4, 3, 'Jeffery Bogan', '{Hope,Harper,Littel}', 'plant', 'https://loremflickr.com/640/480?lock=8918081504018432', '2024-03-05 07:25:29.115+00', '2024-03-05 07:25:29.115+00'),
(65, 2, 4, 'Carlton Maggio MD', '{Kiara,Blake,Swift}', 'plant', 'https://loremflickr.com/640/480?lock=6419484120186880', '2024-03-05 07:25:29.115+00', '2024-03-05 07:25:29.115+00'),
(66, 12, 2, 'Katie Beahan', '{Lauryn,Reagan,Haag}', 'plant', 'https://loremflickr.com/640/480?lock=903966307123200', '2024-03-05 07:25:29.115+00', '2024-03-05 07:25:29.115+00'),
(67, 9, 3, 'Robyn Bednar I', '{Zion,Nico,Dicki}', 'plant', 'https://loremflickr.com/640/480?lock=5324417439629312', '2024-03-05 07:25:29.115+00', '2024-03-05 07:25:29.115+00'),
(68, 6, 2, 'Mrs. Amy Weimann-Dare', '{Ruth,Austin,Williamson}', 'plant', 'https://loremflickr.com/640/480?lock=3956869141889024', '2024-03-05 07:25:29.115+00', '2024-03-05 07:25:29.115+00'),
(69, 1, 1, 'Guadalupe Kshlerin', '{Dawson,Ryan,Frami}', 'plant', 'https://loremflickr.com/640/480?lock=7187851001200640', '2024-03-05 07:25:29.115+00', '2024-03-05 07:25:29.115+00'),
(70, 1, 3, 'Jasmine Auer', '{Dino,Cameron,Reichert}', 'plant', 'https://loremflickr.com/640/480?lock=1899322658521088', '2024-03-05 07:25:29.115+00', '2024-03-05 07:25:29.115+00'),
(71, 8, 2, 'Vanessa Shields', '{Noemi,Kennedy,Sipes}', 'plant', 'https://loremflickr.com/640/480?lock=7466932366213120', '2024-03-05 07:25:29.115+00', '2024-03-05 07:25:29.115+00'),
(72, 4, 4, 'Lee Wisoky', '{Renee,Dakota,Walsh}', 'plant', 'https://loremflickr.com/640/480?lock=268978672893952', '2024-03-05 07:25:29.115+00', '2024-03-05 07:25:29.115+00'),
(73, 2, 2, 'Jeff Harvey', '{Adele,Greer,Nolan}', 'plant', 'https://loremflickr.com/640/480?lock=1109759704956928', '2024-03-05 07:25:29.115+00', '2024-03-05 07:25:29.115+00'),
(74, 10, 3, 'Mr. Rudy Langworth-Wyman', '{Patience,Riley,Grant}', 'plant', 'https://loremflickr.com/640/480?lock=6809650580160512', '2024-03-05 07:25:29.115+00', '2024-03-05 07:25:29.115+00'),
(75, 11, 3, 'Dr. Al Abshire', '{Raymundo,Nico,Armstrong}', 'plant', 'https://loremflickr.com/640/480?lock=8458133957509120', '2024-03-05 07:25:29.115+00', '2024-03-05 07:25:29.115+00'),
(76, 12, 3, 'Marjorie Ferry', '{Alessia,James,Bechtelar}', 'plant', 'https://loremflickr.com/640/480?lock=8339134634524672', '2024-03-05 07:25:29.115+00', '2024-03-05 07:25:29.115+00'),
(77, 5, 3, 'Wilma O''Kon-Lynch PhD', '{Antoinette,Finley,Wisozk}', 'plant', 'https://loremflickr.com/640/480?lock=5276621191774208', '2024-03-05 07:25:29.115+00', '2024-03-05 07:25:29.115+00'),
(78, 7, 4, 'Hope Will', '{Murphy,Angel,Bailey}', 'plant', 'https://loremflickr.com/640/480?lock=8033326929543168', '2024-03-05 07:25:29.116+00', '2024-03-05 07:25:29.116+00'),
(79, 1, 1, 'Brett Hahn Sr.', '{Fannie,Kyle,Hermiston}', 'plant', 'https://loremflickr.com/640/480?lock=2930040352276480', '2024-03-05 07:25:29.116+00', '2024-03-05 07:25:29.116+00'),
(80, 8, 1, 'Edwin Homenick IV', '{Clarissa,James,Schuster}', 'plant', 'https://loremflickr.com/640/480?lock=684157153837056', '2024-03-05 07:25:29.116+00', '2024-03-05 07:25:29.116+00'),
(81, 2, 1, 'Cedric Feeney', '{Camron,Hayden,Erdman}', 'plant', 'https://loremflickr.com/640/480?lock=2333516085854208', '2024-03-05 07:25:29.116+00', '2024-03-05 07:25:29.116+00'),
(82, 7, 4, 'Eloise Sipes II', '{Dusty,Phoenix,Jaskolski}', 'plant', 'https://loremflickr.com/640/480?lock=1658474047995904', '2024-03-05 07:25:29.116+00', '2024-03-05 07:25:29.116+00'),
(83, 2, 3, 'Mr. Michael Kemmer', '{Esteban,Austin,Botsford}', 'plant', 'https://loremflickr.com/640/480?lock=2813483410259968', '2024-03-05 07:25:29.116+00', '2024-03-05 07:25:29.116+00'),
(84, 12, 3, 'Tomas Schulist', '{Antonetta,Gray,Graham}', 'plant', 'https://loremflickr.com/640/480?lock=1791103265144832', '2024-03-05 07:25:29.116+00', '2024-03-05 07:25:29.116+00'),
(85, 1, 4, 'Sean Swaniawski', '{Van,Shiloh,Bailey-Pagac}', 'plant', 'https://loremflickr.com/640/480?lock=2491840433487872', '2024-03-05 07:25:29.116+00', '2024-03-05 07:25:29.116+00'),
(86, 3, 2, 'Rene Quigley', '{Xander,Sawyer,Harber}', 'plant', 'https://loremflickr.com/640/480?lock=8627254955343872', '2024-03-05 07:25:29.116+00', '2024-03-05 07:25:29.116+00'),
(87, 6, 4, 'Owen Kilback', '{Brent,Micah,Altenwerth}', 'plant', 'https://loremflickr.com/640/480?lock=8600315337113600', '2024-03-05 07:25:29.116+00', '2024-03-05 07:25:29.116+00'),
(88, 6, 2, 'Tamara Denesik', '{Roosevelt,Ryan,Beer}', 'plant', 'https://loremflickr.com/640/480?lock=2914100520681472', '2024-03-05 07:25:29.116+00', '2024-03-05 07:25:29.116+00'),
(89, 8, 4, 'Joe Collier', '{Carmen,Alex,Morar}', 'plant', 'https://loremflickr.com/640/480?lock=7868479912804352', '2024-03-05 07:25:29.116+00', '2024-03-05 07:25:29.116+00'),
(90, 8, 3, 'Jonathan Windler', '{Jarvis,North,Boyer}', 'plant', 'https://loremflickr.com/640/480?lock=6230068432994304', '2024-03-05 07:25:29.116+00', '2024-03-05 07:25:29.116+00'),
(91, 1, 4, 'Percy Haag', '{Leonard,Addison,Hilll}', 'plant', 'https://loremflickr.com/640/480?lock=4114925616103424', '2024-03-05 07:25:29.116+00', '2024-03-05 07:25:29.116+00'),
(92, 11, 4, 'Mr. Terrance Goodwin', '{Marilie,Harper,Ruecker}', 'plant', 'https://loremflickr.com/640/480?lock=6260761089277952', '2024-03-05 07:25:29.116+00', '2024-03-05 07:25:29.116+00'),
(93, 10, 1, 'Dr. Rose Grimes', '{Oral,Rory,Klocko}', 'plant', 'https://loremflickr.com/640/480?lock=7217998255357952', '2024-03-05 07:25:29.116+00', '2024-03-05 07:25:29.116+00'),
(94, 6, 3, 'Floyd Funk', '{Trent,Kendall,Vandervort}', 'plant', 'https://loremflickr.com/640/480?lock=5357017826852864', '2024-03-05 07:25:29.116+00', '2024-03-05 07:25:29.116+00'),
(95, 5, 1, 'Leslie Veum', '{Irving,Addison,Hickle}', 'plant', 'https://loremflickr.com/640/480?lock=4443879973584896', '2024-03-05 07:25:29.116+00', '2024-03-05 07:25:29.116+00'),
(96, 5, 2, 'Eva VonRueden', '{Isadore,Sawyer,Durgan}', 'plant', 'https://loremflickr.com/640/480?lock=5680307560775680', '2024-03-05 07:25:29.116+00', '2024-03-05 07:25:29.116+00'),
(97, 7, 3, 'Sarah Mann', '{Jaqueline,Ryan,Kihn}', 'plant', 'https://loremflickr.com/640/480?lock=3112633609748480', '2024-03-05 07:25:29.116+00', '2024-03-05 07:25:29.116+00'),
(98, 7, 3, 'Tamara Cruickshank', '{Loraine,Kyle,Towne}', 'plant', 'https://loremflickr.com/640/480?lock=6975277970227200', '2024-03-05 07:25:29.116+00', '2024-03-05 07:25:29.116+00'),
(99, 1, 4, 'Jane Runte', '{Pink,Leslie,Mertz}', 'plant', 'https://loremflickr.com/640/480?lock=6742508052676608', '2024-03-05 07:25:29.116+00', '2024-03-05 07:25:29.116+00'),
(100, 9, 4, 'Jasmine Murphy', '{Helena,Greer,Hayes}', 'plant', 'https://loremflickr.com/640/480?lock=3692991812206592', '2024-03-05 07:25:29.116+00', '2024-03-05 07:25:29.116+00'),
(101, 1, 1, 'Marty Schmeler-Beahan', '{Bernardo,Ryan,Haag}', 'plant', 'https://loremflickr.com/640/480?lock=2035565857865728', '2024-03-05 07:25:29.132+00', '2024-03-05 07:25:29.132+00'),
(102, 11, 3, 'Clinton White', '{Ralph,Bailey,Hickle}', 'plant', 'https://loremflickr.com/640/480?lock=1471428761223168', '2024-03-05 07:25:29.132+00', '2024-03-05 07:25:29.132+00'),
(103, 9, 4, 'Fredrick Williamson', '{Judge,Jules,Kohler}', 'plant', 'https://loremflickr.com/640/480?lock=1500644108140544', '2024-03-05 07:25:29.132+00', '2024-03-05 07:25:29.132+00'),
(104, 10, 1, 'Roland Stracke', '{Pedro,Anderson,Ferry}', 'plant', 'https://loremflickr.com/640/480?lock=8230408611168256', '2024-03-05 07:25:29.132+00', '2024-03-05 07:25:29.132+00'),
(105, 3, 2, 'Claude Kirlin', '{Sebastian,Kendall,Mertz}', 'plant', 'https://loremflickr.com/640/480?lock=5865204428570624', '2024-03-05 07:25:29.132+00', '2024-03-05 07:25:29.132+00'),
(106, 4, 2, 'Virgil Mohr', '{Oceane,Leslie,Gulgowski}', 'plant', 'https://loremflickr.com/640/480?lock=3007660844646400', '2024-03-05 07:25:29.132+00', '2024-03-05 07:25:29.132+00'),
(107, 1, 1, 'Sam Wisoky', '{Carmella,Reign,Klein}', 'plant', 'https://loremflickr.com/640/480?lock=6917178173423616', '2024-03-05 07:25:29.132+00', '2024-03-05 07:25:29.132+00'),
(108, 12, 1, 'Sophia Kertzmann', '{Khalil,Phoenix,Lang}', 'plant', 'https://loremflickr.com/640/480?lock=8890238074093568', '2024-03-05 07:25:29.133+00', '2024-03-05 07:25:29.133+00'),
(109, 11, 2, 'Agnes Ankunding', '{Aleen,Reese,Kuvalis}', 'plant', 'https://loremflickr.com/640/480?lock=703971352117248', '2024-03-05 07:25:29.133+00', '2024-03-05 07:25:29.133+00'),
(110, 4, 1, 'Dr. Kellie Hane', '{Hannah,Kennedy,Toy-Mueller}', 'plant', 'https://loremflickr.com/640/480?lock=4147532118622208', '2024-03-05 07:25:29.133+00', '2024-03-05 07:25:29.133+00'),
(111, 4, 2, 'Irene Mraz', '{Carolanne,Parker,Dach}', 'plant', 'https://loremflickr.com/640/480?lock=5923939788259328', '2024-03-05 07:25:29.133+00', '2024-03-05 07:25:29.133+00'),
(112, 7, 2, 'Clara Green', '{Beulah,Marlowe,Schaefer}', 'plant', 'https://loremflickr.com/640/480?lock=7800319673106432', '2024-03-05 07:25:29.133+00', '2024-03-05 07:25:29.133+00'),
(113, 12, 4, 'Gertrude Collier', '{Korbin,Rowan,Haley}', 'plant', 'https://loremflickr.com/640/480?lock=8015216124100608', '2024-03-05 07:25:29.133+00', '2024-03-05 07:25:29.133+00'),
(114, 1, 4, 'Scott Carter', '{Gerry,Jaden,Torphy}', 'plant', 'https://loremflickr.com/640/480?lock=3569105965678592', '2024-03-05 07:25:29.133+00', '2024-03-05 07:25:29.133+00'),
(115, 11, 1, 'Mrs. Cecelia Haag', '{Zoila,Shawn,Effertz}', 'plant', 'https://loremflickr.com/640/480?lock=4229600366297088', '2024-03-05 07:25:29.133+00', '2024-03-05 07:25:29.133+00'),
(116, 5, 1, 'Angelo Douglas', '{Laurence,Blake,Zemlak}', 'plant', 'https://loremflickr.com/640/480?lock=8025930951819264', '2024-03-05 07:25:29.133+00', '2024-03-05 07:25:29.133+00'),
(117, 10, 4, 'Juanita Erdman', '{Boyd,Alex,Spencer}', 'plant', 'https://loremflickr.com/640/480?lock=6799068137259008', '2024-03-05 07:25:29.133+00', '2024-03-05 07:25:29.133+00'),
(118, 9, 2, 'Mr. Garrett Romaguera', '{Unique,Kai,Hyatt}', 'plant', 'https://loremflickr.com/640/480?lock=378924106252288', '2024-03-05 07:25:29.133+00', '2024-03-05 07:25:29.133+00'),
(119, 10, 4, 'Michael Ruecker', '{Scotty,Robin,Lindgren}', 'plant', 'https://loremflickr.com/640/480?lock=262990335049728', '2024-03-05 07:25:29.133+00', '2024-03-05 07:25:29.133+00'),
(120, 10, 2, 'Lena O''Conner', '{Amaya,Sage,Osinski}', 'plant', 'https://loremflickr.com/640/480?lock=5886763331485696', '2024-03-05 07:25:29.133+00', '2024-03-05 07:25:29.133+00'),
(121, 3, 1, 'Myron Reinger IV', '{Rowan,Gray,Leannon}', 'plant', 'https://loremflickr.com/640/480?lock=7965691697168384', '2024-03-05 07:25:29.133+00', '2024-03-05 07:25:29.133+00'),
(122, 4, 1, 'Roy Schumm', '{Maida,Ryan,Crooks}', 'plant', 'https://loremflickr.com/640/480?lock=5591542834135040', '2024-03-05 07:25:29.133+00', '2024-03-05 07:25:29.133+00'),
(123, 8, 1, 'Isabel Klocko', '{Raphael,London,Ullrich}', 'plant', 'https://loremflickr.com/640/480?lock=6474888109883392', '2024-03-05 07:25:29.133+00', '2024-03-05 07:25:29.133+00'),
(124, 12, 4, 'Conrad Sanford III', '{Therese,Jordan,Mante}', 'plant', 'https://loremflickr.com/640/480?lock=1982071041949696', '2024-03-05 07:25:29.133+00', '2024-03-05 07:25:29.133+00'),
(125, 12, 4, 'Rodney Nicolas', '{Coby,Austin,Schamberger}', 'plant', 'https://loremflickr.com/640/480?lock=1296116997947392', '2024-03-05 07:25:29.133+00', '2024-03-05 07:25:29.133+00'),
(126, 6, 1, 'Ernest McCullough', '{Harry,Kyle,Bergstrom}', 'plant', 'https://loremflickr.com/640/480?lock=7844661955657728', '2024-03-05 07:25:29.133+00', '2024-03-05 07:25:29.133+00'),
(127, 8, 4, 'Dr. Patsy Krajcik', '{Ken,Avery,King}', 'plant', 'https://loremflickr.com/640/480?lock=1621193736060928', '2024-03-05 07:25:29.133+00', '2024-03-05 07:25:29.133+00'),
(128, 8, 1, 'Maureen Parisian', '{Johnathon,Noah,Corkery}', 'plant', 'https://loremflickr.com/640/480?lock=411255984619520', '2024-03-05 07:25:29.133+00', '2024-03-05 07:25:29.133+00'),
(129, 6, 2, 'Mrs. Kristen Stark', '{Eugenia,Hayden,Ziemann}', 'plant', 'https://loremflickr.com/640/480?lock=6083708404629504', '2024-03-05 07:25:29.133+00', '2024-03-05 07:25:29.133+00'),
(130, 9, 4, 'Lamar Quitzon', '{Eulah,Rory,Schoen}', 'plant', 'https://loremflickr.com/640/480?lock=1873858365751296', '2024-03-05 07:25:29.133+00', '2024-03-05 07:25:29.133+00'),
(131, 3, 1, 'Noah Kshlerin II', '{Edgardo,Marlowe,Kautzer}', 'plant', 'https://loremflickr.com/640/480?lock=1701522234671104', '2024-03-05 07:25:29.133+00', '2024-03-05 07:25:29.133+00'),
(132, 9, 1, 'Laverne Schimmel', '{Jeffrey,Marlowe,Heller}', 'plant', 'https://loremflickr.com/640/480?lock=1197312418250752', '2024-03-05 07:25:29.133+00', '2024-03-05 07:25:29.133+00'),
(133, 5, 4, 'Minnie Kuvalis', '{Stan,London,Buckridge}', 'plant', 'https://loremflickr.com/640/480?lock=2746994548277248', '2024-03-05 07:25:29.133+00', '2024-03-05 07:25:29.133+00'),
(134, 9, 3, 'Dr. Guadalupe Bernier-Cummerata', '{Myrtle,Blake,Bergstrom}', 'plant', 'https://loremflickr.com/640/480?lock=3161667789651968', '2024-03-05 07:25:29.133+00', '2024-03-05 07:25:29.133+00'),
(135, 4, 4, 'Owen Grimes', '{Irving,Jules,Hauck}', 'plant', 'https://loremflickr.com/640/480?lock=5396014632534016', '2024-03-05 07:25:29.133+00', '2024-03-05 07:25:29.133+00'),
(136, 5, 4, 'Hugh Bogan-Murazik', '{Mylene,Bowie,Gorczany}', 'plant', 'https://loremflickr.com/640/480?lock=870609860952064', '2024-03-05 07:25:29.133+00', '2024-03-05 07:25:29.133+00'),
(137, 10, 1, 'Wilfred Lubowitz', '{Damian,Drew,Heaney}', 'plant', 'https://loremflickr.com/640/480?lock=3773153916485632', '2024-03-05 07:25:29.133+00', '2024-03-05 07:25:29.133+00'),
(138, 11, 2, 'Andy Rowe', '{Matteo,Finley,Pouros}', 'plant', 'https://loremflickr.com/640/480?lock=8987979638898688', '2024-03-05 07:25:29.133+00', '2024-03-05 07:25:29.133+00'),
(139, 10, 2, 'Steven Moen', '{Abagail,Dakota,Donnelly}', 'plant', 'https://loremflickr.com/640/480?lock=1146209125269504', '2024-03-05 07:25:29.133+00', '2024-03-05 07:25:29.133+00'),
(140, 7, 2, 'Juanita Dickinson', '{Cole,Austin,Christiansen}', 'plant', 'https://loremflickr.com/640/480?lock=5189334904864768', '2024-03-05 07:25:29.133+00', '2024-03-05 07:25:29.133+00'),
(141, 2, 4, 'Angela Dickinson', '{Minnie,Harper,Kshlerin}', 'plant', 'https://loremflickr.com/640/480?lock=46017594523648', '2024-03-05 07:25:29.133+00', '2024-03-05 07:25:29.133+00'),
(142, 7, 2, 'Tamara Runolfsson', '{Ayla,Bailey,Larson}', 'plant', 'https://loremflickr.com/640/480?lock=5461709533741056', '2024-03-05 07:25:29.133+00', '2024-03-05 07:25:29.133+00'),
(143, 11, 4, 'Jerome O''Conner', '{Willow,James,Turner-Mayer}', 'plant', 'https://loremflickr.com/640/480?lock=618043151482880', '2024-03-05 07:25:29.133+00', '2024-03-05 07:25:29.133+00'),
(144, 4, 3, 'Ignacio Kuvalis', '{Garett,Charlie,Koelpin}', 'plant', 'https://loremflickr.com/640/480?lock=6520473049366528', '2024-03-05 07:25:29.133+00', '2024-03-05 07:25:29.133+00'),
(145, 6, 3, 'Neil Koelpin-Mohr', '{Myron,Finley,Marvin}', 'plant', 'https://loremflickr.com/640/480?lock=1936512650313728', '2024-03-05 07:25:29.133+00', '2024-03-05 07:25:29.133+00'),
(146, 10, 2, 'Mr. Al Hodkiewicz', '{Quentin,Sasha,Terry}', 'plant', 'https://loremflickr.com/640/480?lock=8855353288556544', '2024-03-05 07:25:29.133+00', '2024-03-05 07:25:29.133+00'),
(147, 4, 1, 'Kate Dickinson', '{Marquis,Kennedy,Beahan}', 'plant', 'https://loremflickr.com/640/480?lock=1218715309834240', '2024-03-05 07:25:29.133+00', '2024-03-05 07:25:29.133+00'),
(148, 9, 1, 'Cora Wyman', '{Katlynn,August,Bergstrom}', 'plant', 'https://loremflickr.com/640/480?lock=7305901702643712', '2024-03-05 07:25:29.133+00', '2024-03-05 07:25:29.133+00'),
(149, 9, 4, 'Willis Spinka', '{Lydia,Gray,Howell}', 'plant', 'https://loremflickr.com/640/480?lock=3110756329455616', '2024-03-05 07:25:29.133+00', '2024-03-05 07:25:29.133+00'),
(150, 9, 1, 'Jose Davis', '{Osborne,Micah,Bernhard}', 'plant', 'https://loremflickr.com/640/480?lock=6380880312401920', '2024-03-05 07:25:29.133+00', '2024-03-05 07:25:29.133+00'),
(151, 11, 4, 'Dr. Christie Connelly', '{Clifton,Arden,Wunsch}', 'plant', 'https://loremflickr.com/640/480?lock=6753471443238912', '2024-03-05 07:25:29.133+00', '2024-03-05 07:25:29.133+00'),
(152, 12, 3, 'Steven Rempel', '{Lenora,Bailey,Macejkovic-Terry}', 'plant', 'https://loremflickr.com/640/480?lock=5422514364743680', '2024-03-05 07:25:29.133+00', '2024-03-05 07:25:29.133+00'),
(153, 12, 4, 'Josephine Kovacek', '{Kristian,Jaden,Spencer}', 'plant', 'https://loremflickr.com/640/480?lock=1667184254255104', '2024-03-05 07:25:29.133+00', '2024-03-05 07:25:29.133+00'),
(154, 9, 2, 'Kelvin Koch', '{Sigmund,Kendall,Wehner}', 'plant', 'https://loremflickr.com/640/480?lock=5271456682344448', '2024-03-05 07:25:29.133+00', '2024-03-05 07:25:29.133+00'),
(155, 10, 4, 'Paulette Heaney PhD', '{Sheldon,Anderson,Bergstrom}', 'plant', 'https://loremflickr.com/640/480?lock=8496659495387136', '2024-03-05 07:25:29.133+00', '2024-03-05 07:25:29.133+00'),
(156, 1, 1, 'Faith Bartoletti', '{Willow,Kendall,Volkman}', 'plant', 'https://loremflickr.com/640/480?lock=1156974972502016', '2024-03-05 07:25:29.133+00', '2024-03-05 07:25:29.133+00'),
(157, 1, 4, 'Larry Kemmer', '{Ewell,Ryan,Thompson}', 'plant', 'https://loremflickr.com/640/480?lock=1095626718707712', '2024-03-05 07:25:29.133+00', '2024-03-05 07:25:29.133+00'),
(158, 2, 4, 'Angel Hagenes', '{Marilou,Skyler,Abbott-Green}', 'plant', 'https://loremflickr.com/640/480?lock=8335428060971008', '2024-03-05 07:25:29.133+00', '2024-03-05 07:25:29.133+00'),
(159, 1, 1, 'Margie Erdman PhD', '{Noemie,Leslie,Hackett}', 'plant', 'https://loremflickr.com/640/480?lock=6509298903416832', '2024-03-05 07:25:29.133+00', '2024-03-05 07:25:29.133+00'),
(160, 2, 1, 'Bobbie Stiedemann', '{Carmel,Shiloh,Rosenbaum}', 'plant', 'https://loremflickr.com/640/480?lock=6791109988581376', '2024-03-05 07:25:29.133+00', '2024-03-05 07:25:29.133+00'),
(161, 1, 3, 'Paul Fay', '{Wilhelmine,Skyler,Auer}', 'plant', 'https://loremflickr.com/640/480?lock=8068066164342784', '2024-03-05 07:25:29.133+00', '2024-03-05 07:25:29.133+00'),
(162, 11, 1, 'Wendy Price', '{Nathaniel,Addison,Rice}', 'plant', 'https://loremflickr.com/640/480?lock=5553620726579200', '2024-03-05 07:25:29.133+00', '2024-03-05 07:25:29.133+00'),
(163, 3, 3, 'Susan Stroman-Kohler', '{Kira,Rowan,Pollich}', 'plant', 'https://loremflickr.com/640/480?lock=8049588608958464', '2024-03-05 07:25:29.133+00', '2024-03-05 07:25:29.133+00'),
(164, 8, 4, 'Dr. Ben Towne', '{Israel,Gray,Gulgowski}', 'plant', 'https://loremflickr.com/640/480?lock=2807213351501824', '2024-03-05 07:25:29.133+00', '2024-03-05 07:25:29.133+00'),
(165, 6, 3, 'Miss Brandi O''Hara', '{Guiseppe,Sage,Schaden}', 'plant', 'https://loremflickr.com/640/480?lock=2595933202153472', '2024-03-05 07:25:29.133+00', '2024-03-05 07:25:29.133+00'),
(166, 11, 2, 'Meghan Hettinger', '{Mallie,Charlie,Klein}', 'plant', 'https://loremflickr.com/640/480?lock=2642970253721600', '2024-03-05 07:25:29.133+00', '2024-03-05 07:25:29.133+00'),
(167, 4, 3, 'Jerald Stehr', '{Elmira,August,Raynor}', 'plant', 'https://loremflickr.com/640/480?lock=5424606817026048', '2024-03-05 07:25:29.133+00', '2024-03-05 07:25:29.133+00'),
(168, 11, 1, 'Ms. Yvette Wuckert Jr.', '{Karelle,Jamie,Fadel}', 'plant', 'https://loremflickr.com/640/480?lock=6619424358400000', '2024-03-05 07:25:29.133+00', '2024-03-05 07:25:29.133+00'),
(169, 4, 1, 'Dr. Bridget Koepp', '{Justus,Brooklyn,Kunde}', 'plant', 'https://loremflickr.com/640/480?lock=934735704489984', '2024-03-05 07:25:29.133+00', '2024-03-05 07:25:29.133+00'),
(170, 9, 2, 'Marian Hermann', '{Fern,Rory,Buckridge}', 'plant', 'https://loremflickr.com/640/480?lock=6429062748700672', '2024-03-05 07:25:29.133+00', '2024-03-05 07:25:29.133+00'),
(171, 2, 4, 'Harold Bechtelar', '{Jennie,Marlowe,Gerhold}', 'plant', 'https://loremflickr.com/640/480?lock=7636863462408192', '2024-03-05 07:25:29.133+00', '2024-03-05 07:25:29.133+00'),
(172, 1, 1, 'Mercedes Schiller', '{Savanah,Elliott,Lebsack}', 'plant', 'https://loremflickr.com/640/480?lock=3179766869917696', '2024-03-05 07:25:29.133+00', '2024-03-05 07:25:29.133+00'),
(173, 4, 4, 'Mr. Dwight Brakus', '{Carmine,Marlowe,Mraz}', 'plant', 'https://loremflickr.com/640/480?lock=5218699789205504', '2024-03-05 07:25:29.133+00', '2024-03-05 07:25:29.133+00'),
(174, 6, 4, 'Mrs. Tina Hand', '{Solon,Leslie,Will}', 'plant', 'https://loremflickr.com/640/480?lock=3167046204391424', '2024-03-05 07:25:29.134+00', '2024-03-05 07:25:29.134+00'),
(175, 4, 1, 'Dr. Lynda Koch', '{Lucas,Reese,Grimes}', 'plant', 'https://loremflickr.com/640/480?lock=4333464962727936', '2024-03-05 07:25:29.134+00', '2024-03-05 07:25:29.134+00'),
(176, 7, 4, 'Lucille Heathcote I', '{Alverta,River,Barton}', 'plant', 'https://loremflickr.com/640/480?lock=7553220809326592', '2024-03-05 07:25:29.134+00', '2024-03-05 07:25:29.134+00'),
(177, 11, 4, 'Claire Walsh I', '{Janie,Ryan,VonRueden}', 'plant', 'https://loremflickr.com/640/480?lock=3389588334706688', '2024-03-05 07:25:29.134+00', '2024-03-05 07:25:29.134+00'),
(178, 5, 2, 'Mr. Fred Baumbach', '{Germaine,Dakota,Boehm}', 'plant', 'https://loremflickr.com/640/480?lock=880411957788672', '2024-03-05 07:25:29.134+00', '2024-03-05 07:25:29.134+00'),
(179, 8, 2, 'Alberto Swaniawski', '{Martine,Arden,Prohaska}', 'plant', 'https://loremflickr.com/640/480?lock=659376383721472', '2024-03-05 07:25:29.134+00', '2024-03-05 07:25:29.134+00'),
(180, 12, 2, 'Dr. Adrian Towne Jr.', '{Ryan,Logan,Kunze}', 'plant', 'https://loremflickr.com/640/480?lock=2940100109402112', '2024-03-05 07:25:29.134+00', '2024-03-05 07:25:29.134+00'),
(181, 3, 3, 'Monica Rutherford', '{Loraine,London,Murphy}', 'plant', 'https://loremflickr.com/640/480?lock=3580681305194496', '2024-03-05 07:25:29.134+00', '2024-03-05 07:25:29.134+00'),
(182, 4, 4, 'Earl Boehm', '{Enid,Anderson,Renner}', 'plant', 'https://loremflickr.com/640/480?lock=8973925646073856', '2024-03-05 07:25:29.134+00', '2024-03-05 07:25:29.134+00'),
(183, 1, 2, 'Thelma Haag', '{Luis,Bailey,Roob}', 'plant', 'https://loremflickr.com/640/480?lock=5450798446149632', '2024-03-05 07:25:29.134+00', '2024-03-05 07:25:29.134+00'),
(184, 6, 3, 'Dolores Adams', '{Lexie,Shawn,Jacobson-Harber}', 'plant', 'https://loremflickr.com/640/480?lock=5538002726027264', '2024-03-05 07:25:29.134+00', '2024-03-05 07:25:29.134+00'),
(185, 5, 4, 'Rene Gutmann', '{Gaston,Skyler,Russel-Effertz}', 'plant', 'https://loremflickr.com/640/480?lock=298776552013824', '2024-03-05 07:25:29.134+00', '2024-03-05 07:25:29.134+00'),
(186, 10, 4, 'Alexander Medhurst', '{Marion,August,Larson}', 'plant', 'https://loremflickr.com/640/480?lock=6803038559797248', '2024-03-05 07:25:29.134+00', '2024-03-05 07:25:29.134+00'),
(187, 3, 2, 'Lisa West', '{Linwood,Anderson,Morissette}', 'plant', 'https://loremflickr.com/640/480?lock=3779561758130176', '2024-03-05 07:25:29.134+00', '2024-03-05 07:25:29.134+00'),
(188, 8, 2, 'Robin Ruecker', '{Lucinda,Skyler,Hauck}', 'plant', 'https://loremflickr.com/640/480?lock=2272257718091776', '2024-03-05 07:25:29.134+00', '2024-03-05 07:25:29.134+00'),
(189, 3, 4, 'April Torp', '{Trent,Parker,Jenkins}', 'plant', 'https://loremflickr.com/640/480?lock=1835285717450752', '2024-03-05 07:25:29.134+00', '2024-03-05 07:25:29.134+00'),
(190, 3, 3, 'Jasmine Crist-Armstrong', '{Ozella,Quinn,Lockman}', 'plant', 'https://loremflickr.com/640/480?lock=948907630657536', '2024-03-05 07:25:29.134+00', '2024-03-05 07:25:29.134+00'),
(191, 10, 2, 'Terence Schmitt', '{Queen,Jules,Klein}', 'plant', 'https://loremflickr.com/640/480?lock=3701495132323840', '2024-03-05 07:25:29.134+00', '2024-03-05 07:25:29.134+00'),
(192, 3, 3, 'Terry West Sr.', '{Tracy,Greer,Kub}', 'plant', 'https://loremflickr.com/640/480?lock=5884282832683008', '2024-03-05 07:25:29.134+00', '2024-03-05 07:25:29.134+00'),
(193, 7, 2, 'Gerald Padberg', '{Jeff,Skyler,Bogisich}', 'plant', 'https://loremflickr.com/640/480?lock=7538437877923840', '2024-03-05 07:25:29.134+00', '2024-03-05 07:25:29.134+00');
INSERT INTO "public"."species" ("id", "family_name_id", "native_habitat_id", "name", "common_name", "tag", "image", "created_at", "updated_at") VALUES
(194, 4, 3, 'Max Nicolas', '{Orville,Finley,Williamson}', 'plant', 'https://loremflickr.com/640/480?lock=469490515050496', '2024-03-05 07:25:29.134+00', '2024-03-05 07:25:29.134+00'),
(195, 6, 3, 'Aaron Skiles', '{Amparo,Logan,Schiller}', 'plant', 'https://loremflickr.com/640/480?lock=7447956076625920', '2024-03-05 07:25:29.134+00', '2024-03-05 07:25:29.134+00'),
(196, 2, 3, 'Mr. Darin Kuvalis', '{Elisha,Emerson,D''Amore}', 'plant', 'https://loremflickr.com/640/480?lock=6269291640913920', '2024-03-05 07:25:29.134+00', '2024-03-05 07:25:29.134+00'),
(197, 1, 3, 'Ross Marquardt', '{Chance,Angel,Stehr}', 'plant', 'https://loremflickr.com/640/480?lock=6024452099801088', '2024-03-05 07:25:29.134+00', '2024-03-05 07:25:29.134+00'),
(198, 9, 3, 'Heather Terry', '{Shemar,Kyle,Ebert-Hamill}', 'plant', 'https://loremflickr.com/640/480?lock=506959872655360', '2024-03-05 07:25:29.134+00', '2024-03-05 07:25:29.134+00'),
(199, 3, 3, 'Mr. Johnathan Rosenbaum', '{Cecile,Jordan,McDermott}', 'plant', 'https://loremflickr.com/640/480?lock=6561173323382784', '2024-03-05 07:25:29.134+00', '2024-03-05 07:25:29.134+00'),
(200, 1, 2, 'Katherine Hills', '{Elmo,Cameron,Kemmer}', 'plant', 'https://loremflickr.com/640/480?lock=7114242484338688', '2024-03-05 07:25:29.134+00', '2024-03-05 07:25:29.134+00'),
(201, 8, 2, 'Miguel Lind-Lindgren', '{Erling,Reagan,Veum}', 'plant', 'https://loremflickr.com/640/480?lock=4003395109126144', '2024-03-05 07:25:29.144+00', '2024-03-05 07:25:29.144+00'),
(202, 4, 2, 'Jimmie Frami', '{Santina,Bailey,Howe}', 'plant', 'https://loremflickr.com/640/480?lock=3573466213122048', '2024-03-05 07:25:29.144+00', '2024-03-05 07:25:29.144+00'),
(203, 4, 2, 'Ryan Abernathy', '{Lexus,River,Ebert}', 'plant', 'https://loremflickr.com/640/480?lock=6355310964899840', '2024-03-05 07:25:29.144+00', '2024-03-05 07:25:29.144+00'),
(204, 10, 3, 'Dr. Russell Moore', '{Sadie,Bailey,Blanda}', 'plant', 'https://loremflickr.com/640/480?lock=8445755928870912', '2024-03-05 07:25:29.144+00', '2024-03-05 07:25:29.144+00'),
(205, 5, 2, 'Sophie Mueller', '{Vernie,Blake,Simonis}', 'plant', 'https://loremflickr.com/640/480?lock=137008133439488', '2024-03-05 07:25:29.144+00', '2024-03-05 07:25:29.144+00'),
(206, 7, 4, 'Sandy Bogisich', '{Marion,Quinn,Steuber}', 'plant', 'https://loremflickr.com/640/480?lock=7514486149742592', '2024-03-05 07:25:29.144+00', '2024-03-05 07:25:29.144+00'),
(207, 12, 2, 'Latoya Schultz', '{Myrtle,Hayden,Fritsch}', 'plant', 'https://loremflickr.com/640/480?lock=8657989957320704', '2024-03-05 07:25:29.144+00', '2024-03-05 07:25:29.144+00'),
(208, 6, 3, 'Marion Dare', '{Emelie,Rowan,Hamill}', 'plant', 'https://loremflickr.com/640/480?lock=7720950514581504', '2024-03-05 07:25:29.144+00', '2024-03-05 07:25:29.144+00'),
(209, 2, 2, 'Francis Farrell', '{Norbert,Skyler,Schimmel}', 'plant', 'https://loremflickr.com/640/480?lock=1218163549143040', '2024-03-05 07:25:29.144+00', '2024-03-05 07:25:29.144+00'),
(210, 4, 1, 'Mr. Lorenzo Tromp', '{Ernest,Austin,Erdman}', 'plant', 'https://loremflickr.com/640/480?lock=2099633480269824', '2024-03-05 07:25:29.144+00', '2024-03-05 07:25:29.144+00'),
(211, 7, 2, 'Dan Cremin', '{Mireille,Skyler,Kris}', 'plant', 'https://loremflickr.com/640/480?lock=5287748808212480', '2024-03-05 07:25:29.144+00', '2024-03-05 07:25:29.144+00'),
(212, 9, 1, 'Kristi Mills', '{Mitchell,Brooklyn,MacGyver}', 'plant', 'https://loremflickr.com/640/480?lock=4231657414459392', '2024-03-05 07:25:29.144+00', '2024-03-05 07:25:29.144+00'),
(213, 6, 2, 'Vicky Keebler', '{Kayley,Parker,Doyle}', 'plant', 'https://loremflickr.com/640/480?lock=7252405970272256', '2024-03-05 07:25:29.144+00', '2024-03-05 07:25:29.144+00'),
(214, 9, 1, 'Eula Huels', '{Luna,Reign,Gibson}', 'plant', 'https://loremflickr.com/640/480?lock=3460477919166464', '2024-03-05 07:25:29.144+00', '2024-03-05 07:25:29.144+00'),
(215, 12, 2, 'Audrey Nader', '{Talia,Shawn,Mills}', 'plant', 'https://loremflickr.com/640/480?lock=8226508315295744', '2024-03-05 07:25:29.144+00', '2024-03-05 07:25:29.144+00'),
(216, 8, 3, 'Naomi Hahn', '{Edmund,Charlie,Lehner}', 'plant', 'https://loremflickr.com/640/480?lock=2708411493908480', '2024-03-05 07:25:29.144+00', '2024-03-05 07:25:29.144+00'),
(217, 5, 2, 'Marion Rutherford', '{Kennedy,Riley,Brekke}', 'plant', 'https://loremflickr.com/640/480?lock=471320808652800', '2024-03-05 07:25:29.144+00', '2024-03-05 07:25:29.144+00'),
(218, 2, 2, 'Dr. Lance Brown', '{Rusty,Harper,Green}', 'plant', 'https://loremflickr.com/640/480?lock=8220117036957696', '2024-03-05 07:25:29.144+00', '2024-03-05 07:25:29.144+00'),
(219, 11, 1, 'Nicholas Padberg', '{Rubye,Kai,Bechtelar}', 'plant', 'https://loremflickr.com/640/480?lock=7068486488555520', '2024-03-05 07:25:29.144+00', '2024-03-05 07:25:29.144+00'),
(220, 8, 2, 'Jermaine Johnston', '{Andres,Sasha,Gibson}', 'plant', 'https://loremflickr.com/640/480?lock=6420425472999424', '2024-03-05 07:25:29.144+00', '2024-03-05 07:25:29.144+00'),
(221, 9, 4, 'Reginald Towne', '{Abner,Addison,Reichert}', 'plant', 'https://loremflickr.com/640/480?lock=2897750312091648', '2024-03-05 07:25:29.144+00', '2024-03-05 07:25:29.144+00'),
(222, 3, 3, 'Leah Pagac', '{Gayle,Anderson,Bogan}', 'plant', 'https://loremflickr.com/640/480?lock=5270921942138880', '2024-03-05 07:25:29.144+00', '2024-03-05 07:25:29.144+00'),
(223, 6, 1, 'Ellen Bechtelar', '{Wilmer,North,Buckridge}', 'plant', 'https://loremflickr.com/640/480?lock=7309125505515520', '2024-03-05 07:25:29.144+00', '2024-03-05 07:25:29.144+00'),
(224, 10, 3, 'Andrew Kilback PhD', '{Columbus,Kyle,Spencer}', 'plant', 'https://loremflickr.com/640/480?lock=7976608283492352', '2024-03-05 07:25:29.144+00', '2024-03-05 07:25:29.144+00'),
(225, 4, 1, 'Mr. Lamar O''Conner', '{Fernando,Skyler,Anderson}', 'plant', 'https://loremflickr.com/640/480?lock=6958541480919040', '2024-03-05 07:25:29.144+00', '2024-03-05 07:25:29.144+00'),
(226, 1, 4, 'Gwendolyn Parker', '{Rex,Gray,Carroll-Gutmann}', 'plant', 'https://loremflickr.com/640/480?lock=1996294277038080', '2024-03-05 07:25:29.144+00', '2024-03-05 07:25:29.144+00'),
(227, 11, 4, 'Dr. Nicolas Farrell', '{Lue,Finley,Breitenberg}', 'plant', 'https://loremflickr.com/640/480?lock=6045752824430592', '2024-03-05 07:25:29.144+00', '2024-03-05 07:25:29.144+00'),
(228, 9, 2, 'Luke Torphy', '{Antonina,Skyler,Langosh}', 'plant', 'https://loremflickr.com/640/480?lock=7699734917545984', '2024-03-05 07:25:29.144+00', '2024-03-05 07:25:29.144+00'),
(229, 1, 4, 'Carole Corkery', '{Vincent,Avery,Lubowitz}', 'plant', 'https://loremflickr.com/640/480?lock=280665784320000', '2024-03-05 07:25:29.144+00', '2024-03-05 07:25:29.144+00'),
(230, 7, 3, 'Mr. Doyle Trantow', '{Devante,August,Homenick}', 'plant', 'https://loremflickr.com/640/480?lock=482639368683520', '2024-03-05 07:25:29.144+00', '2024-03-05 07:25:29.144+00'),
(231, 5, 1, 'Michelle Dare', '{Coby,Bowie,Cummerata}', 'plant', 'https://loremflickr.com/640/480?lock=7878210060550144', '2024-03-05 07:25:29.144+00', '2024-03-05 07:25:29.144+00'),
(232, 2, 1, 'Duane Effertz-Zieme', '{Lorine,Jules,Roob}', 'plant', 'https://loremflickr.com/640/480?lock=8549076150779904', '2024-03-05 07:25:29.144+00', '2024-03-05 07:25:29.144+00'),
(233, 7, 4, 'Sophie Gutmann Jr.', '{Trey,Robin,Lynch-Wisoky}', 'plant', 'https://loremflickr.com/640/480?lock=3534400109150208', '2024-03-05 07:25:29.144+00', '2024-03-05 07:25:29.144+00'),
(234, 3, 4, 'Marcos O''Keefe MD', '{Christopher,Reagan,Schamberger}', 'plant', 'https://loremflickr.com/640/480?lock=2371302113411072', '2024-03-05 07:25:29.144+00', '2024-03-05 07:25:29.144+00'),
(235, 4, 4, 'Felipe Bayer', '{Dewayne,Shawn,Pfeffer}', 'plant', 'https://loremflickr.com/640/480?lock=1990165251751936', '2024-03-05 07:25:29.144+00', '2024-03-05 07:25:29.144+00'),
(236, 10, 3, 'Guadalupe Lind', '{Norris,Blake,Ward-Cummerata}', 'plant', 'https://loremflickr.com/640/480?lock=7560415349309440', '2024-03-05 07:25:29.144+00', '2024-03-05 07:25:29.144+00'),
(237, 2, 3, 'Sergio Rau', '{Payton,Leslie,Schmitt}', 'plant', 'https://loremflickr.com/640/480?lock=269376223707136', '2024-03-05 07:25:29.144+00', '2024-03-05 07:25:29.144+00'),
(238, 7, 2, 'Miriam Lang', '{Eleanora,Shawn,Jacobi}', 'plant', 'https://loremflickr.com/640/480?lock=372558545289216', '2024-03-05 07:25:29.144+00', '2024-03-05 07:25:29.144+00'),
(239, 9, 2, 'Saul Haag', '{Vincenza,Quinn,Wuckert}', 'plant', 'https://loremflickr.com/640/480?lock=4625007003041792', '2024-03-05 07:25:29.144+00', '2024-03-05 07:25:29.144+00'),
(240, 10, 2, 'Maggie Crooks', '{Kameron,Hayden,Heaney}', 'plant', 'https://loremflickr.com/640/480?lock=4534794916462592', '2024-03-05 07:25:29.144+00', '2024-03-05 07:25:29.144+00'),
(241, 9, 1, 'Dr. Emilio Bayer-Lehner', '{George,Anderson,Satterfield}', 'plant', 'https://loremflickr.com/640/480?lock=4666385701535744', '2024-03-05 07:25:29.144+00', '2024-03-05 07:25:29.144+00'),
(242, 6, 2, 'Sabrina Jones', '{Tabitha,Gray,Schaefer}', 'plant', 'https://loremflickr.com/640/480?lock=4537289520709632', '2024-03-05 07:25:29.144+00', '2024-03-05 07:25:29.144+00'),
(243, 5, 1, 'Miss Joanne West', '{Wilhelm,Avery,McLaughlin}', 'plant', 'https://loremflickr.com/640/480?lock=6762570071408640', '2024-03-05 07:25:29.144+00', '2024-03-05 07:25:29.144+00'),
(244, 7, 1, 'Lynette Reichel', '{Mertie,Bowie,Deckow}', 'plant', 'https://loremflickr.com/640/480?lock=5278967915347968', '2024-03-05 07:25:29.144+00', '2024-03-05 07:25:29.144+00'),
(245, 3, 3, 'Perry D''Amore-Bashirian DVM', '{Grady,Blake,Hamill}', 'plant', 'https://loremflickr.com/640/480?lock=3980476538683392', '2024-03-05 07:25:29.144+00', '2024-03-05 07:25:29.144+00'),
(246, 10, 1, 'Devin D''Amore DDS', '{Kayden,Jamie,Pacocha}', 'plant', 'https://loremflickr.com/640/480?lock=2221217008320512', '2024-03-05 07:25:29.144+00', '2024-03-05 07:25:29.144+00'),
(247, 4, 2, 'Nellie Franecki-O''Kon', '{Nia,Angel,Wilderman}', 'plant', 'https://loremflickr.com/640/480?lock=3709554619580416', '2024-03-05 07:25:29.144+00', '2024-03-05 07:25:29.144+00'),
(248, 2, 4, 'Jim Bergstrom', '{Dulce,Shiloh,Emard}', 'plant', 'https://loremflickr.com/640/480?lock=5235846785531904', '2024-03-05 07:25:29.144+00', '2024-03-05 07:25:29.144+00'),
(249, 8, 2, 'Fred Kutch-Schmitt', '{Magdalen,Gray,Bogisich}', 'plant', 'https://loremflickr.com/640/480?lock=3035193810092032', '2024-03-05 07:25:29.144+00', '2024-03-05 07:25:29.144+00'),
(250, 5, 4, 'Saul Hansen', '{Rylan,Greer,Lesch}', 'plant', 'https://loremflickr.com/640/480?lock=5738342423461888', '2024-03-05 07:25:29.144+00', '2024-03-05 07:25:29.144+00'),
(251, 7, 4, 'Dr. Manuel Donnelly', '{Jocelyn,Leslie,Deckow}', 'plant', 'https://loremflickr.com/640/480?lock=5364475903344640', '2024-03-05 07:25:29.145+00', '2024-03-05 07:25:29.145+00'),
(252, 7, 2, 'Loren Prohaska', '{Jeremy,Phoenix,Kertzmann}', 'plant', 'https://loremflickr.com/640/480?lock=1564579895181312', '2024-03-05 07:25:29.145+00', '2024-03-05 07:25:29.145+00'),
(253, 7, 2, 'Janice Rohan', '{Darion,Drew,Gleason}', 'plant', 'https://loremflickr.com/640/480?lock=1750856321990656', '2024-03-05 07:25:29.145+00', '2024-03-05 07:25:29.145+00'),
(254, 6, 4, 'Roman Moore Sr.', '{Fae,Shawn,Nikolaus}', 'plant', 'https://loremflickr.com/640/480?lock=1539948043829248', '2024-03-05 07:25:29.145+00', '2024-03-05 07:25:29.145+00'),
(255, 10, 4, 'Robyn Feest', '{Geo,Parker,Frami}', 'plant', 'https://loremflickr.com/640/480?lock=1725021498114048', '2024-03-05 07:25:29.145+00', '2024-03-05 07:25:29.145+00'),
(256, 9, 4, 'Edith Paucek', '{Clementine,Nico,Bergstrom}', 'plant', 'https://loremflickr.com/640/480?lock=3797116757475328', '2024-03-05 07:25:29.145+00', '2024-03-05 07:25:29.145+00'),
(257, 3, 2, 'Adrian Schimmel', '{Kim,Drew,Howe}', 'plant', 'https://loremflickr.com/640/480?lock=1717376133365760', '2024-03-05 07:25:29.145+00', '2024-03-05 07:25:29.145+00'),
(258, 8, 4, 'Preston Maggio', '{Chanelle,Cameron,Funk}', 'plant', 'https://loremflickr.com/640/480?lock=1370874789756928', '2024-03-05 07:25:29.145+00', '2024-03-05 07:25:29.145+00'),
(259, 10, 1, 'Dwayne Greenholt Jr.', '{Olga,Billie,Williamson}', 'plant', 'https://loremflickr.com/640/480?lock=6864417591394304', '2024-03-05 07:25:29.145+00', '2024-03-05 07:25:29.145+00'),
(260, 7, 3, 'Hector Kertzmann', '{Marcia,Reagan,Ruecker}', 'plant', 'https://loremflickr.com/640/480?lock=6626012114714624', '2024-03-05 07:25:29.145+00', '2024-03-05 07:25:29.145+00'),
(261, 4, 4, 'Dr. Craig Graham Sr.', '{Jeffrey,London,Mohr}', 'plant', 'https://loremflickr.com/640/480?lock=5227808634699776', '2024-03-05 07:25:29.145+00', '2024-03-05 07:25:29.145+00'),
(262, 1, 4, 'Amos Kshlerin', '{Albina,Anderson,Hodkiewicz}', 'plant', 'https://loremflickr.com/640/480?lock=6383502872281088', '2024-03-05 07:25:29.145+00', '2024-03-05 07:25:29.145+00'),
(263, 4, 2, 'Darin Kilback', '{Burnice,Corey,Collier}', 'plant', 'https://loremflickr.com/640/480?lock=1336011793629184', '2024-03-05 07:25:29.145+00', '2024-03-05 07:25:29.145+00'),
(264, 2, 1, 'Misty Stroman', '{Jaleel,Leslie,Kunde}', 'plant', 'https://loremflickr.com/640/480?lock=3673738757275648', '2024-03-05 07:25:29.145+00', '2024-03-05 07:25:29.145+00'),
(265, 8, 3, 'Jan Turner', '{Adrien,Riley,Purdy}', 'plant', 'https://loremflickr.com/640/480?lock=8660706981314560', '2024-03-05 07:25:29.145+00', '2024-03-05 07:25:29.145+00'),
(266, 1, 4, 'Isaac Welch', '{Wilhelmine,Phoenix,Lueilwitz}', 'plant', 'https://loremflickr.com/640/480?lock=6893408220086272', '2024-03-05 07:25:29.145+00', '2024-03-05 07:25:29.145+00'),
(267, 8, 2, 'Darla Roberts DDS', '{Amanda,Corey,Treutel}', 'plant', 'https://loremflickr.com/640/480?lock=719752890679296', '2024-03-05 07:25:29.145+00', '2024-03-05 07:25:29.145+00'),
(268, 2, 1, 'Crystal Hegmann', '{Shawn,Reign,Howell}', 'plant', 'https://loremflickr.com/640/480?lock=8678178203631616', '2024-03-05 07:25:29.145+00', '2024-03-05 07:25:29.145+00'),
(269, 3, 4, 'Hugh Russel', '{Noemie,Hayden,Koss}', 'plant', 'https://loremflickr.com/640/480?lock=8583967716409344', '2024-03-05 07:25:29.145+00', '2024-03-05 07:25:29.145+00'),
(270, 4, 2, 'Fred Schowalter', '{Hank,Reign,Corkery}', 'plant', 'https://loremflickr.com/640/480?lock=5842443144527872', '2024-03-05 07:25:29.145+00', '2024-03-05 07:25:29.145+00'),
(271, 8, 2, 'Eunice Lind', '{Katelynn,Drew,Bailey}', 'plant', 'https://loremflickr.com/640/480?lock=575286965960704', '2024-03-05 07:25:29.145+00', '2024-03-05 07:25:29.145+00'),
(272, 4, 1, 'Morris Heathcote IV', '{Brianne,Austin,Bechtelar}', 'plant', 'https://loremflickr.com/640/480?lock=167491416358912', '2024-03-05 07:25:29.145+00', '2024-03-05 07:25:29.145+00'),
(273, 11, 4, 'Allison Douglas', '{Lauretta,Brooklyn,Lowe}', 'plant', 'https://loremflickr.com/640/480?lock=1403721307127808', '2024-03-05 07:25:29.146+00', '2024-03-05 07:25:29.146+00'),
(274, 5, 2, 'Carroll Stark Jr.', '{Carlie,Nico,Mayer}', 'plant', 'https://loremflickr.com/640/480?lock=2037614477574144', '2024-03-05 07:25:29.146+00', '2024-03-05 07:25:29.146+00'),
(275, 1, 3, 'Lionel Ledner', '{Charity,Drew,Satterfield}', 'plant', 'https://loremflickr.com/640/480?lock=8990868750991360', '2024-03-05 07:25:29.146+00', '2024-03-05 07:25:29.146+00'),
(276, 1, 3, 'Fredrick Lueilwitz', '{Roger,Bowie,Quigley}', 'plant', 'https://loremflickr.com/640/480?lock=1815087266398208', '2024-03-05 07:25:29.146+00', '2024-03-05 07:25:29.146+00'),
(277, 1, 1, 'Annie Prohaska', '{Sidney,Robin,Crist}', 'plant', 'https://loremflickr.com/640/480?lock=3413500334440448', '2024-03-05 07:25:29.146+00', '2024-03-05 07:25:29.146+00'),
(278, 4, 4, 'Randolph Rosenbaum-Boyle', '{Carmel,Blake,Kilback}', 'plant', 'https://loremflickr.com/640/480?lock=5566894557888512', '2024-03-05 07:25:29.146+00', '2024-03-05 07:25:29.146+00'),
(279, 2, 1, 'Charlie Casper', '{Hugh,Dakota,Ziemann}', 'plant', 'https://loremflickr.com/640/480?lock=3229266183454720', '2024-03-05 07:25:29.146+00', '2024-03-05 07:25:29.146+00'),
(280, 6, 1, 'Eugene Reynolds', '{Sophie,Blake,Stark}', 'plant', 'https://loremflickr.com/640/480?lock=4559614471307264', '2024-03-05 07:25:29.146+00', '2024-03-05 07:25:29.146+00'),
(281, 2, 2, 'Maria Gorczany', '{Jamarcus,Marlowe,Walsh}', 'plant', 'https://loremflickr.com/640/480?lock=3897312053035008', '2024-03-05 07:25:29.146+00', '2024-03-05 07:25:29.146+00'),
(282, 9, 2, 'Rene Mills', '{Christy,Jaden,Greenholt}', 'plant', 'https://loremflickr.com/640/480?lock=7130645461467136', '2024-03-05 07:25:29.146+00', '2024-03-05 07:25:29.146+00'),
(283, 8, 2, 'Juanita Bernhard', '{Carrie,Alex,Purdy}', 'plant', 'https://loremflickr.com/640/480?lock=7848650545823744', '2024-03-05 07:25:29.146+00', '2024-03-05 07:25:29.146+00'),
(284, 7, 3, 'Virginia Sauer', '{Santos,Rowan,Jaskolski}', 'plant', 'https://loremflickr.com/640/480?lock=1375091094978560', '2024-03-05 07:25:29.146+00', '2024-03-05 07:25:29.146+00'),
(285, 7, 4, 'Arturo Kassulke', '{Adolph,Parker,Oberbrunner}', 'plant', 'https://loremflickr.com/640/480?lock=6176445260890112', '2024-03-05 07:25:29.146+00', '2024-03-05 07:25:29.146+00'),
(286, 12, 3, 'Brandi Kautzer', '{Humberto,Rowan,Weimann}', 'plant', 'https://loremflickr.com/640/480?lock=4848893875453952', '2024-03-05 07:25:29.146+00', '2024-03-05 07:25:29.146+00'),
(287, 6, 2, 'Jake Lang', '{Anabel,Jaden,Goldner}', 'plant', 'https://loremflickr.com/640/480?lock=5139598489419776', '2024-03-05 07:25:29.146+00', '2024-03-05 07:25:29.146+00'),
(288, 10, 4, 'Casey Hermiston DDS', '{Shayna,Dakota,Labadie}', 'plant', 'https://loremflickr.com/640/480?lock=1660899699982336', '2024-03-05 07:25:29.146+00', '2024-03-05 07:25:29.146+00'),
(289, 6, 3, 'Martha Langosh-Swift V', '{Godfrey,Reagan,Crooks}', 'plant', 'https://loremflickr.com/640/480?lock=3116557169328128', '2024-03-05 07:25:29.146+00', '2024-03-05 07:25:29.146+00'),
(290, 12, 4, 'Hector Stanton I', '{Charlotte,Leslie,Waters}', 'plant', 'https://loremflickr.com/640/480?lock=2556336560668672', '2024-03-05 07:25:29.146+00', '2024-03-05 07:25:29.146+00'),
(291, 4, 3, 'Chester Mayer', '{Bud,Rowan,Bosco}', 'plant', 'https://loremflickr.com/640/480?lock=173893578915840', '2024-03-05 07:25:29.146+00', '2024-03-05 07:25:29.146+00'),
(292, 4, 3, 'Mattie Stoltenberg', '{Kaia,Jordan,DuBuque}', 'plant', 'https://loremflickr.com/640/480?lock=1045568681934848', '2024-03-05 07:25:29.146+00', '2024-03-05 07:25:29.146+00'),
(293, 1, 2, 'Hugh Grimes MD', '{Ramiro,Phoenix,Labadie}', 'plant', 'https://loremflickr.com/640/480?lock=2838269576347648', '2024-03-05 07:25:29.146+00', '2024-03-05 07:25:29.146+00'),
(294, 6, 2, 'Carla Rempel', '{Cornell,Kyle,Kozey}', 'plant', 'https://loremflickr.com/640/480?lock=4600600671027200', '2024-03-05 07:25:29.146+00', '2024-03-05 07:25:29.146+00'),
(295, 2, 2, 'Dr. Jonathon Stark-Gorczany', '{Maiya,Phoenix,Wyman}', 'plant', 'https://loremflickr.com/640/480?lock=5168605865967616', '2024-03-05 07:25:29.146+00', '2024-03-05 07:25:29.146+00'),
(296, 12, 4, 'Adrian Hodkiewicz PhD', '{Jaylan,Austin,Kutch}', 'plant', 'https://loremflickr.com/640/480?lock=3629298875367424', '2024-03-05 07:25:29.146+00', '2024-03-05 07:25:29.146+00'),
(297, 10, 4, 'Louise Botsford', '{Alan,Rowan,Marquardt}', 'plant', 'https://loremflickr.com/640/480?lock=7201139594362880', '2024-03-05 07:25:29.146+00', '2024-03-05 07:25:29.146+00'),
(298, 12, 3, 'Mr. Marshall Hyatt', '{Roscoe,Ryan,Senger}', 'plant', 'https://loremflickr.com/640/480?lock=2162472920285184', '2024-03-05 07:25:29.146+00', '2024-03-05 07:25:29.146+00'),
(299, 2, 1, 'Stephen Koch', '{Antonetta,Bowie,Klocko}', 'plant', 'https://loremflickr.com/640/480?lock=5382323723829248', '2024-03-05 07:25:29.146+00', '2024-03-05 07:25:29.146+00'),
(300, 8, 2, 'Omar Schulist', '{Guillermo,Kennedy,Wyman}', 'plant', 'https://loremflickr.com/640/480?lock=7076222481727488', '2024-03-05 07:25:29.146+00', '2024-03-05 07:25:29.146+00'),
(301, 11, 2, 'Beverly Waelchi', '{Jeramie,Bailey,Yundt}', 'plant', 'https://loremflickr.com/640/480?lock=581695524831232', '2024-03-05 07:25:29.153+00', '2024-03-05 07:25:29.153+00'),
(302, 6, 4, 'Victor Wisozk', '{Stan,River,Koss}', 'plant', 'https://loremflickr.com/640/480?lock=26627895459840', '2024-03-05 07:25:29.153+00', '2024-03-05 07:25:29.153+00'),
(303, 5, 3, 'Randy Boyle', '{Shania,Noah,Pfannerstill}', 'plant', 'https://loremflickr.com/640/480?lock=4550602631675904', '2024-03-05 07:25:29.153+00', '2024-03-05 07:25:29.153+00'),
(304, 10, 2, 'Grant Stokes', '{George,Bowie,Olson}', 'plant', 'https://loremflickr.com/640/480?lock=2586106916765696', '2024-03-05 07:25:29.153+00', '2024-03-05 07:25:29.153+00'),
(305, 8, 4, 'Courtney Weimann', '{Dasia,River,Hudson}', 'plant', 'https://loremflickr.com/640/480?lock=324548272586752', '2024-03-05 07:25:29.153+00', '2024-03-05 07:25:29.153+00'),
(306, 3, 3, 'Vicky Gislason', '{Willard,Marlowe,Wiza}', 'plant', 'https://loremflickr.com/640/480?lock=9005964183207936', '2024-03-05 07:25:29.153+00', '2024-03-05 07:25:29.153+00'),
(307, 5, 1, 'Kara Parker DVM', '{Dorothea,Blake,Stracke}', 'plant', 'https://loremflickr.com/640/480?lock=5217013515419648', '2024-03-05 07:25:29.153+00', '2024-03-05 07:25:29.153+00'),
(308, 4, 1, 'Jaime Buckridge', '{Kieran,Addison,Blick}', 'plant', 'https://loremflickr.com/640/480?lock=5406152061878272', '2024-03-05 07:25:29.153+00', '2024-03-05 07:25:29.153+00'),
(309, 12, 1, 'Moses Aufderhar', '{Estella,Skyler,Jones}', 'plant', 'https://loremflickr.com/640/480?lock=1841071103410176', '2024-03-05 07:25:29.153+00', '2024-03-05 07:25:29.153+00'),
(310, 4, 2, 'Marshall Dare', '{Brandt,Skyler,Leannon}', 'plant', 'https://loremflickr.com/640/480?lock=8311389141598208', '2024-03-05 07:25:29.153+00', '2024-03-05 07:25:29.153+00'),
(311, 12, 3, 'Dr. Ronnie Orn', '{Alexane,Sawyer,Sawayn}', 'plant', 'https://loremflickr.com/640/480?lock=1170743492608', '2024-03-05 07:25:29.153+00', '2024-03-05 07:25:29.153+00'),
(312, 4, 4, 'Samuel Fadel-Hansen', '{Anissa,August,Swaniawski}', 'plant', 'https://loremflickr.com/640/480?lock=5543225550962688', '2024-03-05 07:25:29.153+00', '2024-03-05 07:25:29.153+00'),
(313, 3, 4, 'Mr. Claude Cruickshank', '{Katlynn,Nico,Nienow}', 'plant', 'https://loremflickr.com/640/480?lock=401704765882368', '2024-03-05 07:25:29.153+00', '2024-03-05 07:25:29.153+00'),
(314, 5, 1, 'Mr. Seth Schaefer-Ritchie', '{Avis,Quinn,Stracke}', 'plant', 'https://loremflickr.com/640/480?lock=7814363507326976', '2024-03-05 07:25:29.153+00', '2024-03-05 07:25:29.153+00'),
(315, 11, 1, 'Ray Kshlerin', '{Vincenza,Addison,Toy}', 'plant', 'https://loremflickr.com/640/480?lock=6414664112013312', '2024-03-05 07:25:29.153+00', '2024-03-05 07:25:29.153+00'),
(316, 10, 3, 'Jeanne Ziemann', '{Ofelia,Arden,Walsh-O''Connell}', 'plant', 'https://loremflickr.com/640/480?lock=2634807423008768', '2024-03-05 07:25:29.153+00', '2024-03-05 07:25:29.153+00'),
(317, 4, 3, 'Traci Deckow', '{Libby,Jordan,Schamberger}', 'plant', 'https://loremflickr.com/640/480?lock=306075087667200', '2024-03-05 07:25:29.153+00', '2024-03-05 07:25:29.153+00'),
(318, 2, 1, 'Georgia Feest IV', '{Daron,Rowan,Leffler}', 'plant', 'https://loremflickr.com/640/480?lock=4394160089989120', '2024-03-05 07:25:29.153+00', '2024-03-05 07:25:29.153+00'),
(319, 8, 4, 'Irving Block II', '{Thaddeus,Sage,Daniel}', 'plant', 'https://loremflickr.com/640/480?lock=26144076201984', '2024-03-05 07:25:29.153+00', '2024-03-05 07:25:29.153+00'),
(320, 6, 3, 'Don Hyatt', '{Alexanne,Cameron,Haley}', 'plant', 'https://loremflickr.com/640/480?lock=3663846904430592', '2024-03-05 07:25:29.153+00', '2024-03-05 07:25:29.153+00'),
(321, 5, 3, 'Elijah Dicki', '{Isaac,Logan,Tillman}', 'plant', 'https://loremflickr.com/640/480?lock=3235528069611520', '2024-03-05 07:25:29.153+00', '2024-03-05 07:25:29.153+00'),
(322, 1, 4, 'Dora Tillman', '{Peter,Ryan,Denesik}', 'plant', 'https://loremflickr.com/640/480?lock=2732682626727936', '2024-03-05 07:25:29.153+00', '2024-03-05 07:25:29.153+00'),
(323, 9, 4, 'Ernestine Trantow', '{Kelly,Sawyer,McCullough}', 'plant', 'https://loremflickr.com/640/480?lock=5430384288333824', '2024-03-05 07:25:29.153+00', '2024-03-05 07:25:29.153+00'),
(324, 12, 4, 'Sabrina Barton MD', '{Aida,Harper,Cormier}', 'plant', 'https://loremflickr.com/640/480?lock=312609865728000', '2024-03-05 07:25:29.153+00', '2024-03-05 07:25:29.153+00'),
(325, 11, 4, 'Janet Ledner-Keebler', '{Samson,Skyler,Rowe}', 'plant', 'https://loremflickr.com/640/480?lock=7965450694557696', '2024-03-05 07:25:29.153+00', '2024-03-05 07:25:29.153+00'),
(326, 7, 1, 'Kim Windler DVM', '{Edgardo,Elliott,Bauch}', 'plant', 'https://loremflickr.com/640/480?lock=341745399234560', '2024-03-05 07:25:29.153+00', '2024-03-05 07:25:29.153+00'),
(327, 10, 1, 'Ora Kessler-Jacobi', '{Karina,Sawyer,Hintz}', 'plant', 'https://loremflickr.com/640/480?lock=7636001119797248', '2024-03-05 07:25:29.153+00', '2024-03-05 07:25:29.153+00'),
(328, 7, 3, 'Saul Dach', '{Kelton,Taylor,Tillman}', 'plant', 'https://loremflickr.com/640/480?lock=1429115112521728', '2024-03-05 07:25:29.153+00', '2024-03-05 07:25:29.153+00'),
(329, 9, 2, 'Robert Pagac', '{Hilbert,Hayden,Bosco-D''Amore}', 'plant', 'https://loremflickr.com/640/480?lock=1121032417050624', '2024-03-05 07:25:29.153+00', '2024-03-05 07:25:29.153+00'),
(330, 8, 1, 'Bertha Dooley', '{Mckayla,Anderson,Prohaska}', 'plant', 'https://loremflickr.com/640/480?lock=4702966386786304', '2024-03-05 07:25:29.153+00', '2024-03-05 07:25:29.153+00'),
(331, 2, 1, 'Dr. Tonya Walker', '{America,Anderson,Becker}', 'plant', 'https://loremflickr.com/640/480?lock=807993528549376', '2024-03-05 07:25:29.153+00', '2024-03-05 07:25:29.153+00'),
(332, 10, 2, 'Katie Mitchell', '{Katlynn,Kennedy,Labadie}', 'plant', 'https://loremflickr.com/640/480?lock=7929395515752448', '2024-03-05 07:25:29.153+00', '2024-03-05 07:25:29.153+00'),
(333, 4, 3, 'Natalie Parker', '{Rahsaan,Brooklyn,Bartell}', 'plant', 'https://loremflickr.com/640/480?lock=4741914863599616', '2024-03-05 07:25:29.153+00', '2024-03-05 07:25:29.153+00'),
(334, 7, 3, 'Bernadette Smith III', '{Moses,Blake,Hermann}', 'plant', 'https://loremflickr.com/640/480?lock=8299560879259648', '2024-03-05 07:25:29.153+00', '2024-03-05 07:25:29.153+00'),
(335, 8, 2, 'Brandy Huels', '{Trenton,August,Mayert}', 'plant', 'https://loremflickr.com/640/480?lock=3894993645207552', '2024-03-05 07:25:29.153+00', '2024-03-05 07:25:29.153+00'),
(336, 11, 1, 'Paula Jones IV', '{Marlee,Avery,Luettgen}', 'plant', 'https://loremflickr.com/640/480?lock=2555228874342400', '2024-03-05 07:25:29.153+00', '2024-03-05 07:25:29.153+00'),
(337, 3, 1, 'Michele Kub', '{Kimberly,Bailey,Kerluke}', 'plant', 'https://loremflickr.com/640/480?lock=4038806575513600', '2024-03-05 07:25:29.153+00', '2024-03-05 07:25:29.153+00'),
(338, 6, 2, 'Miss Chelsea Will', '{Davon,Reign,Bins}', 'plant', 'https://loremflickr.com/640/480?lock=4357689343737856', '2024-03-05 07:25:29.153+00', '2024-03-05 07:25:29.153+00'),
(339, 4, 3, 'Luz Olson', '{Allie,Kendall,Bartoletti}', 'plant', 'https://loremflickr.com/640/480?lock=5696078888304640', '2024-03-05 07:25:29.153+00', '2024-03-05 07:25:29.153+00'),
(340, 11, 3, 'Miss Edna Hoeger', '{Brooke,Skyler,Runte}', 'plant', 'https://loremflickr.com/640/480?lock=1030614098640896', '2024-03-05 07:25:29.153+00', '2024-03-05 07:25:29.153+00'),
(341, 2, 2, 'Stewart Lemke', '{Nash,Corey,Pouros}', 'plant', 'https://loremflickr.com/640/480?lock=8842082275819520', '2024-03-05 07:25:29.153+00', '2024-03-05 07:25:29.153+00'),
(342, 8, 1, 'Debbie Heaney I', '{Bria,Dakota,Volkman}', 'plant', 'https://loremflickr.com/640/480?lock=595850552147968', '2024-03-05 07:25:29.153+00', '2024-03-05 07:25:29.153+00'),
(343, 8, 3, 'Jan Maggio', '{Shaina,Sage,Dicki}', 'plant', 'https://loremflickr.com/640/480?lock=1754582275325952', '2024-03-05 07:25:29.153+00', '2024-03-05 07:25:29.153+00'),
(344, 1, 4, 'Kellie Green-Bernier', '{Branson,River,Padberg}', 'plant', 'https://loremflickr.com/640/480?lock=1102148949508096', '2024-03-05 07:25:29.154+00', '2024-03-05 07:25:29.154+00'),
(345, 5, 3, 'Vincent Yost-Flatley', '{Tanner,Emerson,Durgan}', 'plant', 'https://loremflickr.com/640/480?lock=2319677885775872', '2024-03-05 07:25:29.154+00', '2024-03-05 07:25:29.154+00'),
(346, 2, 2, 'Deborah Sawayn', '{Karlie,Angel,Kshlerin}', 'plant', 'https://loremflickr.com/640/480?lock=2044234213359616', '2024-03-05 07:25:29.154+00', '2024-03-05 07:25:29.154+00'),
(347, 9, 4, 'Mr. Jimmy Rogahn', '{Chloe,Jaden,Breitenberg-Murphy}', 'plant', 'https://loremflickr.com/640/480?lock=6584412128935936', '2024-03-05 07:25:29.154+00', '2024-03-05 07:25:29.154+00'),
(348, 8, 1, 'Joanna Barrows', '{Anabelle,Jules,O''Hara}', 'plant', 'https://loremflickr.com/640/480?lock=7603308558548992', '2024-03-05 07:25:29.154+00', '2024-03-05 07:25:29.154+00'),
(349, 7, 3, 'Mr. Tyrone Kuhic', '{Maia,Finley,Rau}', 'plant', 'https://loremflickr.com/640/480?lock=1067236299112448', '2024-03-05 07:25:29.154+00', '2024-03-05 07:25:29.154+00'),
(350, 1, 2, 'Milton Parisian', '{Ismael,Gray,Wyman}', 'plant', 'https://loremflickr.com/640/480?lock=3732269034373120', '2024-03-05 07:25:29.154+00', '2024-03-05 07:25:29.154+00'),
(351, 1, 4, 'Paula Jacobson', '{Jacynthe,Emerson,Klein}', 'plant', 'https://loremflickr.com/640/480?lock=2710021687214080', '2024-03-05 07:25:29.154+00', '2024-03-05 07:25:29.154+00'),
(352, 12, 1, 'Cory Deckow', '{Kasandra,Kyle,Durgan}', 'plant', 'https://loremflickr.com/640/480?lock=8795926984392704', '2024-03-05 07:25:29.154+00', '2024-03-05 07:25:29.154+00'),
(353, 10, 1, 'Brenda Emmerich-Huel', '{Kade,Austin,Daniel}', 'plant', 'https://loremflickr.com/640/480?lock=6389794831597568', '2024-03-05 07:25:29.154+00', '2024-03-05 07:25:29.154+00'),
(354, 8, 4, 'Michelle Carter-Smitham', '{Randall,Greer,Romaguera}', 'plant', 'https://loremflickr.com/640/480?lock=1283971990159360', '2024-03-05 07:25:29.154+00', '2024-03-05 07:25:29.154+00'),
(355, 11, 2, 'Dr. Arthur Moen', '{Francisco,Micah,Armstrong}', 'plant', 'https://loremflickr.com/640/480?lock=8344816358260736', '2024-03-05 07:25:29.154+00', '2024-03-05 07:25:29.154+00'),
(356, 12, 4, 'Mr. Joseph Hane', '{Richie,Noah,Zulauf}', 'plant', 'https://loremflickr.com/640/480?lock=1153275925626880', '2024-03-05 07:25:29.154+00', '2024-03-05 07:25:29.154+00'),
(357, 5, 3, 'Beulah Heathcote Jr.', '{Ivah,August,O''Kon}', 'plant', 'https://loremflickr.com/640/480?lock=7039536209068032', '2024-03-05 07:25:29.154+00', '2024-03-05 07:25:29.154+00'),
(358, 3, 3, 'Cristina Daugherty', '{Tate,Arden,Kovacek}', 'plant', 'https://loremflickr.com/640/480?lock=4731278656012288', '2024-03-05 07:25:29.154+00', '2024-03-05 07:25:29.154+00'),
(359, 1, 1, 'Kent Reichel Jr.', '{Madie,Jamie,Harber}', 'plant', 'https://loremflickr.com/640/480?lock=1910985669476352', '2024-03-05 07:25:29.154+00', '2024-03-05 07:25:29.154+00'),
(360, 7, 4, 'Conrad McLaughlin', '{Augustus,Rowan,Schuppe}', 'plant', 'https://loremflickr.com/640/480?lock=3462066782339072', '2024-03-05 07:25:29.154+00', '2024-03-05 07:25:29.154+00'),
(361, 10, 4, 'Vickie Kuhlman', '{Anne,Kendall,Schaefer}', 'plant', 'https://loremflickr.com/640/480?lock=4338479754379264', '2024-03-05 07:25:29.154+00', '2024-03-05 07:25:29.154+00'),
(362, 8, 3, 'Todd Hoppe', '{Madisyn,Anderson,Paucek}', 'plant', 'https://loremflickr.com/640/480?lock=3944034248687616', '2024-03-05 07:25:29.154+00', '2024-03-05 07:25:29.154+00'),
(363, 6, 4, 'Robyn Gislason', '{Lindsay,Elliott,Spencer}', 'plant', 'https://loremflickr.com/640/480?lock=8530646362226688', '2024-03-05 07:25:29.154+00', '2024-03-05 07:25:29.154+00'),
(364, 4, 3, 'Erick Sanford', '{Mark,Shawn,Halvorson}', 'plant', 'https://loremflickr.com/640/480?lock=6923908814995456', '2024-03-05 07:25:29.154+00', '2024-03-05 07:25:29.154+00'),
(365, 3, 2, 'Mathew Balistreri', '{Alf,Cameron,Moen}', 'plant', 'https://loremflickr.com/640/480?lock=1152292568956928', '2024-03-05 07:25:29.154+00', '2024-03-05 07:25:29.154+00'),
(366, 3, 2, 'Shaun Ernser', '{Otho,Charlie,Zieme}', 'plant', 'https://loremflickr.com/640/480?lock=4068803086385152', '2024-03-05 07:25:29.154+00', '2024-03-05 07:25:29.154+00'),
(367, 5, 3, 'Darla Becker', '{Marianna,Skyler,Rowe}', 'plant', 'https://loremflickr.com/640/480?lock=8812331119149056', '2024-03-05 07:25:29.154+00', '2024-03-05 07:25:29.154+00'),
(368, 10, 2, 'Andrew Ankunding', '{Robert,Kyle,O''Keefe}', 'plant', 'https://loremflickr.com/640/480?lock=8710986615750656', '2024-03-05 07:25:29.154+00', '2024-03-05 07:25:29.154+00'),
(369, 5, 4, 'Mr. Micheal Monahan PhD', '{Domenick,Nico,Boyle}', 'plant', 'https://loremflickr.com/640/480?lock=6839827112656896', '2024-03-05 07:25:29.154+00', '2024-03-05 07:25:29.154+00'),
(370, 2, 3, 'Dr. Simon Brekke', '{Deangelo,Bailey,Koepp}', 'plant', 'https://loremflickr.com/640/480?lock=7706902452502528', '2024-03-05 07:25:29.154+00', '2024-03-05 07:25:29.154+00'),
(371, 5, 2, 'Pablo Lang', '{Tremayne,Drew,McClure}', 'plant', 'https://loremflickr.com/640/480?lock=7696319523061760', '2024-03-05 07:25:29.154+00', '2024-03-05 07:25:29.154+00'),
(372, 11, 1, 'Douglas Terry', '{Providenci,Rory,Bode}', 'plant', 'https://loremflickr.com/640/480?lock=31822979268608', '2024-03-05 07:25:29.154+00', '2024-03-05 07:25:29.154+00'),
(373, 11, 4, 'Kathy Donnelly', '{Nathaniel,Anderson,Sporer}', 'plant', 'https://loremflickr.com/640/480?lock=7301266229166080', '2024-03-05 07:25:29.154+00', '2024-03-05 07:25:29.154+00'),
(374, 5, 2, 'Agnes Jast', '{Carmela,Jordan,D''Amore}', 'plant', 'https://loremflickr.com/640/480?lock=1607104662077440', '2024-03-05 07:25:29.154+00', '2024-03-05 07:25:29.154+00'),
(375, 4, 3, 'Maureen Friesen I', '{Mariane,Jamie,Wehner}', 'plant', 'https://loremflickr.com/640/480?lock=8435557208162304', '2024-03-05 07:25:29.154+00', '2024-03-05 07:25:29.154+00'),
(376, 8, 3, 'Eddie Kilback', '{Courtney,Alex,Bernier}', 'plant', 'https://loremflickr.com/640/480?lock=914890696949760', '2024-03-05 07:25:29.154+00', '2024-03-05 07:25:29.154+00'),
(377, 7, 3, 'Rick Rau MD', '{Rocio,Blake,Herman}', 'plant', 'https://loremflickr.com/640/480?lock=2820289192787968', '2024-03-05 07:25:29.154+00', '2024-03-05 07:25:29.154+00'),
(378, 1, 1, 'Julie Beer-Flatley DVM', '{Kyler,Reese,Erdman}', 'plant', 'https://loremflickr.com/640/480?lock=5556947849838592', '2024-03-05 07:25:29.154+00', '2024-03-05 07:25:29.154+00'),
(379, 10, 1, 'Fernando Stehr', '{Rhett,Kennedy,Flatley}', 'plant', 'https://loremflickr.com/640/480?lock=8674873622659072', '2024-03-05 07:25:29.154+00', '2024-03-05 07:25:29.154+00'),
(380, 6, 2, 'Rudolph Gottlieb', '{Roma,Parker,Schaefer}', 'plant', 'https://loremflickr.com/640/480?lock=3884889246007296', '2024-03-05 07:25:29.154+00', '2024-03-05 07:25:29.154+00'),
(381, 7, 4, 'Dr. James Greenfelder', '{Edd,Elliott,Bradtke}', 'plant', 'https://loremflickr.com/640/480?lock=1188030450761728', '2024-03-05 07:25:29.154+00', '2024-03-05 07:25:29.154+00'),
(382, 1, 3, 'Ronald Reinger', '{Brandyn,Jules,Treutel}', 'plant', 'https://loremflickr.com/640/480?lock=619090609700864', '2024-03-05 07:25:29.155+00', '2024-03-05 07:25:29.155+00'),
(383, 6, 4, 'Israel Kilback', '{Estefania,Bowie,Kirlin}', 'plant', 'https://loremflickr.com/640/480?lock=2656961833205760', '2024-03-05 07:25:29.155+00', '2024-03-05 07:25:29.155+00'),
(384, 6, 4, 'Colleen Stamm-Farrell DVM', '{Derick,River,Ledner}', 'plant', 'https://loremflickr.com/640/480?lock=2976805321441280', '2024-03-05 07:25:29.155+00', '2024-03-05 07:25:29.155+00'),
(385, 7, 3, 'Conrad Jast', '{Mia,Reagan,Windler}', 'plant', 'https://loremflickr.com/640/480?lock=8905879902486528', '2024-03-05 07:25:29.155+00', '2024-03-05 07:25:29.155+00'),
(386, 6, 4, 'Kelly DuBuque', '{Marcelina,Riley,Corwin}', 'plant', 'https://loremflickr.com/640/480?lock=675176995880960', '2024-03-05 07:25:29.155+00', '2024-03-05 07:25:29.155+00'),
(387, 1, 2, 'Carole Cremin III', '{Jaeden,Logan,Collier}', 'plant', 'https://loremflickr.com/640/480?lock=5142504215150592', '2024-03-05 07:25:29.155+00', '2024-03-05 07:25:29.155+00'),
(388, 2, 1, 'Andy Schultz', '{Lucy,Leslie,Abernathy}', 'plant', 'https://loremflickr.com/640/480?lock=1265896588836864', '2024-03-05 07:25:29.155+00', '2024-03-05 07:25:29.155+00'),
(389, 8, 2, 'Lila Boyer', '{Kelly,Cameron,Windler}', 'plant', 'https://loremflickr.com/640/480?lock=29198324334592', '2024-03-05 07:25:29.155+00', '2024-03-05 07:25:29.155+00'),
(390, 3, 3, 'Shaun Adams', '{Roberta,Noah,Langworth}', 'plant', 'https://loremflickr.com/640/480?lock=3234508232982528', '2024-03-05 07:25:29.155+00', '2024-03-05 07:25:29.155+00'),
(391, 2, 2, 'Lela Hilpert', '{Leilani,Kai,Hartmann}', 'plant', 'https://loremflickr.com/640/480?lock=4264185043091456', '2024-03-05 07:25:29.155+00', '2024-03-05 07:25:29.155+00'),
(392, 2, 4, 'Audrey Bruen', '{Brooke,Hayden,Gislason}', 'plant', 'https://loremflickr.com/640/480?lock=7279214090780672', '2024-03-05 07:25:29.155+00', '2024-03-05 07:25:29.155+00'),
(393, 11, 4, 'Debra Kunde Jr.', '{Ansley,Corey,Schultz}', 'plant', 'https://loremflickr.com/640/480?lock=5038605303021568', '2024-03-05 07:25:29.155+00', '2024-03-05 07:25:29.155+00'),
(394, 11, 1, 'Linda Wunsch', '{Marta,Shiloh,Feeney}', 'plant', 'https://loremflickr.com/640/480?lock=278525959471104', '2024-03-05 07:25:29.155+00', '2024-03-05 07:25:29.155+00'),
(395, 3, 1, 'Elisa Block-Mraz', '{Filiberto,James,Kessler}', 'plant', 'https://loremflickr.com/640/480?lock=5552489822683136', '2024-03-05 07:25:29.155+00', '2024-03-05 07:25:29.155+00'),
(396, 3, 1, 'Steven Dietrich', '{Rhett,Noah,Cummings}', 'plant', 'https://loremflickr.com/640/480?lock=6504312683364352', '2024-03-05 07:25:29.155+00', '2024-03-05 07:25:29.155+00'),
(397, 12, 2, 'Douglas Witting', '{Icie,Elliott,Herman}', 'plant', 'https://loremflickr.com/640/480?lock=2179421299539968', '2024-03-05 07:25:29.155+00', '2024-03-05 07:25:29.155+00'),
(398, 5, 3, 'Carole Stamm', '{Christine,North,Ullrich}', 'plant', 'https://loremflickr.com/640/480?lock=2885134994898944', '2024-03-05 07:25:29.155+00', '2024-03-05 07:25:29.155+00'),
(399, 6, 4, 'Dr. Noel Walsh', '{Thaddeus,Shiloh,Labadie}', 'plant', 'https://loremflickr.com/640/480?lock=1816297492971520', '2024-03-05 07:25:29.155+00', '2024-03-05 07:25:29.155+00'),
(400, 12, 2, 'Lyle Greenholt', '{Orie,Kennedy,Koss}', 'plant', 'https://loremflickr.com/640/480?lock=7666909512204288', '2024-03-05 07:25:29.155+00', '2024-03-05 07:25:29.155+00'),
(401, 10, 3, 'Ervin Homenick', '{Willa,Jules,Schaden-Renner}', 'plant', 'https://loremflickr.com/640/480?lock=5233313132314624', '2024-03-05 07:25:29.162+00', '2024-03-05 07:25:29.162+00'),
(402, 11, 3, 'Mrs. Elizabeth Bode', '{Mustafa,Robin,Dibbert}', 'plant', 'https://loremflickr.com/640/480?lock=4530858784456704', '2024-03-05 07:25:29.163+00', '2024-03-05 07:25:29.163+00'),
(403, 6, 4, 'Christopher Abernathy', '{Sidney,Kendall,Harvey}', 'plant', 'https://loremflickr.com/640/480?lock=7433932505088000', '2024-03-05 07:25:29.163+00', '2024-03-05 07:25:29.163+00'),
(404, 11, 3, 'Reginald Sipes', '{Dorthy,Robin,Feil}', 'plant', 'https://loremflickr.com/640/480?lock=6174694740852736', '2024-03-05 07:25:29.163+00', '2024-03-05 07:25:29.163+00'),
(405, 1, 4, 'Pamela Witting', '{Tyshawn,Taylor,Walsh}', 'plant', 'https://loremflickr.com/640/480?lock=76237221396480', '2024-03-05 07:25:29.163+00', '2024-03-05 07:25:29.163+00'),
(406, 2, 1, 'Willie Dicki', '{Jackson,Taylor,Tromp}', 'plant', 'https://loremflickr.com/640/480?lock=299490265268224', '2024-03-05 07:25:29.163+00', '2024-03-05 07:25:29.163+00'),
(407, 10, 3, 'Lee Flatley', '{Camron,Finley,Goyette}', 'plant', 'https://loremflickr.com/640/480?lock=7222292085997568', '2024-03-05 07:25:29.163+00', '2024-03-05 07:25:29.163+00'),
(408, 9, 1, 'Mr. Santiago Kertzmann', '{Sonia,Ellis,Okuneva}', 'plant', 'https://loremflickr.com/640/480?lock=6190416479125504', '2024-03-05 07:25:29.163+00', '2024-03-05 07:25:29.163+00'),
(409, 1, 2, 'Craig Cassin', '{Adelia,Dakota,Stiedemann}', 'plant', 'https://loremflickr.com/640/480?lock=6094304644694016', '2024-03-05 07:25:29.163+00', '2024-03-05 07:25:29.163+00'),
(410, 10, 1, 'Iris Wintheiser', '{Jeramie,Avery,Hoppe}', 'plant', 'https://loremflickr.com/640/480?lock=7493503107989504', '2024-03-05 07:25:29.163+00', '2024-03-05 07:25:29.163+00'),
(411, 3, 3, 'Ted Reichert', '{Josefina,Leslie,Schaden}', 'plant', 'https://loremflickr.com/640/480?lock=1256193808924672', '2024-03-05 07:25:29.163+00', '2024-03-05 07:25:29.163+00'),
(412, 6, 2, 'Clarence Weber', '{Camryn,Ryan,Beier}', 'plant', 'https://loremflickr.com/640/480?lock=1631866249543680', '2024-03-05 07:25:29.163+00', '2024-03-05 07:25:29.163+00'),
(413, 5, 3, 'Ignacio Kub', '{Paris,Bowie,Luettgen}', 'plant', 'https://loremflickr.com/640/480?lock=7862934396993536', '2024-03-05 07:25:29.163+00', '2024-03-05 07:25:29.163+00'),
(414, 10, 4, 'Freddie Stiedemann', '{Jaylin,Blake,Jaskolski}', 'plant', 'https://loremflickr.com/640/480?lock=907882650402816', '2024-03-05 07:25:29.163+00', '2024-03-05 07:25:29.163+00'),
(415, 12, 1, 'Martha Brown', '{Aurelie,Kennedy,Hessel}', 'plant', 'https://loremflickr.com/640/480?lock=4071933079453696', '2024-03-05 07:25:29.163+00', '2024-03-05 07:25:29.163+00'),
(416, 4, 3, 'Trevor Wolff', '{Annie,Sasha,Douglas}', 'plant', 'https://loremflickr.com/640/480?lock=1075620289183744', '2024-03-05 07:25:29.163+00', '2024-03-05 07:25:29.163+00'),
(417, 1, 4, 'Mrs. Traci Grimes', '{Jannie,Drew,Hane}', 'plant', 'https://loremflickr.com/640/480?lock=8686837180661760', '2024-03-05 07:25:29.163+00', '2024-03-05 07:25:29.163+00'),
(418, 4, 1, 'Jasmine Donnelly V', '{Russell,Gray,Stracke-Roberts}', 'plant', 'https://loremflickr.com/640/480?lock=1822658664595456', '2024-03-05 07:25:29.163+00', '2024-03-05 07:25:29.163+00'),
(419, 1, 2, 'Doug Gislason', '{Vicky,Kai,Wisozk}', 'plant', 'https://loremflickr.com/640/480?lock=1730124214960128', '2024-03-05 07:25:29.163+00', '2024-03-05 07:25:29.163+00'),
(420, 2, 4, 'Alberta Johns', '{Lamont,Nico,Volkman}', 'plant', 'https://loremflickr.com/640/480?lock=4972014819344384', '2024-03-05 07:25:29.163+00', '2024-03-05 07:25:29.163+00'),
(421, 7, 4, 'Lonnie Nitzsche', '{Dudley,Sage,Lockman}', 'plant', 'https://loremflickr.com/640/480?lock=8995411928809472', '2024-03-05 07:25:29.163+00', '2024-03-05 07:25:29.163+00'),
(422, 7, 1, 'Lamar Schultz', '{Jackeline,Arden,Corkery}', 'plant', 'https://loremflickr.com/640/480?lock=1182759292764160', '2024-03-05 07:25:29.163+00', '2024-03-05 07:25:29.163+00'),
(423, 8, 1, 'Sam McKenzie', '{Kennedi,Parker,Reynolds}', 'plant', 'https://loremflickr.com/640/480?lock=2358278069682176', '2024-03-05 07:25:29.163+00', '2024-03-05 07:25:29.163+00'),
(424, 1, 2, 'Fred Wunsch', '{Loren,Leslie,Stanton}', 'plant', 'https://loremflickr.com/640/480?lock=4720427421138944', '2024-03-05 07:25:29.163+00', '2024-03-05 07:25:29.163+00'),
(425, 8, 2, 'Donnie Pagac II', '{Janiya,Hayden,Beahan}', 'plant', 'https://loremflickr.com/640/480?lock=5365252589879296', '2024-03-05 07:25:29.163+00', '2024-03-05 07:25:29.163+00'),
(426, 12, 1, 'Tonya Gorczany', '{Keara,Cameron,Schumm}', 'plant', 'https://loremflickr.com/640/480?lock=4027531422334976', '2024-03-05 07:25:29.163+00', '2024-03-05 07:25:29.163+00'),
(427, 4, 4, 'Brittany Blanda', '{Juanita,Noah,Cole}', 'plant', 'https://loremflickr.com/640/480?lock=6454693171560448', '2024-03-05 07:25:29.163+00', '2024-03-05 07:25:29.163+00'),
(428, 6, 3, 'Thelma Hudson', '{Ian,Brooklyn,Wunsch}', 'plant', 'https://loremflickr.com/640/480?lock=6379247251750912', '2024-03-05 07:25:29.163+00', '2024-03-05 07:25:29.163+00'),
(429, 12, 1, 'Johnny Beer', '{Phoebe,Reagan,Pouros}', 'plant', 'https://loremflickr.com/640/480?lock=5135925117976576', '2024-03-05 07:25:29.163+00', '2024-03-05 07:25:29.163+00'),
(430, 6, 2, 'Ira Larson DVM', '{Rowland,Greer,Conroy}', 'plant', 'https://loremflickr.com/640/480?lock=5442327384424448', '2024-03-05 07:25:29.163+00', '2024-03-05 07:25:29.163+00'),
(431, 9, 2, 'Noah Stehr', '{Jana,Kennedy,Ankunding}', 'plant', 'https://loremflickr.com/640/480?lock=55986360418304', '2024-03-05 07:25:29.163+00', '2024-03-05 07:25:29.163+00'),
(432, 12, 3, 'Donnie Kautzer', '{Grover,Blake,Conroy}', 'plant', 'https://loremflickr.com/640/480?lock=4964276036960256', '2024-03-05 07:25:29.163+00', '2024-03-05 07:25:29.163+00'),
(433, 6, 1, 'Mercedes Bednar', '{Helga,Austin,Mayer}', 'plant', 'https://loremflickr.com/640/480?lock=2743297932001280', '2024-03-05 07:25:29.163+00', '2024-03-05 07:25:29.163+00'),
(434, 5, 3, 'Sally Batz', '{Laisha,Arden,Kautzer}', 'plant', 'https://loremflickr.com/640/480?lock=4827307147526144', '2024-03-05 07:25:29.163+00', '2024-03-05 07:25:29.163+00'),
(435, 3, 1, 'Kate Hirthe', '{Brayan,Angel,Miller}', 'plant', 'https://loremflickr.com/640/480?lock=8061914127007744', '2024-03-05 07:25:29.163+00', '2024-03-05 07:25:29.163+00'),
(436, 8, 3, 'Dora Mohr', '{Lacey,Riley,Gleason}', 'plant', 'https://loremflickr.com/640/480?lock=7167965493460992', '2024-03-05 07:25:29.163+00', '2024-03-05 07:25:29.163+00'),
(437, 5, 4, 'Malcolm Runte', '{Torrance,Logan,Kirlin}', 'plant', 'https://loremflickr.com/640/480?lock=4493459702415360', '2024-03-05 07:25:29.163+00', '2024-03-05 07:25:29.163+00'),
(438, 3, 2, 'Toni Powlowski', '{Dell,Billie,Leannon}', 'plant', 'https://loremflickr.com/640/480?lock=6752716336398336', '2024-03-05 07:25:29.163+00', '2024-03-05 07:25:29.163+00'),
(439, 3, 4, 'Dr. Myron Kulas', '{Oral,Avery,Leannon}', 'plant', 'https://loremflickr.com/640/480?lock=2219989832564736', '2024-03-05 07:25:29.164+00', '2024-03-05 07:25:29.164+00'),
(440, 7, 3, 'Wilfred Langosh', '{Junior,Billie,Blick}', 'plant', 'https://loremflickr.com/640/480?lock=6388689628299264', '2024-03-05 07:25:29.164+00', '2024-03-05 07:25:29.164+00'),
(441, 5, 1, 'Priscilla Haley-Nikolaus', '{Ryleigh,Quinn,Stracke}', 'plant', 'https://loremflickr.com/640/480?lock=5078128021995520', '2024-03-05 07:25:29.164+00', '2024-03-05 07:25:29.164+00'),
(442, 3, 3, 'Genevieve Macejkovic', '{Reina,Reagan,Batz}', 'plant', 'https://loremflickr.com/640/480?lock=6100564383367168', '2024-03-05 07:25:29.164+00', '2024-03-05 07:25:29.164+00'),
(443, 1, 2, 'Claire Schultz PhD', '{Jedediah,Brooklyn,Hessel}', 'plant', 'https://loremflickr.com/640/480?lock=7577643178262528', '2024-03-05 07:25:29.164+00', '2024-03-05 07:25:29.164+00'),
(444, 4, 4, 'Chris Bernhard III', '{Dina,Drew,Daniel}', 'plant', 'https://loremflickr.com/640/480?lock=2398979692167168', '2024-03-05 07:25:29.164+00', '2024-03-05 07:25:29.164+00'),
(445, 9, 2, 'Kristine Fritsch', '{Addie,Sage,Bechtelar}', 'plant', 'https://loremflickr.com/640/480?lock=4081093483429888', '2024-03-05 07:25:29.164+00', '2024-03-05 07:25:29.164+00'),
(446, 1, 2, 'Judy Huel', '{Zoe,August,Abshire}', 'plant', 'https://loremflickr.com/640/480?lock=8075572085260288', '2024-03-05 07:25:29.164+00', '2024-03-05 07:25:29.164+00'),
(447, 2, 2, 'Duane Ullrich', '{Titus,Bowie,Hand}', 'plant', 'https://loremflickr.com/640/480?lock=447477268348928', '2024-03-05 07:25:29.164+00', '2024-03-05 07:25:29.164+00'),
(448, 3, 4, 'Justin Lindgren', '{Mac,Bailey,Baumbach}', 'plant', 'https://loremflickr.com/640/480?lock=1662990510194688', '2024-03-05 07:25:29.164+00', '2024-03-05 07:25:29.164+00'),
(449, 7, 4, 'Pearl Jaskolski II', '{Haylie,Gray,Volkman}', 'plant', 'https://loremflickr.com/640/480?lock=6015856228171776', '2024-03-05 07:25:29.164+00', '2024-03-05 07:25:29.164+00'),
(450, 4, 2, 'Maxine O''Conner', '{Scottie,Jordan,Langosh}', 'plant', 'https://loremflickr.com/640/480?lock=7645327549005824', '2024-03-05 07:25:29.164+00', '2024-03-05 07:25:29.164+00'),
(451, 6, 4, 'Bryant Klein', '{Leonie,Jordan,Zulauf}', 'plant', 'https://loremflickr.com/640/480?lock=2455939823173632', '2024-03-05 07:25:29.164+00', '2024-03-05 07:25:29.164+00'),
(452, 6, 2, 'Clay Skiles', '{Geovanny,Hayden,Oberbrunner}', 'plant', 'https://loremflickr.com/640/480?lock=1173840164028416', '2024-03-05 07:25:29.164+00', '2024-03-05 07:25:29.164+00'),
(453, 12, 2, 'Ramon Roob', '{Quinn,Bailey,Rempel}', 'plant', 'https://loremflickr.com/640/480?lock=5495703644143616', '2024-03-05 07:25:29.164+00', '2024-03-05 07:25:29.164+00'),
(454, 10, 4, 'Diana Padberg', '{Annie,Elliott,Miller}', 'plant', 'https://loremflickr.com/640/480?lock=7791434289643520', '2024-03-05 07:25:29.164+00', '2024-03-05 07:25:29.164+00'),
(455, 3, 2, 'Harriet Walker', '{Dayna,Cameron,Spinka}', 'plant', 'https://loremflickr.com/640/480?lock=595844621402112', '2024-03-05 07:25:29.164+00', '2024-03-05 07:25:29.164+00'),
(456, 10, 2, 'Wayne Upton', '{Maida,Brooklyn,Swift-Armstrong}', 'plant', 'https://loremflickr.com/640/480?lock=8568893557702656', '2024-03-05 07:25:29.164+00', '2024-03-05 07:25:29.164+00'),
(457, 6, 3, 'Tara Kuvalis', '{Palma,Addison,Zemlak}', 'plant', 'https://loremflickr.com/640/480?lock=1741223545012224', '2024-03-05 07:25:29.164+00', '2024-03-05 07:25:29.164+00'),
(458, 9, 2, 'Andres Shields', '{Rosanna,Cameron,Roberts}', 'plant', 'https://loremflickr.com/640/480?lock=6155971747381248', '2024-03-05 07:25:29.164+00', '2024-03-05 07:25:29.164+00'),
(459, 12, 2, 'Judy Orn', '{Anais,Addison,Nikolaus}', 'plant', 'https://loremflickr.com/640/480?lock=7140513624883200', '2024-03-05 07:25:29.164+00', '2024-03-05 07:25:29.164+00'),
(460, 12, 2, 'Mattie Barrows', '{Cortney,Shawn,Abshire}', 'plant', 'https://loremflickr.com/640/480?lock=6458737720033280', '2024-03-05 07:25:29.164+00', '2024-03-05 07:25:29.164+00'),
(461, 5, 3, 'Alvin Kohler', '{Cole,Skyler,Braun}', 'plant', 'https://loremflickr.com/640/480?lock=6817121266827264', '2024-03-05 07:25:29.164+00', '2024-03-05 07:25:29.164+00'),
(462, 1, 2, 'Duane Rath', '{Dakota,Leslie,Hammes}', 'plant', 'https://loremflickr.com/640/480?lock=6428098323021824', '2024-03-05 07:25:29.164+00', '2024-03-05 07:25:29.164+00'),
(463, 5, 1, 'Stephen Friesen', '{Sarah,Arden,Nolan}', 'plant', 'https://loremflickr.com/640/480?lock=320029379788800', '2024-03-05 07:25:29.164+00', '2024-03-05 07:25:29.164+00'),
(464, 8, 2, 'Lynette Koss', '{Dallas,Charlie,Wunsch}', 'plant', 'https://loremflickr.com/640/480?lock=4553200520658944', '2024-03-05 07:25:29.164+00', '2024-03-05 07:25:29.164+00'),
(465, 4, 1, 'Ellen Mosciski', '{Kennith,Austin,Bayer}', 'plant', 'https://loremflickr.com/640/480?lock=8349114680999936', '2024-03-05 07:25:29.164+00', '2024-03-05 07:25:29.164+00'),
(466, 5, 1, 'Kenny Wilkinson', '{Phyllis,London,McClure}', 'plant', 'https://loremflickr.com/640/480?lock=1867439558098944', '2024-03-05 07:25:29.164+00', '2024-03-05 07:25:29.164+00'),
(467, 9, 1, 'Andre Beier', '{Eduardo,Addison,Robel}', 'plant', 'https://loremflickr.com/640/480?lock=4460953607340032', '2024-03-05 07:25:29.164+00', '2024-03-05 07:25:29.164+00'),
(468, 11, 4, 'Cecelia Hauck', '{Keyon,Jaden,Gerhold}', 'plant', 'https://loremflickr.com/640/480?lock=6091857790500864', '2024-03-05 07:25:29.164+00', '2024-03-05 07:25:29.164+00'),
(469, 5, 4, 'Peggy Parker I', '{Salvatore,Drew,Doyle}', 'plant', 'https://loremflickr.com/640/480?lock=1230719036686336', '2024-03-05 07:25:29.164+00', '2024-03-05 07:25:29.164+00');
INSERT INTO "public"."species" ("id", "family_name_id", "native_habitat_id", "name", "common_name", "tag", "image", "created_at", "updated_at") VALUES
(470, 10, 2, 'Bridget Corkery', '{Courtney,James,Hermiston}', 'plant', 'https://loremflickr.com/640/480?lock=7941517226278912', '2024-03-05 07:25:29.164+00', '2024-03-05 07:25:29.164+00'),
(471, 4, 1, 'Miss Rosemary Dickinson', '{Hector,Reign,Zieme}', 'plant', 'https://loremflickr.com/640/480?lock=8822288910647296', '2024-03-05 07:25:29.164+00', '2024-03-05 07:25:29.164+00'),
(472, 7, 3, 'Melba Mayert', '{Madelyn,Micah,Ruecker}', 'plant', 'https://loremflickr.com/640/480?lock=4747386186366976', '2024-03-05 07:25:29.164+00', '2024-03-05 07:25:29.164+00'),
(473, 10, 3, 'Travis Boehm III', '{Bryce,Reese,Wisozk}', 'plant', 'https://loremflickr.com/640/480?lock=8204581664194560', '2024-03-05 07:25:29.164+00', '2024-03-05 07:25:29.164+00'),
(474, 3, 4, 'Rogelio Cole', '{Velma,Riley,Nicolas}', 'plant', 'https://loremflickr.com/640/480?lock=8583820171280384', '2024-03-05 07:25:29.164+00', '2024-03-05 07:25:29.164+00'),
(475, 8, 1, 'Sherry Roberts', '{Dexter,Quinn,Lueilwitz}', 'plant', 'https://loremflickr.com/640/480?lock=7738208943079424', '2024-03-05 07:25:29.164+00', '2024-03-05 07:25:29.164+00'),
(476, 6, 2, 'Carlos Luettgen', '{Bernard,Avery,Kirlin}', 'plant', 'https://loremflickr.com/640/480?lock=8857117842735104', '2024-03-05 07:25:29.164+00', '2024-03-05 07:25:29.164+00'),
(477, 6, 2, 'Mr. Andrew Legros', '{Elody,Angel,Schuppe}', 'plant', 'https://loremflickr.com/640/480?lock=5283738864844800', '2024-03-05 07:25:29.164+00', '2024-03-05 07:25:29.164+00'),
(478, 10, 1, 'Raul Armstrong', '{Brenden,Harper,Leffler}', 'plant', 'https://loremflickr.com/640/480?lock=794240858718208', '2024-03-05 07:25:29.164+00', '2024-03-05 07:25:29.164+00'),
(479, 2, 4, 'Reginald Bashirian', '{Geovanny,Cameron,Torphy}', 'plant', 'https://loremflickr.com/640/480?lock=2253916276260864', '2024-03-05 07:25:29.164+00', '2024-03-05 07:25:29.164+00'),
(480, 12, 2, 'Daryl Anderson Jr.', '{Mason,Rowan,Zboncak}', 'plant', 'https://loremflickr.com/640/480?lock=4186127269363712', '2024-03-05 07:25:29.164+00', '2024-03-05 07:25:29.164+00'),
(481, 11, 1, 'Nick Parker', '{Xzavier,North,Von}', 'plant', 'https://loremflickr.com/640/480?lock=1502944797130752', '2024-03-05 07:25:29.164+00', '2024-03-05 07:25:29.164+00'),
(482, 9, 4, 'Mr. Arthur Hand', '{Betty,Elliott,Goldner}', 'plant', 'https://loremflickr.com/640/480?lock=221107772719104', '2024-03-05 07:25:29.164+00', '2024-03-05 07:25:29.164+00'),
(483, 6, 2, 'Michelle Haag', '{Emiliano,Phoenix,Walsh}', 'plant', 'https://loremflickr.com/640/480?lock=8861771917950976', '2024-03-05 07:25:29.164+00', '2024-03-05 07:25:29.164+00'),
(484, 11, 4, 'Scott Gerlach PhD', '{Derek,Rowan,O''Reilly}', 'plant', 'https://loremflickr.com/640/480?lock=6284012242862080', '2024-03-05 07:25:29.164+00', '2024-03-05 07:25:29.164+00'),
(485, 10, 3, 'Abraham Mayer', '{Ernest,Addison,Waelchi}', 'plant', 'https://loremflickr.com/640/480?lock=5952798602559488', '2024-03-05 07:25:29.164+00', '2024-03-05 07:25:29.164+00'),
(486, 7, 1, 'Mr. Douglas Beahan IV', '{Brooklyn,Angel,Kutch}', 'plant', 'https://loremflickr.com/640/480?lock=8502710271737856', '2024-03-05 07:25:29.164+00', '2024-03-05 07:25:29.164+00'),
(487, 1, 2, 'Amy Bernier-Romaguera', '{Jordane,Avery,Halvorson}', 'plant', 'https://loremflickr.com/640/480?lock=8188417588330496', '2024-03-05 07:25:29.164+00', '2024-03-05 07:25:29.164+00'),
(488, 10, 4, 'Guillermo Walter', '{Trudie,Addison,Will}', 'plant', 'https://loremflickr.com/640/480?lock=5548949156921344', '2024-03-05 07:25:29.164+00', '2024-03-05 07:25:29.164+00'),
(489, 5, 4, 'Mabel Gleichner', '{Beverly,Corey,Jones}', 'plant', 'https://loremflickr.com/640/480?lock=7871592354807808', '2024-03-05 07:25:29.164+00', '2024-03-05 07:25:29.164+00'),
(490, 1, 1, 'Derrick Roberts', '{Clarabelle,Micah,Robel-Stark}', 'plant', 'https://loremflickr.com/640/480?lock=3777999983869952', '2024-03-05 07:25:29.164+00', '2024-03-05 07:25:29.164+00'),
(491, 8, 2, 'Mr. Edmond Stamm I', '{Shemar,Avery,Hammes}', 'plant', 'https://loremflickr.com/640/480?lock=1558037980512256', '2024-03-05 07:25:29.164+00', '2024-03-05 07:25:29.164+00'),
(492, 10, 3, 'May Bosco', '{Mandy,Hayden,Leffler}', 'plant', 'https://loremflickr.com/640/480?lock=1320935554547712', '2024-03-05 07:25:29.164+00', '2024-03-05 07:25:29.164+00'),
(493, 10, 2, 'Olga Renner', '{Gertrude,Jaden,Davis}', 'plant', 'https://loremflickr.com/640/480?lock=3335659892768768', '2024-03-05 07:25:29.164+00', '2024-03-05 07:25:29.164+00'),
(494, 7, 1, 'Jackie Fisher', '{Eve,Arden,MacGyver}', 'plant', 'https://loremflickr.com/640/480?lock=2850406658998272', '2024-03-05 07:25:29.164+00', '2024-03-05 07:25:29.164+00'),
(495, 3, 1, 'Mr. Wilbert Pagac', '{Clare,Bowie,Rowe}', 'plant', 'https://loremflickr.com/640/480?lock=7814527521390592', '2024-03-05 07:25:29.164+00', '2024-03-05 07:25:29.164+00'),
(496, 6, 4, 'Lamar Tillman', '{Jaylan,Ryan,Beer}', 'plant', 'https://loremflickr.com/640/480?lock=2329701697716224', '2024-03-05 07:25:29.164+00', '2024-03-05 07:25:29.164+00'),
(497, 7, 4, 'Rene Satterfield', '{Conrad,Leslie,Hayes}', 'plant', 'https://loremflickr.com/640/480?lock=6501017243877376', '2024-03-05 07:25:29.164+00', '2024-03-05 07:25:29.164+00'),
(498, 8, 3, 'Felix Wiza', '{Roslyn,Greer,Berge}', 'plant', 'https://loremflickr.com/640/480?lock=4061434858176512', '2024-03-05 07:25:29.164+00', '2024-03-05 07:25:29.164+00'),
(499, 1, 3, 'Dr. Wm White', '{Marshall,Elliott,Kuvalis}', 'plant', 'https://loremflickr.com/640/480?lock=7375504680157184', '2024-03-05 07:25:29.164+00', '2024-03-05 07:25:29.164+00'),
(500, 8, 1, 'Mr. Marvin Harvey', '{Anahi,Drew,Gislason}', 'plant', 'https://loremflickr.com/640/480?lock=8073884406382592', '2024-03-05 07:25:29.164+00', '2024-03-05 07:25:29.164+00'),
(501, 2, 2, 'Miss June Shanahan', '{Jerod,Bowie,Altenwerth}', 'plant', 'https://loremflickr.com/640/480?lock=5904999961853952', '2024-03-05 07:25:29.171+00', '2024-03-05 07:25:29.171+00'),
(502, 12, 1, 'Craig Satterfield', '{Ezekiel,Reagan,Gottlieb}', 'plant', 'https://loremflickr.com/640/480?lock=6058180071129088', '2024-03-05 07:25:29.172+00', '2024-03-05 07:25:29.172+00'),
(503, 11, 4, 'Melba Erdman', '{Gilbert,Avery,Keebler}', 'plant', 'https://loremflickr.com/640/480?lock=8053638125584384', '2024-03-05 07:25:29.172+00', '2024-03-05 07:25:29.172+00'),
(504, 11, 3, 'Constance Jenkins-Oberbrunner', '{Oral,Gray,Balistreri}', 'plant', 'https://loremflickr.com/640/480?lock=8319268477206528', '2024-03-05 07:25:29.172+00', '2024-03-05 07:25:29.172+00'),
(505, 6, 3, 'Erik Schoen DDS', '{Laurence,Nico,Roob}', 'plant', 'https://loremflickr.com/640/480?lock=5025995199348736', '2024-03-05 07:25:29.172+00', '2024-03-05 07:25:29.172+00'),
(506, 1, 4, 'Alice Friesen', '{Jermey,Kai,Stoltenberg}', 'plant', 'https://loremflickr.com/640/480?lock=5744628173111296', '2024-03-05 07:25:29.172+00', '2024-03-05 07:25:29.172+00'),
(507, 9, 3, 'Arnold Kihn-Nicolas', '{Breanna,Quinn,Thompson}', 'plant', 'https://loremflickr.com/640/480?lock=2635968718831616', '2024-03-05 07:25:29.172+00', '2024-03-05 07:25:29.172+00'),
(508, 6, 3, 'Rachael Hirthe', '{Tyrel,Rory,Homenick}', 'plant', 'https://loremflickr.com/640/480?lock=4240390928465920', '2024-03-05 07:25:29.172+00', '2024-03-05 07:25:29.172+00'),
(509, 8, 2, 'Roger Abshire', '{Anna,Skyler,Jacobs}', 'plant', 'https://loremflickr.com/640/480?lock=1525374999592960', '2024-03-05 07:25:29.172+00', '2024-03-05 07:25:29.172+00'),
(510, 9, 1, 'Paula Haley', '{Llewellyn,Anderson,Jerde}', 'plant', 'https://loremflickr.com/640/480?lock=7405088710590464', '2024-03-05 07:25:29.172+00', '2024-03-05 07:25:29.172+00'),
(511, 9, 1, 'Don Streich', '{Daphne,River,Leannon}', 'plant', 'https://loremflickr.com/640/480?lock=8703607989862400', '2024-03-05 07:25:29.172+00', '2024-03-05 07:25:29.172+00'),
(512, 9, 2, 'Lisa Runolfsdottir', '{Myrtie,Avery,Harvey}', 'plant', 'https://loremflickr.com/640/480?lock=4995139153952768', '2024-03-05 07:25:29.172+00', '2024-03-05 07:25:29.172+00'),
(513, 4, 3, 'Clifford Oberbrunner', '{Domenico,Arden,Kreiger}', 'plant', 'https://loremflickr.com/640/480?lock=4451800686002176', '2024-03-05 07:25:29.172+00', '2024-03-05 07:25:29.172+00'),
(514, 4, 4, 'Joe Mueller', '{Leonardo,Brooklyn,Kohler-Anderson}', 'plant', 'https://loremflickr.com/640/480?lock=5338302972428288', '2024-03-05 07:25:29.172+00', '2024-03-05 07:25:29.172+00'),
(515, 2, 2, 'Mr. Toby Stanton', '{Dedric,Kendall,Johns}', 'plant', 'https://loremflickr.com/640/480?lock=1798476453117952', '2024-03-05 07:25:29.172+00', '2024-03-05 07:25:29.172+00'),
(516, 5, 1, 'Roland Hermann', '{Logan,Kyle,Beahan}', 'plant', 'https://loremflickr.com/640/480?lock=1741083558019072', '2024-03-05 07:25:29.172+00', '2024-03-05 07:25:29.172+00'),
(517, 5, 1, 'Pam Heidenreich', '{Gust,Quinn,MacGyver}', 'plant', 'https://loremflickr.com/640/480?lock=5713559191289856', '2024-03-05 07:25:29.172+00', '2024-03-05 07:25:29.172+00'),
(518, 7, 3, 'Bob Dooley', '{Audrey,Hayden,Hartmann}', 'plant', 'https://loremflickr.com/640/480?lock=4693839432384512', '2024-03-05 07:25:29.172+00', '2024-03-05 07:25:29.172+00'),
(519, 2, 1, 'Jaime Cassin', '{Hoyt,Logan,Zemlak}', 'plant', 'https://loremflickr.com/640/480?lock=7760779075911680', '2024-03-05 07:25:29.172+00', '2024-03-05 07:25:29.172+00'),
(520, 8, 2, 'Dwayne O''Reilly II', '{Lina,Ellis,Rau-Mohr}', 'plant', 'https://loremflickr.com/640/480?lock=6086180462395392', '2024-03-05 07:25:29.172+00', '2024-03-05 07:25:29.172+00'),
(521, 12, 1, 'Miss Alexis Bartell', '{Felix,Kennedy,Raynor}', 'plant', 'https://loremflickr.com/640/480?lock=1378227339657216', '2024-03-05 07:25:29.172+00', '2024-03-05 07:25:29.172+00'),
(522, 8, 4, 'Carroll Homenick', '{Janet,Phoenix,Walsh}', 'plant', 'https://loremflickr.com/640/480?lock=6747582277615616', '2024-03-05 07:25:29.172+00', '2024-03-05 07:25:29.172+00'),
(523, 3, 2, 'Clay Murray', '{Kiel,Ellis,Smith}', 'plant', 'https://loremflickr.com/640/480?lock=2805849544196096', '2024-03-05 07:25:29.172+00', '2024-03-05 07:25:29.172+00'),
(524, 2, 2, 'Hugh Kutch I', '{Monroe,Sawyer,Mitchell}', 'plant', 'https://loremflickr.com/640/480?lock=5510147782737920', '2024-03-05 07:25:29.172+00', '2024-03-05 07:25:29.172+00'),
(525, 5, 1, 'Peter Kuhn', '{Evangeline,Reagan,Parker}', 'plant', 'https://loremflickr.com/640/480?lock=7961618684051456', '2024-03-05 07:25:29.172+00', '2024-03-05 07:25:29.172+00'),
(526, 3, 3, 'Blanca Thompson', '{Sean,Sawyer,Bernier}', 'plant', 'https://loremflickr.com/640/480?lock=4770224916135936', '2024-03-05 07:25:29.172+00', '2024-03-05 07:25:29.172+00'),
(527, 6, 4, 'Amos Torp', '{Estelle,Taylor,Marquardt}', 'plant', 'https://loremflickr.com/640/480?lock=7317829781028864', '2024-03-05 07:25:29.172+00', '2024-03-05 07:25:29.172+00'),
(528, 7, 4, 'Dr. Sadie Predovic', '{Fidel,Parker,Marks}', 'plant', 'https://loremflickr.com/640/480?lock=4984769204977664', '2024-03-05 07:25:29.172+00', '2024-03-05 07:25:29.172+00'),
(529, 10, 4, 'Dana Johnson', '{Deja,Kai,Wolff}', 'plant', 'https://loremflickr.com/640/480?lock=104390025281536', '2024-03-05 07:25:29.172+00', '2024-03-05 07:25:29.172+00'),
(530, 7, 1, 'Susan Bode I', '{Jovany,Kyle,Muller}', 'plant', 'https://loremflickr.com/640/480?lock=707062789046272', '2024-03-05 07:25:29.172+00', '2024-03-05 07:25:29.172+00'),
(531, 6, 1, 'Lynne McLaughlin', '{Lue,Leslie,Harber}', 'plant', 'https://loremflickr.com/640/480?lock=2915070881300480', '2024-03-05 07:25:29.172+00', '2024-03-05 07:25:29.172+00'),
(532, 9, 2, 'Peggy Conn', '{Aileen,Billie,Schuster}', 'plant', 'https://loremflickr.com/640/480?lock=8072461536985088', '2024-03-05 07:25:29.172+00', '2024-03-05 07:25:29.172+00'),
(533, 4, 3, 'Melody Roob', '{Annette,London,Nienow-Blick}', 'plant', 'https://loremflickr.com/640/480?lock=3140731742978048', '2024-03-05 07:25:29.172+00', '2024-03-05 07:25:29.172+00'),
(534, 1, 4, 'Ms. Ann Haley', '{Verner,Sawyer,Rice}', 'plant', 'https://loremflickr.com/640/480?lock=6032205155401728', '2024-03-05 07:25:29.172+00', '2024-03-05 07:25:29.172+00'),
(535, 9, 1, 'Jeffery Stokes Sr.', '{Penelope,Avery,Erdman}', 'plant', 'https://loremflickr.com/640/480?lock=7497997015318528', '2024-03-05 07:25:29.172+00', '2024-03-05 07:25:29.172+00'),
(536, 7, 1, 'Curtis Feest', '{Timmothy,Addison,Nolan}', 'plant', 'https://loremflickr.com/640/480?lock=6764868164124672', '2024-03-05 07:25:29.172+00', '2024-03-05 07:25:29.172+00'),
(537, 5, 4, 'Audrey Hoeger', '{Julio,Harper,Feil}', 'plant', 'https://loremflickr.com/640/480?lock=7987218733858816', '2024-03-05 07:25:29.172+00', '2024-03-05 07:25:29.172+00'),
(538, 12, 3, 'Alonzo Friesen', '{Kay,Marlowe,Mohr}', 'plant', 'https://loremflickr.com/640/480?lock=3424247336665088', '2024-03-05 07:25:29.172+00', '2024-03-05 07:25:29.172+00'),
(539, 4, 2, 'Miguel Morissette', '{Norbert,Drew,Cormier}', 'plant', 'https://loremflickr.com/640/480?lock=7107158602678272', '2024-03-05 07:25:29.172+00', '2024-03-05 07:25:29.172+00'),
(540, 6, 3, 'Ben Stiedemann-Collins', '{Jose,Austin,Sporer}', 'plant', 'https://loremflickr.com/640/480?lock=4678952765358080', '2024-03-05 07:25:29.172+00', '2024-03-05 07:25:29.172+00'),
(541, 1, 1, 'Jerome McKenzie', '{Raina,Gray,Gerlach}', 'plant', 'https://loremflickr.com/640/480?lock=3408303906357248', '2024-03-05 07:25:29.172+00', '2024-03-05 07:25:29.172+00'),
(542, 10, 1, 'Roxanne Ziemann', '{Friedrich,North,Koss}', 'plant', 'https://loremflickr.com/640/480?lock=6628419859120128', '2024-03-05 07:25:29.172+00', '2024-03-05 07:25:29.172+00'),
(543, 1, 4, 'Calvin Frami', '{Dahlia,Billie,Doyle}', 'plant', 'https://loremflickr.com/640/480?lock=8202436976050176', '2024-03-05 07:25:29.172+00', '2024-03-05 07:25:29.172+00'),
(544, 3, 2, 'Ms. Edith Beer', '{Dallin,Kyle,Rohan}', 'plant', 'https://loremflickr.com/640/480?lock=5525131285757952', '2024-03-05 07:25:29.172+00', '2024-03-05 07:25:29.172+00'),
(545, 6, 4, 'Dr. Doyle Schuster', '{Darwin,Kyle,Emmerich}', 'plant', 'https://loremflickr.com/640/480?lock=1546361971408896', '2024-03-05 07:25:29.172+00', '2024-03-05 07:25:29.172+00'),
(546, 5, 1, 'Barbara Gorczany', '{Percy,Nico,Schaefer}', 'plant', 'https://loremflickr.com/640/480?lock=7726184032894976', '2024-03-05 07:25:29.172+00', '2024-03-05 07:25:29.172+00'),
(547, 3, 4, 'Terry Beier', '{Collin,Sawyer,Mayert}', 'plant', 'https://loremflickr.com/640/480?lock=5374988639010816', '2024-03-05 07:25:29.172+00', '2024-03-05 07:25:29.172+00'),
(548, 1, 4, 'Christopher Fay', '{Dana,Hayden,Jerde}', 'plant', 'https://loremflickr.com/640/480?lock=1036880837607424', '2024-03-05 07:25:29.172+00', '2024-03-05 07:25:29.172+00'),
(549, 12, 1, 'Hector Tillman', '{Celestino,Jules,Halvorson}', 'plant', 'https://loremflickr.com/640/480?lock=8374816323141632', '2024-03-05 07:25:29.172+00', '2024-03-05 07:25:29.172+00'),
(550, 3, 1, 'Dr. Darrin Zulauf', '{Carolyn,Rory,Turner}', 'plant', 'https://loremflickr.com/640/480?lock=7797944730255360', '2024-03-05 07:25:29.172+00', '2024-03-05 07:25:29.172+00'),
(551, 11, 4, 'Viola Leuschke-Schmidt DVM', '{Jamaal,North,Mann}', 'plant', 'https://loremflickr.com/640/480?lock=7271480039571456', '2024-03-05 07:25:29.172+00', '2024-03-05 07:25:29.172+00'),
(552, 10, 4, 'Clark Funk', '{Joana,Angel,Rolfson}', 'plant', 'https://loremflickr.com/640/480?lock=6820968179695616', '2024-03-05 07:25:29.172+00', '2024-03-05 07:25:29.172+00'),
(553, 5, 4, 'Cory Hickle', '{Herman,Anderson,Monahan}', 'plant', 'https://loremflickr.com/640/480?lock=5611986849103872', '2024-03-05 07:25:29.172+00', '2024-03-05 07:25:29.172+00'),
(554, 1, 1, 'Wilfred Cremin', '{Jeffry,Austin,Stokes}', 'plant', 'https://loremflickr.com/640/480?lock=3528898639822848', '2024-03-05 07:25:29.172+00', '2024-03-05 07:25:29.172+00'),
(555, 6, 2, 'Mr. Marshall Kling PhD', '{Sonny,Angel,Farrell}', 'plant', 'https://loremflickr.com/640/480?lock=1539745465237504', '2024-03-05 07:25:29.172+00', '2024-03-05 07:25:29.172+00'),
(556, 9, 2, 'Randolph Russel', '{Jacky,Anderson,Legros}', 'plant', 'https://loremflickr.com/640/480?lock=7874860361449472', '2024-03-05 07:25:29.172+00', '2024-03-05 07:25:29.172+00'),
(557, 10, 1, 'Hugh Schulist DVM', '{Randi,River,Mills}', 'plant', 'https://loremflickr.com/640/480?lock=1993475130130432', '2024-03-05 07:25:29.172+00', '2024-03-05 07:25:29.172+00'),
(558, 4, 3, 'Ruth Gutkowski', '{Lenna,Kendall,Wyman}', 'plant', 'https://loremflickr.com/640/480?lock=3985737424830464', '2024-03-05 07:25:29.172+00', '2024-03-05 07:25:29.172+00'),
(559, 8, 4, 'Edwin Reinger', '{Fermin,Phoenix,Streich}', 'plant', 'https://loremflickr.com/640/480?lock=7805367564107776', '2024-03-05 07:25:29.172+00', '2024-03-05 07:25:29.172+00'),
(560, 11, 3, 'Julio Pagac IV', '{Jess,Elliott,Auer}', 'plant', 'https://loremflickr.com/640/480?lock=7580884544782336', '2024-03-05 07:25:29.172+00', '2024-03-05 07:25:29.172+00'),
(561, 10, 4, 'Kevin Wilkinson', '{Kyla,Drew,Volkman}', 'plant', 'https://loremflickr.com/640/480?lock=6889336857427968', '2024-03-05 07:25:29.172+00', '2024-03-05 07:25:29.172+00'),
(562, 8, 4, 'Kristy Strosin', '{Isidro,Quinn,Beer}', 'plant', 'https://loremflickr.com/640/480?lock=3026068904607744', '2024-03-05 07:25:29.172+00', '2024-03-05 07:25:29.172+00'),
(563, 9, 1, 'Stephanie Hegmann', '{Zoila,Rory,Bahringer}', 'plant', 'https://loremflickr.com/640/480?lock=7709711004598272', '2024-03-05 07:25:29.172+00', '2024-03-05 07:25:29.172+00'),
(564, 1, 2, 'Eileen Hodkiewicz', '{Adrianna,Austin,Feeney}', 'plant', 'https://loremflickr.com/640/480?lock=749101119438848', '2024-03-05 07:25:29.172+00', '2024-03-05 07:25:29.172+00'),
(565, 9, 2, 'Shari Bernhard', '{Kamren,Jordan,Walker}', 'plant', 'https://loremflickr.com/640/480?lock=671536308551680', '2024-03-05 07:25:29.172+00', '2024-03-05 07:25:29.172+00'),
(566, 4, 3, 'Jeanne Lesch', '{Vena,Phoenix,Jones}', 'plant', 'https://loremflickr.com/640/480?lock=976370180030464', '2024-03-05 07:25:29.172+00', '2024-03-05 07:25:29.172+00'),
(567, 9, 4, 'Susan Goodwin DDS', '{Kendrick,Finley,Spinka}', 'plant', 'https://loremflickr.com/640/480?lock=3359215695429632', '2024-03-05 07:25:29.172+00', '2024-03-05 07:25:29.172+00'),
(568, 11, 2, 'Maurice Brown', '{Linwood,Brooklyn,Herzog}', 'plant', 'https://loremflickr.com/640/480?lock=8632500043644928', '2024-03-05 07:25:29.172+00', '2024-03-05 07:25:29.172+00'),
(569, 7, 2, 'Faye O''Connell', '{Jovan,Shiloh,Fadel}', 'plant', 'https://loremflickr.com/640/480?lock=2495518137647104', '2024-03-05 07:25:29.172+00', '2024-03-05 07:25:29.172+00'),
(570, 9, 1, 'Mercedes O''Reilly', '{Trevor,Dakota,Kuhic}', 'plant', 'https://loremflickr.com/640/480?lock=1069774245199872', '2024-03-05 07:25:29.173+00', '2024-03-05 07:25:29.173+00'),
(571, 12, 4, 'Dr. Terrell Hoppe-Considine', '{Sheridan,James,Schneider}', 'plant', 'https://loremflickr.com/640/480?lock=4515094773891072', '2024-03-05 07:25:29.173+00', '2024-03-05 07:25:29.173+00'),
(572, 3, 1, 'Ada Buckridge', '{Madelyn,August,Kling-Nicolas}', 'plant', 'https://loremflickr.com/640/480?lock=190209941569536', '2024-03-05 07:25:29.173+00', '2024-03-05 07:25:29.173+00'),
(573, 1, 3, 'Tommie Hills', '{Melvina,Brooklyn,Kulas}', 'plant', 'https://loremflickr.com/640/480?lock=6073716536508416', '2024-03-05 07:25:29.173+00', '2024-03-05 07:25:29.173+00'),
(574, 3, 2, 'Dr. Andrew Romaguera', '{Cole,Angel,Kshlerin}', 'plant', 'https://loremflickr.com/640/480?lock=7805982239358976', '2024-03-05 07:25:29.173+00', '2024-03-05 07:25:29.173+00'),
(575, 1, 4, 'Harry Walker I', '{Estefania,Drew,Torphy}', 'plant', 'https://loremflickr.com/640/480?lock=2608283617591296', '2024-03-05 07:25:29.173+00', '2024-03-05 07:25:29.173+00'),
(576, 2, 4, 'Grace Nolan', '{Malachi,Addison,Harvey-Howell}', 'plant', 'https://loremflickr.com/640/480?lock=3635541578874880', '2024-03-05 07:25:29.173+00', '2024-03-05 07:25:29.173+00'),
(577, 9, 4, 'Bryan Metz', '{Francisca,Kennedy,Wintheiser}', 'plant', 'https://loremflickr.com/640/480?lock=1136707030220800', '2024-03-05 07:25:29.173+00', '2024-03-05 07:25:29.173+00'),
(578, 11, 1, 'Daisy Graham', '{Garth,Ellis,Powlowski}', 'plant', 'https://loremflickr.com/640/480?lock=8575850154819584', '2024-03-05 07:25:29.173+00', '2024-03-05 07:25:29.173+00'),
(579, 4, 3, 'Irene Krajcik II', '{Calista,Harper,Rogahn}', 'plant', 'https://loremflickr.com/640/480?lock=1777925340790784', '2024-03-05 07:25:29.173+00', '2024-03-05 07:25:29.173+00'),
(580, 9, 3, 'Julius Kuhn', '{Henderson,Angel,Stiedemann}', 'plant', 'https://loremflickr.com/640/480?lock=1075645664722944', '2024-03-05 07:25:29.173+00', '2024-03-05 07:25:29.173+00'),
(581, 3, 4, 'Lori Emmerich', '{Lupe,Blake,Walker}', 'plant', 'https://loremflickr.com/640/480?lock=7199807483412480', '2024-03-05 07:25:29.173+00', '2024-03-05 07:25:29.173+00'),
(582, 1, 2, 'Jim Koelpin', '{Newell,Hayden,Wyman}', 'plant', 'https://loremflickr.com/640/480?lock=5234887472709632', '2024-03-05 07:25:29.173+00', '2024-03-05 07:25:29.173+00'),
(583, 1, 2, 'Lamar Funk', '{Reva,Sawyer,Mann}', 'plant', 'https://loremflickr.com/640/480?lock=1716294174900224', '2024-03-05 07:25:29.173+00', '2024-03-05 07:25:29.173+00'),
(584, 7, 1, 'Kurt Torp', '{Oswald,Logan,Ratke}', 'plant', 'https://loremflickr.com/640/480?lock=3760820806746112', '2024-03-05 07:25:29.173+00', '2024-03-05 07:25:29.173+00'),
(585, 6, 1, 'Jessie Hoeger', '{Ransom,James,Upton}', 'plant', 'https://loremflickr.com/640/480?lock=1296039084556288', '2024-03-05 07:25:29.173+00', '2024-03-05 07:25:29.173+00'),
(586, 2, 2, 'Eugene O''Kon', '{Ned,Riley,Runolfsson}', 'plant', 'https://loremflickr.com/640/480?lock=8474128164061184', '2024-03-05 07:25:29.173+00', '2024-03-05 07:25:29.173+00'),
(587, 6, 4, 'Desiree Sauer', '{Ernestina,Greer,Johnson}', 'plant', 'https://loremflickr.com/640/480?lock=4156219652571136', '2024-03-05 07:25:29.173+00', '2024-03-05 07:25:29.173+00'),
(588, 5, 2, 'Kevin Rempel II', '{Krista,River,Littel}', 'plant', 'https://loremflickr.com/640/480?lock=6651664157114368', '2024-03-05 07:25:29.173+00', '2024-03-05 07:25:29.173+00'),
(589, 10, 3, 'Joan Cremin', '{Lavonne,Shawn,Stark}', 'plant', 'https://loremflickr.com/640/480?lock=3815990630547456', '2024-03-05 07:25:29.173+00', '2024-03-05 07:25:29.173+00'),
(590, 4, 3, 'Curtis Powlowski', '{Aletha,Arden,Ruecker}', 'plant', 'https://loremflickr.com/640/480?lock=658605325942784', '2024-03-05 07:25:29.173+00', '2024-03-05 07:25:29.173+00'),
(591, 7, 4, 'Bridget Denesik', '{Shannon,Dakota,Hudson}', 'plant', 'https://loremflickr.com/640/480?lock=1745211506032640', '2024-03-05 07:25:29.173+00', '2024-03-05 07:25:29.173+00'),
(592, 12, 2, 'Vanessa Waelchi', '{Eveline,Drew,McGlynn}', 'plant', 'https://loremflickr.com/640/480?lock=5979001025724416', '2024-03-05 07:25:29.173+00', '2024-03-05 07:25:29.173+00'),
(593, 12, 3, 'Jane Mosciski', '{Keagan,Finley,Rau}', 'plant', 'https://loremflickr.com/640/480?lock=1080504547803136', '2024-03-05 07:25:29.173+00', '2024-03-05 07:25:29.173+00'),
(594, 9, 4, 'Conrad Johns', '{Harold,Bowie,Lueilwitz}', 'plant', 'https://loremflickr.com/640/480?lock=8024530389827584', '2024-03-05 07:25:29.173+00', '2024-03-05 07:25:29.173+00'),
(595, 6, 2, 'Hector Ferry', '{Raina,Reese,Torp}', 'plant', 'https://loremflickr.com/640/480?lock=2653575157121024', '2024-03-05 07:25:29.173+00', '2024-03-05 07:25:29.173+00'),
(596, 3, 1, 'Patricia Mills', '{Christa,Kendall,Ruecker}', 'plant', 'https://loremflickr.com/640/480?lock=8666567550173184', '2024-03-05 07:25:29.173+00', '2024-03-05 07:25:29.173+00'),
(597, 9, 3, 'Tony Reynolds', '{Anna,Jordan,Senger}', 'plant', 'https://loremflickr.com/640/480?lock=8173362410946560', '2024-03-05 07:25:29.173+00', '2024-03-05 07:25:29.173+00'),
(598, 11, 4, 'Phil Huel MD', '{Delfina,James,Mann}', 'plant', 'https://loremflickr.com/640/480?lock=3877788872343552', '2024-03-05 07:25:29.173+00', '2024-03-05 07:25:29.173+00'),
(599, 5, 1, 'Alexis Miller', '{Tess,North,Hilpert}', 'plant', 'https://loremflickr.com/640/480?lock=6902241311064064', '2024-03-05 07:25:29.173+00', '2024-03-05 07:25:29.173+00'),
(600, 12, 2, 'David Kertzmann', '{Charity,Jordan,Klocko}', 'plant', 'https://loremflickr.com/640/480?lock=2492978742427648', '2024-03-05 07:25:29.173+00', '2024-03-05 07:25:29.173+00'),
(601, 10, 3, 'Emilio Kessler', '{Vince,Bowie,Spencer-Ondricka}', 'plant', 'https://loremflickr.com/640/480?lock=7861744076587008', '2024-03-05 07:25:29.181+00', '2024-03-05 07:25:29.181+00'),
(602, 9, 3, 'Andrew Ebert', '{Chase,Finley,Douglas}', 'plant', 'https://loremflickr.com/640/480?lock=3017003346427904', '2024-03-05 07:25:29.181+00', '2024-03-05 07:25:29.181+00'),
(603, 9, 2, 'Nelson Kirlin', '{Enoch,Austin,Schuppe}', 'plant', 'https://loremflickr.com/640/480?lock=252153912360960', '2024-03-05 07:25:29.181+00', '2024-03-05 07:25:29.181+00'),
(604, 11, 2, 'Geneva Kuhn', '{Edyth,Angel,Hackett}', 'plant', 'https://loremflickr.com/640/480?lock=1110941766778880', '2024-03-05 07:25:29.181+00', '2024-03-05 07:25:29.181+00'),
(605, 11, 4, 'Forrest Mertz', '{Leif,Angel,Cummings}', 'plant', 'https://loremflickr.com/640/480?lock=1881402356269056', '2024-03-05 07:25:29.181+00', '2024-03-05 07:25:29.181+00'),
(606, 8, 1, 'Robin Botsford', '{Ciara,Alex,Schuster}', 'plant', 'https://loremflickr.com/640/480?lock=8090581242740736', '2024-03-05 07:25:29.181+00', '2024-03-05 07:25:29.181+00'),
(607, 5, 3, 'Christian Zemlak', '{Art,Bailey,Koepp}', 'plant', 'https://loremflickr.com/640/480?lock=6519649629896704', '2024-03-05 07:25:29.181+00', '2024-03-05 07:25:29.181+00'),
(608, 1, 1, 'Lucas McGlynn', '{Brett,Bowie,Heller}', 'plant', 'https://loremflickr.com/640/480?lock=1180144368615424', '2024-03-05 07:25:29.181+00', '2024-03-05 07:25:29.181+00'),
(609, 1, 2, 'Mr. Drew Haag', '{Joe,Elliott,Olson}', 'plant', 'https://loremflickr.com/640/480?lock=5085438477860864', '2024-03-05 07:25:29.181+00', '2024-03-05 07:25:29.181+00'),
(610, 10, 1, 'Morris Jones', '{Jude,Finley,King}', 'plant', 'https://loremflickr.com/640/480?lock=1139804559376384', '2024-03-05 07:25:29.181+00', '2024-03-05 07:25:29.181+00'),
(611, 8, 1, 'Martin Ritchie-Cummings', '{Rashawn,Austin,Raynor}', 'plant', 'https://loremflickr.com/640/480?lock=7590436868718592', '2024-03-05 07:25:29.181+00', '2024-03-05 07:25:29.181+00'),
(612, 1, 3, 'Elaine Johns', '{Andres,Hayden,Cummings}', 'plant', 'https://loremflickr.com/640/480?lock=5871995377942528', '2024-03-05 07:25:29.181+00', '2024-03-05 07:25:29.181+00'),
(613, 3, 1, 'Perry Renner', '{Mack,Sawyer,Bode}', 'plant', 'https://loremflickr.com/640/480?lock=8389995259756544', '2024-03-05 07:25:29.181+00', '2024-03-05 07:25:29.181+00'),
(614, 8, 1, 'Ms. Gretchen Cormier', '{Isobel,North,Langworth}', 'plant', 'https://loremflickr.com/640/480?lock=8579580703014912', '2024-03-05 07:25:29.181+00', '2024-03-05 07:25:29.181+00'),
(615, 1, 3, 'Gwen Klein', '{Wyman,North,Hilll}', 'plant', 'https://loremflickr.com/640/480?lock=6870088223293440', '2024-03-05 07:25:29.181+00', '2024-03-05 07:25:29.181+00'),
(616, 2, 1, 'Beverly Ruecker', '{Michaela,Blake,Lebsack}', 'plant', 'https://loremflickr.com/640/480?lock=8446990455144448', '2024-03-05 07:25:29.181+00', '2024-03-05 07:25:29.181+00'),
(617, 1, 1, 'Katie Dicki', '{Lizzie,Ryan,Mraz}', 'plant', 'https://loremflickr.com/640/480?lock=1534691995811840', '2024-03-05 07:25:29.181+00', '2024-03-05 07:25:29.181+00'),
(618, 6, 4, 'Arlene Wunsch', '{Eloise,Noah,Bode}', 'plant', 'https://loremflickr.com/640/480?lock=2918788680908800', '2024-03-05 07:25:29.181+00', '2024-03-05 07:25:29.181+00'),
(619, 9, 2, 'Tabitha McCullough', '{Titus,Avery,Ryan}', 'plant', 'https://loremflickr.com/640/480?lock=8117668919902208', '2024-03-05 07:25:29.181+00', '2024-03-05 07:25:29.181+00'),
(620, 10, 1, 'Jenny Fritsch', '{Adella,Ryan,Welch}', 'plant', 'https://loremflickr.com/640/480?lock=4740816442490880', '2024-03-05 07:25:29.181+00', '2024-03-05 07:25:29.181+00'),
(621, 12, 3, 'Emanuel Hane-Senger', '{Felicity,Jules,Kreiger}', 'plant', 'https://loremflickr.com/640/480?lock=119234967371776', '2024-03-05 07:25:29.181+00', '2024-03-05 07:25:29.181+00'),
(622, 6, 2, 'Alyssa Rempel', '{Simone,Alex,Kohler}', 'plant', 'https://loremflickr.com/640/480?lock=8514784534200320', '2024-03-05 07:25:29.181+00', '2024-03-05 07:25:29.181+00'),
(623, 3, 3, 'Celia Parker', '{Pearlie,Corey,Murazik}', 'plant', 'https://loremflickr.com/640/480?lock=2234155570036736', '2024-03-05 07:25:29.181+00', '2024-03-05 07:25:29.181+00'),
(624, 7, 4, 'Robin Armstrong', '{Letitia,Kyle,Bayer}', 'plant', 'https://loremflickr.com/640/480?lock=4016630902292480', '2024-03-05 07:25:29.181+00', '2024-03-05 07:25:29.181+00'),
(625, 4, 1, 'Dorothy Berge', '{Penelope,Robin,Feeney-Windler}', 'plant', 'https://loremflickr.com/640/480?lock=6532664328716288', '2024-03-05 07:25:29.182+00', '2024-03-05 07:25:29.182+00'),
(626, 9, 2, 'Russell Bartoletti', '{Jamir,Hayden,Krajcik}', 'plant', 'https://loremflickr.com/640/480?lock=4504967018708992', '2024-03-05 07:25:29.182+00', '2024-03-05 07:25:29.182+00'),
(627, 6, 2, 'Orville Breitenberg', '{Mathias,Shawn,Dare}', 'plant', 'https://loremflickr.com/640/480?lock=414256384180224', '2024-03-05 07:25:29.182+00', '2024-03-05 07:25:29.182+00'),
(628, 6, 2, 'Rickey Legros', '{Maritza,Addison,Waelchi}', 'plant', 'https://loremflickr.com/640/480?lock=2033238266609664', '2024-03-05 07:25:29.182+00', '2024-03-05 07:25:29.182+00'),
(629, 4, 3, 'Lorene Wiza', '{Muriel,Dakota,White}', 'plant', 'https://loremflickr.com/640/480?lock=5864223022252032', '2024-03-05 07:25:29.182+00', '2024-03-05 07:25:29.182+00'),
(630, 7, 4, 'May Reinger', '{Maxie,Rory,Collins}', 'plant', 'https://loremflickr.com/640/480?lock=8246179135488000', '2024-03-05 07:25:29.182+00', '2024-03-05 07:25:29.182+00'),
(631, 9, 1, 'Laurie Legros', '{Casper,Kyle,Kshlerin-Larkin}', 'plant', 'https://loremflickr.com/640/480?lock=2601537033469952', '2024-03-05 07:25:29.182+00', '2024-03-05 07:25:29.182+00'),
(632, 5, 1, 'Philip Bogan', '{Sally,Leslie,Champlin}', 'plant', 'https://loremflickr.com/640/480?lock=3192469701263360', '2024-03-05 07:25:29.182+00', '2024-03-05 07:25:29.182+00'),
(633, 6, 3, 'Boyd Hilll', '{Adolph,Austin,Kerluke}', 'plant', 'https://loremflickr.com/640/480?lock=6400046337622016', '2024-03-05 07:25:29.182+00', '2024-03-05 07:25:29.182+00'),
(634, 6, 2, 'Chester Koch', '{Kaden,Riley,Walker}', 'plant', 'https://loremflickr.com/640/480?lock=5006429507289088', '2024-03-05 07:25:29.182+00', '2024-03-05 07:25:29.182+00'),
(635, 10, 3, 'Ms. Shirley Dooley', '{Everette,Cameron,Johnson}', 'plant', 'https://loremflickr.com/640/480?lock=3389491888783360', '2024-03-05 07:25:29.182+00', '2024-03-05 07:25:29.182+00'),
(636, 8, 1, 'Jeffrey Hermiston', '{Maryjane,Cameron,Marquardt}', 'plant', 'https://loremflickr.com/640/480?lock=7385719754457088', '2024-03-05 07:25:29.182+00', '2024-03-05 07:25:29.182+00'),
(637, 7, 2, 'Glenda Russel DDS', '{Joana,Reagan,Wunsch}', 'plant', 'https://loremflickr.com/640/480?lock=6357168492118016', '2024-03-05 07:25:29.182+00', '2024-03-05 07:25:29.182+00'),
(638, 12, 1, 'David Bergstrom', '{Ayana,London,Cartwright}', 'plant', 'https://loremflickr.com/640/480?lock=6951679953993728', '2024-03-05 07:25:29.182+00', '2024-03-05 07:25:29.182+00'),
(639, 12, 1, 'Gerald Bernier', '{Carmela,Jules,McKenzie}', 'plant', 'https://loremflickr.com/640/480?lock=7409183802523648', '2024-03-05 07:25:29.182+00', '2024-03-05 07:25:29.182+00'),
(640, 7, 1, 'Miss Mae Schimmel', '{May,Shiloh,Langosh}', 'plant', 'https://loremflickr.com/640/480?lock=198531409248256', '2024-03-05 07:25:29.182+00', '2024-03-05 07:25:29.182+00'),
(641, 2, 4, 'Alfonso Krajcik', '{Theo,Logan,Crona}', 'plant', 'https://loremflickr.com/640/480?lock=4229689363136512', '2024-03-05 07:25:29.182+00', '2024-03-05 07:25:29.182+00'),
(642, 1, 2, 'Silvia Hoeger', '{Ransom,Micah,Hansen}', 'plant', 'https://loremflickr.com/640/480?lock=926421084012544', '2024-03-05 07:25:29.182+00', '2024-03-05 07:25:29.182+00'),
(643, 3, 4, 'Ms. Eva Nolan', '{Kimberly,Dakota,Wilkinson}', 'plant', 'https://loremflickr.com/640/480?lock=5900709451005952', '2024-03-05 07:25:29.182+00', '2024-03-05 07:25:29.182+00'),
(644, 4, 2, 'Celia Brown', '{Mckenzie,Micah,Schoen}', 'plant', 'https://loremflickr.com/640/480?lock=5977810384453632', '2024-03-05 07:25:29.182+00', '2024-03-05 07:25:29.182+00'),
(645, 1, 1, 'Mindy Langworth', '{Fermin,Phoenix,Orn}', 'plant', 'https://loremflickr.com/640/480?lock=7006311958970368', '2024-03-05 07:25:29.182+00', '2024-03-05 07:25:29.182+00'),
(646, 7, 1, 'Eugene Aufderhar', '{Orion,Austin,Gulgowski}', 'plant', 'https://loremflickr.com/640/480?lock=7362147151511552', '2024-03-05 07:25:29.182+00', '2024-03-05 07:25:29.182+00'),
(647, 3, 4, 'Miss Eula Weimann Jr.', '{Roy,Emerson,Barrows}', 'plant', 'https://loremflickr.com/640/480?lock=3056279215931392', '2024-03-05 07:25:29.182+00', '2024-03-05 07:25:29.182+00'),
(648, 10, 3, 'Santos Schaden', '{Michale,Rowan,Bosco}', 'plant', 'https://loremflickr.com/640/480?lock=9774586396672', '2024-03-05 07:25:29.182+00', '2024-03-05 07:25:29.182+00'),
(649, 6, 1, 'Susan Stracke', '{Mollie,Blake,Nikolaus}', 'plant', 'https://loremflickr.com/640/480?lock=6674591875334144', '2024-03-05 07:25:29.182+00', '2024-03-05 07:25:29.182+00'),
(650, 6, 1, 'Blanche Johnston', '{Keanu,Brooklyn,Wunsch}', 'plant', 'https://loremflickr.com/640/480?lock=6744256387481600', '2024-03-05 07:25:29.182+00', '2024-03-05 07:25:29.182+00'),
(651, 11, 3, 'Aaron Leffler', '{Ronny,Dakota,Beatty-Larson}', 'plant', 'https://loremflickr.com/640/480?lock=5360409838092288', '2024-03-05 07:25:29.182+00', '2024-03-05 07:25:29.182+00'),
(652, 8, 2, 'Joel Cassin', '{Ellsworth,Kyle,Moore}', 'plant', 'https://loremflickr.com/640/480?lock=1856863834472448', '2024-03-05 07:25:29.182+00', '2024-03-05 07:25:29.182+00'),
(653, 7, 3, 'Johnathan Boehm III', '{Rowan,Shawn,Crooks}', 'plant', 'https://loremflickr.com/640/480?lock=191981227606016', '2024-03-05 07:25:29.182+00', '2024-03-05 07:25:29.182+00'),
(654, 10, 4, 'Dana Treutel', '{Edwina,Jules,Kunde}', 'plant', 'https://loremflickr.com/640/480?lock=4471385860603904', '2024-03-05 07:25:29.182+00', '2024-03-05 07:25:29.182+00'),
(655, 9, 1, 'Dean Hahn', '{Shemar,Jaden,Abshire}', 'plant', 'https://loremflickr.com/640/480?lock=1490493695328256', '2024-03-05 07:25:29.182+00', '2024-03-05 07:25:29.182+00'),
(656, 5, 4, 'Georgia Franecki', '{Lonzo,Micah,Will}', 'plant', 'https://loremflickr.com/640/480?lock=5574163269943296', '2024-03-05 07:25:29.182+00', '2024-03-05 07:25:29.182+00'),
(657, 7, 4, 'Trevor Gulgowski', '{Justina,Leslie,Gulgowski}', 'plant', 'https://loremflickr.com/640/480?lock=2972026337755136', '2024-03-05 07:25:29.182+00', '2024-03-05 07:25:29.182+00'),
(658, 6, 4, 'Leonard Erdman', '{Carlee,Hayden,Hilpert}', 'plant', 'https://loremflickr.com/640/480?lock=8928001087504384', '2024-03-05 07:25:29.182+00', '2024-03-05 07:25:29.182+00'),
(659, 4, 1, 'Emma Mante', '{Emerald,Jaden,Medhurst}', 'plant', 'https://loremflickr.com/640/480?lock=5761521718132736', '2024-03-05 07:25:29.182+00', '2024-03-05 07:25:29.182+00'),
(660, 9, 3, 'Terri Legros', '{Wyatt,Ellis,Bauch}', 'plant', 'https://loremflickr.com/640/480?lock=3735074321203200', '2024-03-05 07:25:29.182+00', '2024-03-05 07:25:29.182+00'),
(661, 2, 1, 'Darrell Vandervort MD', '{Jeffrey,Kennedy,Price}', 'plant', 'https://loremflickr.com/640/480?lock=3060347042791424', '2024-03-05 07:25:29.182+00', '2024-03-05 07:25:29.182+00'),
(662, 6, 1, 'Elvira Baumbach', '{Marjolaine,North,Pfeffer}', 'plant', 'https://loremflickr.com/640/480?lock=5765032822439936', '2024-03-05 07:25:29.182+00', '2024-03-05 07:25:29.182+00'),
(663, 4, 1, 'Doug Bins', '{Katlyn,Nico,McDermott}', 'plant', 'https://loremflickr.com/640/480?lock=1254654264475648', '2024-03-05 07:25:29.182+00', '2024-03-05 07:25:29.182+00'),
(664, 10, 1, 'Teri Stehr', '{Nils,Reagan,Cremin}', 'plant', 'https://loremflickr.com/640/480?lock=5863148286377984', '2024-03-05 07:25:29.182+00', '2024-03-05 07:25:29.182+00'),
(665, 2, 3, 'Sonia Schroeder', '{Carrie,Angel,Simonis}', 'plant', 'https://loremflickr.com/640/480?lock=5541536240500736', '2024-03-05 07:25:29.182+00', '2024-03-05 07:25:29.182+00'),
(666, 6, 1, 'Lowell Schinner DDS', '{Maybelle,River,Haag}', 'plant', 'https://loremflickr.com/640/480?lock=1851661783924736', '2024-03-05 07:25:29.182+00', '2024-03-05 07:25:29.182+00'),
(667, 7, 3, 'Joann Herman', '{Manley,Hayden,O''Conner}', 'plant', 'https://loremflickr.com/640/480?lock=8175597842857984', '2024-03-05 07:25:29.182+00', '2024-03-05 07:25:29.182+00'),
(668, 12, 3, 'Mr. Rick Ruecker', '{Dane,Blake,Howe}', 'plant', 'https://loremflickr.com/640/480?lock=1263738355187712', '2024-03-05 07:25:29.182+00', '2024-03-05 07:25:29.182+00'),
(669, 8, 1, 'Jenna Cole', '{Magnolia,Ryan,Macejkovic}', 'plant', 'https://loremflickr.com/640/480?lock=2765369982844928', '2024-03-05 07:25:29.182+00', '2024-03-05 07:25:29.182+00'),
(670, 3, 2, 'Erik Leannon', '{Alize,River,Hintz}', 'plant', 'https://loremflickr.com/640/480?lock=4456727896391680', '2024-03-05 07:25:29.182+00', '2024-03-05 07:25:29.182+00'),
(671, 2, 3, 'Ramona Reichel', '{Lilliana,Austin,Bayer}', 'plant', 'https://loremflickr.com/640/480?lock=6543470718091264', '2024-03-05 07:25:29.182+00', '2024-03-05 07:25:29.182+00'),
(672, 3, 1, 'Ron Treutel', '{Vinnie,Ryan,Dickinson}', 'plant', 'https://loremflickr.com/640/480?lock=1698110506008576', '2024-03-05 07:25:29.182+00', '2024-03-05 07:25:29.182+00'),
(673, 11, 4, 'Allison Pacocha', '{Hermann,Gray,Jaskolski}', 'plant', 'https://loremflickr.com/640/480?lock=4218307498475520', '2024-03-05 07:25:29.182+00', '2024-03-05 07:25:29.182+00'),
(674, 10, 4, 'Mrs. Connie D''Amore', '{Vivien,Dakota,Halvorson}', 'plant', 'https://loremflickr.com/640/480?lock=4697817513721856', '2024-03-05 07:25:29.182+00', '2024-03-05 07:25:29.182+00'),
(675, 1, 4, 'Dr. Christian Sporer', '{Cassidy,Bailey,Vandervort}', 'plant', 'https://loremflickr.com/640/480?lock=4911180369887232', '2024-03-05 07:25:29.182+00', '2024-03-05 07:25:29.182+00'),
(676, 2, 1, 'Stuart Lindgren', '{Barbara,Addison,Lemke}', 'plant', 'https://loremflickr.com/640/480?lock=1835551034441728', '2024-03-05 07:25:29.182+00', '2024-03-05 07:25:29.182+00'),
(677, 8, 1, 'Duane Torphy', '{Aisha,Nico,Jones}', 'plant', 'https://loremflickr.com/640/480?lock=7720519398850560', '2024-03-05 07:25:29.182+00', '2024-03-05 07:25:29.182+00'),
(678, 6, 3, 'Mrs. Susan Gulgowski', '{Reanna,Logan,Jones}', 'plant', 'https://loremflickr.com/640/480?lock=5475586715680768', '2024-03-05 07:25:29.182+00', '2024-03-05 07:25:29.182+00'),
(679, 6, 3, 'Annette Runte', '{Sadye,Alex,Streich}', 'plant', 'https://loremflickr.com/640/480?lock=6260355693019136', '2024-03-05 07:25:29.182+00', '2024-03-05 07:25:29.182+00'),
(680, 5, 4, 'Eula Bayer', '{Rhoda,Sawyer,Ward}', 'plant', 'https://loremflickr.com/640/480?lock=8163382410608640', '2024-03-05 07:25:29.182+00', '2024-03-05 07:25:29.182+00'),
(681, 12, 3, 'Melissa Satterfield', '{Shane,River,Renner}', 'plant', 'https://loremflickr.com/640/480?lock=590094098497536', '2024-03-05 07:25:29.182+00', '2024-03-05 07:25:29.182+00'),
(682, 1, 1, 'Dominick Harber', '{Darius,Phoenix,Stiedemann}', 'plant', 'https://loremflickr.com/640/480?lock=556710857015296', '2024-03-05 07:25:29.182+00', '2024-03-05 07:25:29.182+00'),
(683, 6, 4, 'Dallas Turcotte', '{Madyson,Kendall,McClure}', 'plant', 'https://loremflickr.com/640/480?lock=5485621975973888', '2024-03-05 07:25:29.182+00', '2024-03-05 07:25:29.182+00'),
(684, 4, 2, 'Derek Denesik', '{Naomie,North,Kuhn}', 'plant', 'https://loremflickr.com/640/480?lock=2913584464003072', '2024-03-05 07:25:29.183+00', '2024-03-05 07:25:29.183+00'),
(685, 2, 4, 'Marcia Bednar IV', '{Duncan,Avery,Gulgowski}', 'plant', 'https://loremflickr.com/640/480?lock=2513151895535616', '2024-03-05 07:25:29.183+00', '2024-03-05 07:25:29.183+00'),
(686, 10, 3, 'Lucas Hartmann', '{Aurelio,Cameron,Metz}', 'plant', 'https://loremflickr.com/640/480?lock=2457539042082816', '2024-03-05 07:25:29.183+00', '2024-03-05 07:25:29.183+00'),
(687, 10, 1, 'Elmer Mayert', '{Khalil,Micah,Donnelly}', 'plant', 'https://loremflickr.com/640/480?lock=5856654039973888', '2024-03-05 07:25:29.183+00', '2024-03-05 07:25:29.183+00'),
(688, 2, 2, 'Mr. Byron Frami', '{Stone,Jules,Breitenberg}', 'plant', 'https://loremflickr.com/640/480?lock=8555657812770816', '2024-03-05 07:25:29.183+00', '2024-03-05 07:25:29.183+00'),
(689, 11, 1, 'Gina Mayer', '{Oscar,Ellis,Cartwright}', 'plant', 'https://loremflickr.com/640/480?lock=115694668611584', '2024-03-05 07:25:29.183+00', '2024-03-05 07:25:29.183+00'),
(690, 2, 2, 'Deborah Huels', '{Jaylan,Robin,Schmitt}', 'plant', 'https://loremflickr.com/640/480?lock=6933540868456448', '2024-03-05 07:25:29.183+00', '2024-03-05 07:25:29.183+00'),
(691, 2, 2, 'Roderick Howe', '{Alberto,Finley,Padberg}', 'plant', 'https://loremflickr.com/640/480?lock=3686061286883328', '2024-03-05 07:25:29.183+00', '2024-03-05 07:25:29.183+00'),
(692, 12, 4, 'Dustin Schaefer', '{Estell,Greer,Wiegand}', 'plant', 'https://loremflickr.com/640/480?lock=3149439537512448', '2024-03-05 07:25:29.183+00', '2024-03-05 07:25:29.183+00'),
(693, 1, 4, 'Tyrone Marquardt', '{Magdalena,Ryan,Hammes}', 'plant', 'https://loremflickr.com/640/480?lock=3876480041877504', '2024-03-05 07:25:29.183+00', '2024-03-05 07:25:29.183+00'),
(694, 2, 1, 'Irene Lubowitz', '{Virginie,Kennedy,Hammes}', 'plant', 'https://loremflickr.com/640/480?lock=3144748814565376', '2024-03-05 07:25:29.183+00', '2024-03-05 07:25:29.183+00'),
(695, 6, 4, 'Phillip Cassin', '{Stephan,Robin,Schuppe}', 'plant', 'https://loremflickr.com/640/480?lock=6767249494900736', '2024-03-05 07:25:29.183+00', '2024-03-05 07:25:29.183+00'),
(696, 1, 1, 'Doug Beatty', '{Emmitt,Reagan,Prohaska}', 'plant', 'https://loremflickr.com/640/480?lock=7714239676416000', '2024-03-05 07:25:29.183+00', '2024-03-05 07:25:29.183+00'),
(697, 3, 1, 'Lana Cartwright', '{Jaylen,Charlie,Schmidt}', 'plant', 'https://loremflickr.com/640/480?lock=5425945263472640', '2024-03-05 07:25:29.183+00', '2024-03-05 07:25:29.183+00'),
(698, 6, 2, 'Susie Orn', '{Cristian,Quinn,Renner}', 'plant', 'https://loremflickr.com/640/480?lock=1790460714549248', '2024-03-05 07:25:29.183+00', '2024-03-05 07:25:29.183+00'),
(699, 5, 2, 'Rolando Dibbert-Kunze', '{Candido,Kai,Morar}', 'plant', 'https://loremflickr.com/640/480?lock=7876729848725504', '2024-03-05 07:25:29.183+00', '2024-03-05 07:25:29.183+00'),
(700, 9, 4, 'Clayton Monahan', '{Micheal,Logan,Johns-Cruickshank}', 'plant', 'https://loremflickr.com/640/480?lock=6800556710428672', '2024-03-05 07:25:29.183+00', '2024-03-05 07:25:29.183+00'),
(701, 11, 2, 'Mrs. Erika Kohler', '{Dandre,Marlowe,Carroll}', 'plant', 'https://loremflickr.com/640/480?lock=8392236062474240', '2024-03-05 07:25:29.191+00', '2024-03-05 07:25:29.191+00'),
(702, 6, 2, 'Loren Stark', '{Violette,Angel,Monahan}', 'plant', 'https://loremflickr.com/640/480?lock=5827172044374016', '2024-03-05 07:25:29.191+00', '2024-03-05 07:25:29.191+00'),
(703, 7, 4, 'Carroll Feil III', '{Garrett,Brooklyn,Kuhic}', 'plant', 'https://loremflickr.com/640/480?lock=3571038753390592', '2024-03-05 07:25:29.191+00', '2024-03-05 07:25:29.191+00'),
(704, 5, 3, 'Jean Thiel', '{Ebba,River,Ernser}', 'plant', 'https://loremflickr.com/640/480?lock=1747238567018496', '2024-03-05 07:25:29.191+00', '2024-03-05 07:25:29.191+00'),
(705, 11, 2, 'Sheri Jerde-Robel I', '{Lesly,Harper,Emmerich-Boyer}', 'plant', 'https://loremflickr.com/640/480?lock=28984637128704', '2024-03-05 07:25:29.191+00', '2024-03-05 07:25:29.191+00'),
(706, 4, 1, 'Penny Wisozk', '{Jarvis,Emerson,Harvey}', 'plant', 'https://loremflickr.com/640/480?lock=6762737531092992', '2024-03-05 07:25:29.191+00', '2024-03-05 07:25:29.191+00'),
(707, 8, 3, 'Jan Daugherty', '{Ian,Taylor,Rutherford}', 'plant', 'https://loremflickr.com/640/480?lock=963826920980480', '2024-03-05 07:25:29.191+00', '2024-03-05 07:25:29.191+00'),
(708, 7, 2, 'Catherine Braun', '{Gerson,Billie,Balistreri}', 'plant', 'https://loremflickr.com/640/480?lock=2601985465384960', '2024-03-05 07:25:29.191+00', '2024-03-05 07:25:29.191+00'),
(709, 5, 4, 'Opal Kihn', '{Candice,Elliott,Gusikowski}', 'plant', 'https://loremflickr.com/640/480?lock=1145164676464640', '2024-03-05 07:25:29.191+00', '2024-03-05 07:25:29.191+00'),
(710, 11, 1, 'Mr. Glen Franecki', '{Desiree,Charlie,O''Keefe}', 'plant', 'https://loremflickr.com/640/480?lock=5752803785965568', '2024-03-05 07:25:29.191+00', '2024-03-05 07:25:29.191+00'),
(711, 8, 3, 'Arnold Beahan', '{Rashad,Reagan,Vandervort}', 'plant', 'https://loremflickr.com/640/480?lock=391424652607488', '2024-03-05 07:25:29.191+00', '2024-03-05 07:25:29.191+00'),
(712, 9, 3, 'Brandi Grant', '{Trenton,Micah,Ryan}', 'plant', 'https://loremflickr.com/640/480?lock=2635250626723840', '2024-03-05 07:25:29.191+00', '2024-03-05 07:25:29.191+00'),
(713, 10, 1, 'Luis Shields', '{Antonette,Micah,Gutkowski}', 'plant', 'https://loremflickr.com/640/480?lock=8826227953500160', '2024-03-05 07:25:29.191+00', '2024-03-05 07:25:29.191+00'),
(714, 4, 2, 'Arnold Hyatt-Doyle', '{Antonio,Jules,Smith}', 'plant', 'https://loremflickr.com/640/480?lock=858043791179776', '2024-03-05 07:25:29.191+00', '2024-03-05 07:25:29.191+00'),
(715, 2, 4, 'Dr. Francis Halvorson', '{Katelynn,Rowan,Nader}', 'plant', 'https://loremflickr.com/640/480?lock=1350394330480640', '2024-03-05 07:25:29.191+00', '2024-03-05 07:25:29.191+00'),
(716, 1, 2, 'Marguerite Auer', '{Hilario,Kai,Gibson}', 'plant', 'https://loremflickr.com/640/480?lock=3242484821917696', '2024-03-05 07:25:29.191+00', '2024-03-05 07:25:29.191+00'),
(717, 4, 4, 'Rachael Sipes I', '{Velma,Arden,Hoppe}', 'plant', 'https://loremflickr.com/640/480?lock=7603437046857728', '2024-03-05 07:25:29.191+00', '2024-03-05 07:25:29.191+00'),
(718, 5, 3, 'Jerome Jerde', '{Eva,Finley,Schaden}', 'plant', 'https://loremflickr.com/640/480?lock=8970305120763904', '2024-03-05 07:25:29.191+00', '2024-03-05 07:25:29.191+00'),
(719, 6, 2, 'Dennis Altenwerth', '{Katherine,River,Upton}', 'plant', 'https://loremflickr.com/640/480?lock=3881793205829632', '2024-03-05 07:25:29.191+00', '2024-03-05 07:25:29.191+00'),
(720, 11, 3, 'Randy Langworth', '{Deborah,James,Ryan-Maggio}', 'plant', 'https://loremflickr.com/640/480?lock=730248022851584', '2024-03-05 07:25:29.191+00', '2024-03-05 07:25:29.191+00'),
(721, 2, 1, 'Jonathan Hahn', '{Jena,Alex,Durgan}', 'plant', 'https://loremflickr.com/640/480?lock=4564620584943616', '2024-03-05 07:25:29.191+00', '2024-03-05 07:25:29.191+00'),
(722, 3, 1, 'Lucy Feeney II', '{Demarco,Bowie,Hoeger}', 'plant', 'https://loremflickr.com/640/480?lock=4376910859599872', '2024-03-05 07:25:29.191+00', '2024-03-05 07:25:29.191+00'),
(723, 12, 4, 'Ross Sipes', '{Miller,Kyle,Brakus}', 'plant', 'https://loremflickr.com/640/480?lock=2005004407799808', '2024-03-05 07:25:29.191+00', '2024-03-05 07:25:29.191+00'),
(724, 12, 1, 'Billy Spencer', '{Elisha,Bailey,Mante}', 'plant', 'https://loremflickr.com/640/480?lock=4591284824047616', '2024-03-05 07:25:29.191+00', '2024-03-05 07:25:29.191+00'),
(725, 3, 4, 'Rickey Stroman', '{Alyce,Cameron,Bailey}', 'plant', 'https://loremflickr.com/640/480?lock=4920538327678976', '2024-03-05 07:25:29.191+00', '2024-03-05 07:25:29.191+00'),
(726, 10, 2, 'Katie Lockman-Reichel', '{Ottilie,James,Sanford}', 'plant', 'https://loremflickr.com/640/480?lock=6665806333083648', '2024-03-05 07:25:29.191+00', '2024-03-05 07:25:29.191+00'),
(727, 8, 2, 'Robin Macejkovic', '{Corine,Jules,Paucek}', 'plant', 'https://loremflickr.com/640/480?lock=2942079523094528', '2024-03-05 07:25:29.191+00', '2024-03-05 07:25:29.191+00'),
(728, 10, 4, 'Forrest Powlowski', '{Alize,Taylor,Gislason}', 'plant', 'https://loremflickr.com/640/480?lock=8691338946019328', '2024-03-05 07:25:29.191+00', '2024-03-05 07:25:29.191+00'),
(729, 6, 2, 'Paulette Padberg', '{Mario,Drew,Cole}', 'plant', 'https://loremflickr.com/640/480?lock=347704437768192', '2024-03-05 07:25:29.191+00', '2024-03-05 07:25:29.191+00'),
(730, 2, 4, 'Meredith Heidenreich', '{Leann,Taylor,Macejkovic}', 'plant', 'https://loremflickr.com/640/480?lock=8280549812600832', '2024-03-05 07:25:29.191+00', '2024-03-05 07:25:29.191+00'),
(731, 4, 2, 'Nadine Dickinson', '{Reginald,Jordan,Gulgowski}', 'plant', 'https://loremflickr.com/640/480?lock=4158801689182208', '2024-03-05 07:25:29.191+00', '2024-03-05 07:25:29.191+00'),
(732, 1, 3, 'Miss Carole Ratke', '{Ethyl,Sawyer,Roob-Gleichner}', 'plant', 'https://loremflickr.com/640/480?lock=858613000175616', '2024-03-05 07:25:29.191+00', '2024-03-05 07:25:29.191+00');
INSERT INTO "public"."species" ("id", "family_name_id", "native_habitat_id", "name", "common_name", "tag", "image", "created_at", "updated_at") VALUES
(733, 4, 4, 'Damon O''Reilly PhD', '{Hailey,Bowie,Ankunding}', 'plant', 'https://loremflickr.com/640/480?lock=7648804845125632', '2024-03-05 07:25:29.191+00', '2024-03-05 07:25:29.191+00'),
(734, 7, 1, 'Dwight Turner', '{Margie,Bailey,Toy}', 'plant', 'https://loremflickr.com/640/480?lock=61095326777344', '2024-03-05 07:25:29.191+00', '2024-03-05 07:25:29.191+00'),
(735, 5, 3, 'Cornelius Mohr', '{Ashlynn,Jamie,Kshlerin}', 'plant', 'https://loremflickr.com/640/480?lock=5650804392329216', '2024-03-05 07:25:29.191+00', '2024-03-05 07:25:29.191+00'),
(736, 1, 3, 'Sharon Breitenberg DDS', '{Viola,Rowan,Sipes}', 'plant', 'https://loremflickr.com/640/480?lock=2188163902603264', '2024-03-05 07:25:29.191+00', '2024-03-05 07:25:29.191+00'),
(737, 9, 4, 'May Walker', '{Halie,Arden,Goodwin}', 'plant', 'https://loremflickr.com/640/480?lock=8176513218248704', '2024-03-05 07:25:29.191+00', '2024-03-05 07:25:29.191+00'),
(738, 5, 1, 'Noah Nikolaus Sr.', '{Frederick,Reese,Denesik}', 'plant', 'https://loremflickr.com/640/480?lock=537422104363008', '2024-03-05 07:25:29.191+00', '2024-03-05 07:25:29.191+00'),
(739, 4, 4, 'Kristi Douglas', '{Emerald,Micah,Muller}', 'plant', 'https://loremflickr.com/640/480?lock=6758776231165952', '2024-03-05 07:25:29.191+00', '2024-03-05 07:25:29.191+00'),
(740, 6, 3, 'Roderick Fahey', '{Stevie,Charlie,Friesen}', 'plant', 'https://loremflickr.com/640/480?lock=1809265989779456', '2024-03-05 07:25:29.191+00', '2024-03-05 07:25:29.191+00'),
(741, 2, 4, 'Dr. Ricardo Rodriguez Jr.', '{Hilario,Jamie,Heaney}', 'plant', 'https://loremflickr.com/640/480?lock=3886686729666560', '2024-03-05 07:25:29.191+00', '2024-03-05 07:25:29.191+00'),
(742, 12, 3, 'Erika Hills', '{Sanford,Reagan,Lesch}', 'plant', 'https://loremflickr.com/640/480?lock=5107965082206208', '2024-03-05 07:25:29.191+00', '2024-03-05 07:25:29.191+00'),
(743, 1, 3, 'Dora Shields', '{Hector,Parker,Boyle}', 'plant', 'https://loremflickr.com/640/480?lock=7303168801112064', '2024-03-05 07:25:29.191+00', '2024-03-05 07:25:29.191+00'),
(744, 6, 1, 'Julius Barton-Bednar', '{Josefina,Sage,Bauch}', 'plant', 'https://loremflickr.com/640/480?lock=1958543945105408', '2024-03-05 07:25:29.191+00', '2024-03-05 07:25:29.191+00'),
(745, 3, 1, 'Eric Kuhn', '{Edwina,Quinn,Nader}', 'plant', 'https://loremflickr.com/640/480?lock=7473582848344064', '2024-03-05 07:25:29.191+00', '2024-03-05 07:25:29.191+00'),
(746, 8, 4, 'Gordon Carroll', '{Meggie,Sawyer,Gusikowski}', 'plant', 'https://loremflickr.com/640/480?lock=7499984740024320', '2024-03-05 07:25:29.191+00', '2024-03-05 07:25:29.191+00'),
(747, 9, 2, 'Joseph Grimes', '{Mandy,Marlowe,Kling}', 'plant', 'https://loremflickr.com/640/480?lock=8483259822374912', '2024-03-05 07:25:29.191+00', '2024-03-05 07:25:29.191+00'),
(748, 1, 3, 'Opal White', '{Anahi,Brooklyn,Hauck}', 'plant', 'https://loremflickr.com/640/480?lock=2641410090074112', '2024-03-05 07:25:29.191+00', '2024-03-05 07:25:29.191+00'),
(749, 8, 2, 'Beatrice Johnston', '{Marian,Bailey,Marquardt}', 'plant', 'https://loremflickr.com/640/480?lock=6024027854340096', '2024-03-05 07:25:29.191+00', '2024-03-05 07:25:29.191+00'),
(750, 1, 4, 'Wilson Tillman', '{Telly,Arden,Jakubowski}', 'plant', 'https://loremflickr.com/640/480?lock=2608712164311040', '2024-03-05 07:25:29.191+00', '2024-03-05 07:25:29.191+00'),
(751, 3, 3, 'Anita Olson', '{Nedra,August,Rippin}', 'plant', 'https://loremflickr.com/640/480?lock=7609591426711552', '2024-03-05 07:25:29.191+00', '2024-03-05 07:25:29.191+00'),
(752, 5, 1, 'Margarita Rolfson', '{Kade,Shiloh,Bartoletti}', 'plant', 'https://loremflickr.com/640/480?lock=948123524399104', '2024-03-05 07:25:29.191+00', '2024-03-05 07:25:29.191+00'),
(753, 8, 3, 'Lonnie Brekke', '{Delpha,Shiloh,Abernathy}', 'plant', 'https://loremflickr.com/640/480?lock=6941332534722560', '2024-03-05 07:25:29.191+00', '2024-03-05 07:25:29.191+00'),
(754, 2, 2, 'Terrence Harvey', '{Abigayle,Reese,Larson}', 'plant', 'https://loremflickr.com/640/480?lock=6770956877955072', '2024-03-05 07:25:29.191+00', '2024-03-05 07:25:29.191+00'),
(755, 4, 3, 'Dianne Bauch', '{Kristian,Reese,Yost}', 'plant', 'https://loremflickr.com/640/480?lock=1773467926003712', '2024-03-05 07:25:29.191+00', '2024-03-05 07:25:29.191+00'),
(756, 8, 3, 'Kim Howell', '{Rowland,Robin,Bernier}', 'plant', 'https://loremflickr.com/640/480?lock=2234848800407552', '2024-03-05 07:25:29.191+00', '2024-03-05 07:25:29.191+00'),
(757, 12, 1, 'Sheila Tromp', '{Jacky,Brooklyn,Greenholt}', 'plant', 'https://loremflickr.com/640/480?lock=2924926128357376', '2024-03-05 07:25:29.191+00', '2024-03-05 07:25:29.191+00'),
(758, 6, 2, 'Homer Funk', '{Brendan,Emerson,Abshire}', 'plant', 'https://loremflickr.com/640/480?lock=7216713571500032', '2024-03-05 07:25:29.191+00', '2024-03-05 07:25:29.191+00'),
(759, 5, 4, 'Santiago Ernser', '{Tremaine,Billie,Hand}', 'plant', 'https://loremflickr.com/640/480?lock=5823243099308032', '2024-03-05 07:25:29.191+00', '2024-03-05 07:25:29.191+00'),
(760, 1, 2, 'Gabriel King', '{Royce,Kennedy,Heidenreich}', 'plant', 'https://loremflickr.com/640/480?lock=6767670420570112', '2024-03-05 07:25:29.191+00', '2024-03-05 07:25:29.191+00'),
(761, 2, 4, 'Rosemary Rodriguez', '{Marianne,Phoenix,Kling}', 'plant', 'https://loremflickr.com/640/480?lock=6679232092569600', '2024-03-05 07:25:29.191+00', '2024-03-05 07:25:29.191+00'),
(762, 12, 1, 'Audrey Wiegand', '{Camden,Arden,Kohler}', 'plant', 'https://loremflickr.com/640/480?lock=7287540480475136', '2024-03-05 07:25:29.191+00', '2024-03-05 07:25:29.191+00'),
(763, 4, 1, 'Connie Hermann PhD', '{Ashlynn,Harper,Rodriguez}', 'plant', 'https://loremflickr.com/640/480?lock=3608412631859200', '2024-03-05 07:25:29.191+00', '2024-03-05 07:25:29.191+00'),
(764, 3, 3, 'Erica Osinski', '{Donnie,Bailey,Mosciski}', 'plant', 'https://loremflickr.com/640/480?lock=5845771444289536', '2024-03-05 07:25:29.191+00', '2024-03-05 07:25:29.191+00'),
(765, 10, 4, 'Ana O''Conner', '{Mack,Addison,Stark}', 'plant', 'https://loremflickr.com/640/480?lock=3262475036262400', '2024-03-05 07:25:29.192+00', '2024-03-05 07:25:29.192+00'),
(766, 8, 4, 'Chris Fisher', '{Maud,River,Kemmer}', 'plant', 'https://loremflickr.com/640/480?lock=8750948312678400', '2024-03-05 07:25:29.192+00', '2024-03-05 07:25:29.192+00'),
(767, 2, 4, 'Deanna Hartmann', '{Gloria,Anderson,Rodriguez}', 'plant', 'https://loremflickr.com/640/480?lock=4013086103044096', '2024-03-05 07:25:29.192+00', '2024-03-05 07:25:29.192+00'),
(768, 11, 4, 'Gwendolyn Emard Jr.', '{Tony,Harper,Reichert}', 'plant', 'https://loremflickr.com/640/480?lock=3164933449580544', '2024-03-05 07:25:29.192+00', '2024-03-05 07:25:29.192+00'),
(769, 6, 2, 'Ignacio Mayert', '{Eino,Elliott,Feest}', 'plant', 'https://loremflickr.com/640/480?lock=4724968640217088', '2024-03-05 07:25:29.192+00', '2024-03-05 07:25:29.192+00'),
(770, 8, 2, 'Mr. Paul Ruecker PhD', '{Norbert,Nico,Stroman}', 'plant', 'https://loremflickr.com/640/480?lock=182574123057152', '2024-03-05 07:25:29.192+00', '2024-03-05 07:25:29.192+00'),
(771, 2, 2, 'Moses Wiza', '{Frank,Kennedy,Ruecker}', 'plant', 'https://loremflickr.com/640/480?lock=2954282227728384', '2024-03-05 07:25:29.192+00', '2024-03-05 07:25:29.192+00'),
(772, 2, 3, 'Max Reichert', '{Devan,North,Stracke}', 'plant', 'https://loremflickr.com/640/480?lock=8295815944601600', '2024-03-05 07:25:29.192+00', '2024-03-05 07:25:29.192+00'),
(773, 2, 1, 'Ms. Katrina Haag', '{Haleigh,Noah,Blanda}', 'plant', 'https://loremflickr.com/640/480?lock=4442785442693120', '2024-03-05 07:25:29.192+00', '2024-03-05 07:25:29.192+00'),
(774, 4, 2, 'Rosie Marks-Batz III', '{Maeve,Angel,Donnelly}', 'plant', 'https://loremflickr.com/640/480?lock=2817598156701696', '2024-03-05 07:25:29.192+00', '2024-03-05 07:25:29.192+00'),
(775, 5, 1, 'Vicky Baumbach IV', '{Sabrina,Austin,Prohaska}', 'plant', 'https://loremflickr.com/640/480?lock=7479090403606528', '2024-03-05 07:25:29.192+00', '2024-03-05 07:25:29.192+00'),
(776, 6, 3, 'Israel Huel IV', '{Sedrick,Bowie,McGlynn}', 'plant', 'https://loremflickr.com/640/480?lock=7039705868664832', '2024-03-05 07:25:29.192+00', '2024-03-05 07:25:29.192+00'),
(777, 2, 3, 'Heather Erdman', '{Marshall,Nico,Leffler-Cartwright}', 'plant', 'https://loremflickr.com/640/480?lock=6752986030145536', '2024-03-05 07:25:29.192+00', '2024-03-05 07:25:29.192+00'),
(778, 7, 3, 'Maria Lesch', '{Rickey,Bailey,Corkery}', 'plant', 'https://loremflickr.com/640/480?lock=2884827793588224', '2024-03-05 07:25:29.192+00', '2024-03-05 07:25:29.192+00'),
(779, 5, 4, 'Emilio Graham', '{Gus,Cameron,Graham}', 'plant', 'https://loremflickr.com/640/480?lock=2243799933779968', '2024-03-05 07:25:29.192+00', '2024-03-05 07:25:29.192+00'),
(780, 10, 4, 'Mrs. Sheryl Ratke', '{Emmy,Hayden,Swaniawski}', 'plant', 'https://loremflickr.com/640/480?lock=3034775302438912', '2024-03-05 07:25:29.192+00', '2024-03-05 07:25:29.192+00'),
(781, 6, 3, 'Vivian Mann', '{Jammie,Sage,Barton}', 'plant', 'https://loremflickr.com/640/480?lock=4763716312629248', '2024-03-05 07:25:29.192+00', '2024-03-05 07:25:29.192+00'),
(782, 8, 1, 'Chris Toy', '{Therese,Jordan,Klein}', 'plant', 'https://loremflickr.com/640/480?lock=2883697466408960', '2024-03-05 07:25:29.192+00', '2024-03-05 07:25:29.192+00'),
(783, 4, 3, 'Denise Grimes', '{Cora,Robin,Sawayn-Kreiger}', 'plant', 'https://loremflickr.com/640/480?lock=855467628691456', '2024-03-05 07:25:29.192+00', '2024-03-05 07:25:29.192+00'),
(784, 5, 3, 'Domingo Hammes', '{Ethelyn,Anderson,Tromp}', 'plant', 'https://loremflickr.com/640/480?lock=6058706733105152', '2024-03-05 07:25:29.192+00', '2024-03-05 07:25:29.192+00'),
(785, 7, 4, 'Jenny Swaniawski', '{Paul,London,Effertz}', 'plant', 'https://loremflickr.com/640/480?lock=4540814344585216', '2024-03-05 07:25:29.193+00', '2024-03-05 07:25:29.193+00'),
(786, 8, 1, 'Floyd Skiles', '{Rocio,Sawyer,Franecki}', 'plant', 'https://loremflickr.com/640/480?lock=7190737777065984', '2024-03-05 07:25:29.193+00', '2024-03-05 07:25:29.193+00'),
(787, 1, 2, 'Derrick Okuneva', '{Chelsea,Reagan,Carroll}', 'plant', 'https://loremflickr.com/640/480?lock=7602366264115200', '2024-03-05 07:25:29.193+00', '2024-03-05 07:25:29.193+00'),
(788, 9, 2, 'Bradford Kovacek', '{Adele,Billie,Kihn}', 'plant', 'https://loremflickr.com/640/480?lock=181115694350336', '2024-03-05 07:25:29.193+00', '2024-03-05 07:25:29.193+00'),
(789, 3, 1, 'Elaine Runolfsson', '{Orrin,Marlowe,Erdman}', 'plant', 'https://loremflickr.com/640/480?lock=3381688184864768', '2024-03-05 07:25:29.193+00', '2024-03-05 07:25:29.193+00'),
(790, 11, 4, 'Freda Witting', '{Kelsie,Blake,Gleason}', 'plant', 'https://loremflickr.com/640/480?lock=2885050687291392', '2024-03-05 07:25:29.193+00', '2024-03-05 07:25:29.193+00'),
(791, 10, 2, 'Thomas Lowe', '{Dale,Addison,Cole}', 'plant', 'https://loremflickr.com/640/480?lock=3339310635941888', '2024-03-05 07:25:29.193+00', '2024-03-05 07:25:29.193+00'),
(792, 1, 2, 'Johnnie Weber', '{Norris,Drew,Crooks}', 'plant', 'https://loremflickr.com/640/480?lock=7631238938492928', '2024-03-05 07:25:29.193+00', '2024-03-05 07:25:29.193+00'),
(793, 10, 1, 'Tabitha Hessel', '{Dana,Avery,Feest}', 'plant', 'https://loremflickr.com/640/480?lock=6729975954669568', '2024-03-05 07:25:29.193+00', '2024-03-05 07:25:29.193+00'),
(794, 12, 3, 'Dallas Heathcote', '{Tessie,Marlowe,Parisian-Homenick}', 'plant', 'https://loremflickr.com/640/480?lock=1413840516415488', '2024-03-05 07:25:29.193+00', '2024-03-05 07:25:29.193+00'),
(795, 1, 3, 'Lula Dickinson', '{Leila,Bowie,Sauer}', 'plant', 'https://loremflickr.com/640/480?lock=8292558463565824', '2024-03-05 07:25:29.193+00', '2024-03-05 07:25:29.193+00'),
(796, 9, 4, 'Austin Jast', '{Keyon,Jules,Douglas}', 'plant', 'https://loremflickr.com/640/480?lock=2158132352516096', '2024-03-05 07:25:29.193+00', '2024-03-05 07:25:29.193+00'),
(797, 4, 2, 'Brittany Lindgren', '{Georgianna,Taylor,Emmerich}', 'plant', 'https://loremflickr.com/640/480?lock=6348140760268800', '2024-03-05 07:25:29.193+00', '2024-03-05 07:25:29.193+00'),
(798, 9, 3, 'Oscar Zboncak', '{Juana,Hayden,Keeling}', 'plant', 'https://loremflickr.com/640/480?lock=8037729338130432', '2024-03-05 07:25:29.193+00', '2024-03-05 07:25:29.193+00'),
(799, 5, 3, 'Nadine McDermott', '{Lavern,Bailey,Brakus}', 'plant', 'https://loremflickr.com/640/480?lock=4970140263251968', '2024-03-05 07:25:29.193+00', '2024-03-05 07:25:29.193+00'),
(800, 10, 4, 'Jason Mueller', '{Laury,Sasha,Rogahn}', 'plant', 'https://loremflickr.com/640/480?lock=1201625857261568', '2024-03-05 07:25:29.193+00', '2024-03-05 07:25:29.193+00'),
(801, 4, 2, 'Roberto Schmitt', '{Jacinthe,Shawn,Lakin}', 'plant', 'https://loremflickr.com/640/480?lock=6353904220504064', '2024-03-05 07:25:29.2+00', '2024-03-05 07:25:29.2+00'),
(802, 2, 1, 'Earl Lebsack', '{Heidi,Kai,Bednar}', 'plant', 'https://loremflickr.com/640/480?lock=3331623066009600', '2024-03-05 07:25:29.201+00', '2024-03-05 07:25:29.201+00'),
(803, 8, 1, 'Ms. Robyn Klein', '{Alvina,Kendall,Wisozk}', 'plant', 'https://loremflickr.com/640/480?lock=4431934048436224', '2024-03-05 07:25:29.201+00', '2024-03-05 07:25:29.201+00'),
(804, 9, 2, 'Lindsay McGlynn Jr.', '{Antonette,River,Schoen}', 'plant', 'https://loremflickr.com/640/480?lock=31109882576896', '2024-03-05 07:25:29.201+00', '2024-03-05 07:25:29.201+00'),
(805, 2, 3, 'Rebecca Schulist', '{Pearline,Jordan,Adams}', 'plant', 'https://loremflickr.com/640/480?lock=802195786170368', '2024-03-05 07:25:29.201+00', '2024-03-05 07:25:29.201+00'),
(806, 10, 3, 'Freda Yundt', '{Magnus,Alex,Ritchie}', 'plant', 'https://loremflickr.com/640/480?lock=8255776256688128', '2024-03-05 07:25:29.201+00', '2024-03-05 07:25:29.201+00'),
(807, 11, 1, 'Rene West', '{Elijah,Jamie,Davis}', 'plant', 'https://loremflickr.com/640/480?lock=1133962265100288', '2024-03-05 07:25:29.201+00', '2024-03-05 07:25:29.201+00'),
(808, 10, 4, 'Jermaine Corwin', '{Judy,Avery,Watsica}', 'plant', 'https://loremflickr.com/640/480?lock=2787194259374080', '2024-03-05 07:25:29.201+00', '2024-03-05 07:25:29.201+00'),
(809, 6, 1, 'Ruth Hudson II', '{Olga,Jamie,Mosciski}', 'plant', 'https://loremflickr.com/640/480?lock=7450350520893440', '2024-03-05 07:25:29.201+00', '2024-03-05 07:25:29.201+00'),
(810, 12, 3, 'Miss Kim Cormier', '{Maximillia,Micah,Howe}', 'plant', 'https://loremflickr.com/640/480?lock=8206788453203968', '2024-03-05 07:25:29.201+00', '2024-03-05 07:25:29.201+00'),
(811, 5, 3, 'Gene Beatty', '{Constance,Marlowe,Cole}', 'plant', 'https://loremflickr.com/640/480?lock=3260528747085824', '2024-03-05 07:25:29.201+00', '2024-03-05 07:25:29.201+00'),
(812, 7, 4, 'Kirk Erdman', '{Bart,Parker,Jerde-Heaney}', 'plant', 'https://loremflickr.com/640/480?lock=7008566164586496', '2024-03-05 07:25:29.201+00', '2024-03-05 07:25:29.201+00'),
(813, 7, 3, 'Wade Satterfield', '{Angus,Skyler,Stoltenberg}', 'plant', 'https://loremflickr.com/640/480?lock=2098450009161728', '2024-03-05 07:25:29.201+00', '2024-03-05 07:25:29.201+00'),
(814, 3, 2, 'Floyd Boyer', '{Timothy,North,Gerhold}', 'plant', 'https://loremflickr.com/640/480?lock=6802758357221376', '2024-03-05 07:25:29.201+00', '2024-03-05 07:25:29.201+00'),
(815, 1, 2, 'Lila Trantow', '{Amalia,Bailey,Heller}', 'plant', 'https://loremflickr.com/640/480?lock=3338375134183424', '2024-03-05 07:25:29.201+00', '2024-03-05 07:25:29.201+00'),
(816, 1, 3, 'Mandy Emmerich', '{Gust,Phoenix,Torphy}', 'plant', 'https://loremflickr.com/640/480?lock=2949515699027968', '2024-03-05 07:25:29.201+00', '2024-03-05 07:25:29.201+00'),
(817, 12, 2, 'Marlon Bednar', '{Caesar,Drew,Simonis}', 'plant', 'https://loremflickr.com/640/480?lock=6751251026935808', '2024-03-05 07:25:29.201+00', '2024-03-05 07:25:29.201+00'),
(818, 8, 4, 'Norman Gusikowski', '{Breana,Leslie,Baumbach}', 'plant', 'https://loremflickr.com/640/480?lock=7771553529856000', '2024-03-05 07:25:29.201+00', '2024-03-05 07:25:29.201+00'),
(819, 4, 1, 'Myrtle Gottlieb', '{Jaida,Quinn,O''Keefe}', 'plant', 'https://loremflickr.com/640/480?lock=7776379793833984', '2024-03-05 07:25:29.201+00', '2024-03-05 07:25:29.201+00'),
(820, 7, 1, 'Martin Hand', '{Angus,Finley,Green}', 'plant', 'https://loremflickr.com/640/480?lock=6400375422713856', '2024-03-05 07:25:29.201+00', '2024-03-05 07:25:29.201+00'),
(821, 4, 3, 'Joe Kiehn', '{Kendall,Ryan,Rath}', 'plant', 'https://loremflickr.com/640/480?lock=1755583178866688', '2024-03-05 07:25:29.201+00', '2024-03-05 07:25:29.201+00'),
(822, 12, 2, 'Nancy Welch', '{Hettie,Emerson,Satterfield}', 'plant', 'https://loremflickr.com/640/480?lock=2613024397459456', '2024-03-05 07:25:29.201+00', '2024-03-05 07:25:29.201+00'),
(823, 3, 4, 'Teresa Frami', '{Chandler,Hayden,Kerluke}', 'plant', 'https://loremflickr.com/640/480?lock=1030596784553984', '2024-03-05 07:25:29.201+00', '2024-03-05 07:25:29.201+00'),
(824, 10, 4, 'Michelle Kuhic', '{Declan,Skyler,Casper}', 'plant', 'https://loremflickr.com/640/480?lock=1328440332517376', '2024-03-05 07:25:29.201+00', '2024-03-05 07:25:29.201+00'),
(825, 7, 2, 'Lionel Sipes', '{Scot,Reign,Homenick}', 'plant', 'https://loremflickr.com/640/480?lock=5150943561646080', '2024-03-05 07:25:29.201+00', '2024-03-05 07:25:29.201+00'),
(826, 1, 4, 'Lana Hagenes', '{Philip,Addison,Toy}', 'plant', 'https://loremflickr.com/640/480?lock=1579515912388608', '2024-03-05 07:25:29.201+00', '2024-03-05 07:25:29.201+00'),
(827, 2, 3, 'Jonathan Herman-Padberg', '{Stephen,Greer,Jerde}', 'plant', 'https://loremflickr.com/640/480?lock=2107865426821120', '2024-03-05 07:25:29.201+00', '2024-03-05 07:25:29.201+00'),
(828, 6, 3, 'Courtney Schmidt', '{Alejandra,River,Ullrich}', 'plant', 'https://loremflickr.com/640/480?lock=1343791267053568', '2024-03-05 07:25:29.201+00', '2024-03-05 07:25:29.201+00'),
(829, 2, 1, 'Mack Bauch', '{Reva,August,Streich}', 'plant', 'https://loremflickr.com/640/480?lock=5067928470814720', '2024-03-05 07:25:29.201+00', '2024-03-05 07:25:29.201+00'),
(830, 11, 3, 'Nellie Weimann', '{Charles,Kai,Auer}', 'plant', 'https://loremflickr.com/640/480?lock=7373234506825728', '2024-03-05 07:25:29.201+00', '2024-03-05 07:25:29.201+00'),
(831, 2, 3, 'Jennie Predovic', '{Nannie,Logan,Witting}', 'plant', 'https://loremflickr.com/640/480?lock=3195255948050432', '2024-03-05 07:25:29.201+00', '2024-03-05 07:25:29.201+00'),
(832, 10, 1, 'Miss Beverly Moen', '{Helen,Sage,Kuphal}', 'plant', 'https://loremflickr.com/640/480?lock=560531146539008', '2024-03-05 07:25:29.201+00', '2024-03-05 07:25:29.201+00'),
(833, 11, 1, 'Lloyd Kautzer', '{Christian,Bowie,Marvin}', 'plant', 'https://loremflickr.com/640/480?lock=5168485388779520', '2024-03-05 07:25:29.201+00', '2024-03-05 07:25:29.201+00'),
(834, 9, 4, 'Noel Kiehn', '{Lesly,Elliott,Blanda-Harris}', 'plant', 'https://loremflickr.com/640/480?lock=7535211118067712', '2024-03-05 07:25:29.201+00', '2024-03-05 07:25:29.201+00'),
(835, 2, 4, 'Lorene Mante', '{Etha,Harper,Moore}', 'plant', 'https://loremflickr.com/640/480?lock=5602367059787776', '2024-03-05 07:25:29.201+00', '2024-03-05 07:25:29.201+00'),
(836, 3, 1, 'Reginald Medhurst Sr.', '{Aurelia,Finley,Reichel}', 'plant', 'https://loremflickr.com/640/480?lock=4643852747014144', '2024-03-05 07:25:29.201+00', '2024-03-05 07:25:29.201+00'),
(837, 9, 4, 'Clara Rosenbaum-Rice', '{Greyson,Jordan,Dickens}', 'plant', 'https://loremflickr.com/640/480?lock=3715022993752064', '2024-03-05 07:25:29.201+00', '2024-03-05 07:25:29.201+00'),
(838, 3, 2, 'Derek Hackett', '{Ryleigh,Bailey,Wilderman}', 'plant', 'https://loremflickr.com/640/480?lock=7641200465018880', '2024-03-05 07:25:29.201+00', '2024-03-05 07:25:29.201+00'),
(839, 1, 3, 'Janie Parker-Hauck', '{Ralph,Cameron,Kiehn}', 'plant', 'https://loremflickr.com/640/480?lock=3848292427366400', '2024-03-05 07:25:29.201+00', '2024-03-05 07:25:29.201+00'),
(840, 5, 1, 'Lauren Lesch', '{Mafalda,Bowie,Miller}', 'plant', 'https://loremflickr.com/640/480?lock=5741297774100480', '2024-03-05 07:25:29.201+00', '2024-03-05 07:25:29.201+00'),
(841, 10, 3, 'Dr. Rene Luettgen', '{Angela,Greer,Cremin}', 'plant', 'https://loremflickr.com/640/480?lock=7122383257206784', '2024-03-05 07:25:29.201+00', '2024-03-05 07:25:29.201+00'),
(842, 12, 1, 'Elmer Balistreri MD', '{Caleigh,Jaden,Rolfson-Kemmer}', 'plant', 'https://loremflickr.com/640/480?lock=4688517368119296', '2024-03-05 07:25:29.201+00', '2024-03-05 07:25:29.201+00'),
(843, 5, 2, 'Manuel Weissnat', '{Isom,Sawyer,Maggio}', 'plant', 'https://loremflickr.com/640/480?lock=8692198367297536', '2024-03-05 07:25:29.201+00', '2024-03-05 07:25:29.201+00'),
(844, 10, 3, 'Randy Bosco III', '{Demond,August,Schamberger}', 'plant', 'https://loremflickr.com/640/480?lock=4924948686569472', '2024-03-05 07:25:29.201+00', '2024-03-05 07:25:29.201+00'),
(845, 6, 2, 'Roy Goldner', '{Christina,Robin,Bradtke}', 'plant', 'https://loremflickr.com/640/480?lock=6380284136128512', '2024-03-05 07:25:29.201+00', '2024-03-05 07:25:29.201+00'),
(846, 10, 1, 'Roland Kihn', '{Jason,Anderson,D''Amore}', 'plant', 'https://loremflickr.com/640/480?lock=4513817520242688', '2024-03-05 07:25:29.201+00', '2024-03-05 07:25:29.201+00'),
(847, 10, 4, 'Tracy Koch II', '{Estrella,Quinn,Orn}', 'plant', 'https://loremflickr.com/640/480?lock=8797644193267712', '2024-03-05 07:25:29.201+00', '2024-03-05 07:25:29.201+00'),
(848, 5, 2, 'Mr. Robin Lubowitz', '{Leonora,Angel,Johns}', 'plant', 'https://loremflickr.com/640/480?lock=3758272012091392', '2024-03-05 07:25:29.201+00', '2024-03-05 07:25:29.201+00'),
(849, 5, 4, 'Pete Smith', '{Faustino,August,Kuhic}', 'plant', 'https://loremflickr.com/640/480?lock=6629036505694208', '2024-03-05 07:25:29.201+00', '2024-03-05 07:25:29.201+00'),
(850, 10, 3, 'Nadine Rempel', '{Bernadette,Kai,Walter}', 'plant', 'https://loremflickr.com/640/480?lock=3426180839505920', '2024-03-05 07:25:29.201+00', '2024-03-05 07:25:29.201+00'),
(851, 2, 3, 'Randolph Wisoky-Hermann', '{Vivianne,Taylor,Simonis}', 'plant', 'https://loremflickr.com/640/480?lock=6813380434198528', '2024-03-05 07:25:29.201+00', '2024-03-05 07:25:29.201+00'),
(852, 5, 4, 'Candice Stiedemann', '{Lavinia,Logan,Wolf}', 'plant', 'https://loremflickr.com/640/480?lock=3062217345859584', '2024-03-05 07:25:29.201+00', '2024-03-05 07:25:29.201+00'),
(853, 12, 1, 'Emma West Jr.', '{Demetris,Skyler,Hauck}', 'plant', 'https://loremflickr.com/640/480?lock=5599901247340544', '2024-03-05 07:25:29.201+00', '2024-03-05 07:25:29.201+00'),
(854, 12, 3, 'Patty Rau', '{Paxton,Bailey,Barrows}', 'plant', 'https://loremflickr.com/640/480?lock=1207152165257216', '2024-03-05 07:25:29.201+00', '2024-03-05 07:25:29.201+00'),
(855, 1, 4, 'Dana Hilll', '{Arch,Charlie,Ullrich}', 'plant', 'https://loremflickr.com/640/480?lock=7159193595281408', '2024-03-05 07:25:29.201+00', '2024-03-05 07:25:29.201+00'),
(856, 6, 4, 'Angel Cartwright', '{Marisol,Dakota,Feest}', 'plant', 'https://loremflickr.com/640/480?lock=349399251156992', '2024-03-05 07:25:29.201+00', '2024-03-05 07:25:29.201+00'),
(857, 6, 3, 'Myra Bruen', '{Ashlee,Sasha,Aufderhar}', 'plant', 'https://loremflickr.com/640/480?lock=5178454160965632', '2024-03-05 07:25:29.201+00', '2024-03-05 07:25:29.201+00'),
(858, 1, 4, 'Sherry Murray', '{Jeremie,Charlie,Douglas}', 'plant', 'https://loremflickr.com/640/480?lock=2619796430520320', '2024-03-05 07:25:29.201+00', '2024-03-05 07:25:29.201+00'),
(859, 5, 1, 'Stuart McLaughlin', '{Mohammed,Marlowe,Huels}', 'plant', 'https://loremflickr.com/640/480?lock=5367838286020608', '2024-03-05 07:25:29.201+00', '2024-03-05 07:25:29.201+00'),
(860, 2, 3, 'Rita Trantow', '{Maria,Kyle,Leffler-Koch}', 'plant', 'https://loremflickr.com/640/480?lock=8185975016521728', '2024-03-05 07:25:29.201+00', '2024-03-05 07:25:29.201+00'),
(861, 7, 3, 'Cynthia Brekke', '{Jess,Hayden,Hoeger}', 'plant', 'https://loremflickr.com/640/480?lock=6427836164341760', '2024-03-05 07:25:29.201+00', '2024-03-05 07:25:29.201+00'),
(862, 6, 4, 'Forrest Abbott', '{Lourdes,Jamie,Wehner}', 'plant', 'https://loremflickr.com/640/480?lock=3181256317599744', '2024-03-05 07:25:29.201+00', '2024-03-05 07:25:29.201+00'),
(863, 2, 4, 'Douglas Terry', '{Janick,Addison,Bode}', 'plant', 'https://loremflickr.com/640/480?lock=7223844769103872', '2024-03-05 07:25:29.201+00', '2024-03-05 07:25:29.201+00'),
(864, 1, 4, 'Miss Elvira Reilly V', '{Sven,Marlowe,Tromp}', 'plant', 'https://loremflickr.com/640/480?lock=2602148126785536', '2024-03-05 07:25:29.201+00', '2024-03-05 07:25:29.201+00'),
(865, 9, 2, 'Tommy Wolff', '{Stephen,Ryan,Wilkinson}', 'plant', 'https://loremflickr.com/640/480?lock=3434434877456384', '2024-03-05 07:25:29.201+00', '2024-03-05 07:25:29.201+00'),
(866, 12, 1, 'Drew O''Connell', '{Burley,Emerson,Feil}', 'plant', 'https://loremflickr.com/640/480?lock=3913455815884800', '2024-03-05 07:25:29.201+00', '2024-03-05 07:25:29.201+00'),
(867, 2, 3, 'Miss Kendra Boehm', '{Hailey,Leslie,Feest}', 'plant', 'https://loremflickr.com/640/480?lock=1660958460084224', '2024-03-05 07:25:29.201+00', '2024-03-05 07:25:29.201+00'),
(868, 7, 4, 'Marco Hintz', '{Keenan,Austin,Pouros}', 'plant', 'https://loremflickr.com/640/480?lock=4176965007310848', '2024-03-05 07:25:29.201+00', '2024-03-05 07:25:29.201+00'),
(869, 2, 3, 'Matt Gusikowski', '{Cecil,Cameron,Quigley}', 'plant', 'https://loremflickr.com/640/480?lock=6899456809107456', '2024-03-05 07:25:29.201+00', '2024-03-05 07:25:29.201+00'),
(870, 11, 1, 'Sonya Hahn-Windler', '{Kenna,Shiloh,Lind-Kling}', 'plant', 'https://loremflickr.com/640/480?lock=4887141238702080', '2024-03-05 07:25:29.201+00', '2024-03-05 07:25:29.201+00'),
(871, 11, 4, 'Crystal Kshlerin-Batz', '{Forrest,Alex,Bruen}', 'plant', 'https://loremflickr.com/640/480?lock=3683977294512128', '2024-03-05 07:25:29.201+00', '2024-03-05 07:25:29.201+00'),
(872, 10, 1, 'Kim Nicolas-Wuckert', '{Arjun,Anderson,Fisher}', 'plant', 'https://loremflickr.com/640/480?lock=6043701511979008', '2024-03-05 07:25:29.201+00', '2024-03-05 07:25:29.201+00'),
(873, 10, 1, 'Conrad Aufderhar III', '{Ellie,Angel,Lang}', 'plant', 'https://loremflickr.com/640/480?lock=4114071016177664', '2024-03-05 07:25:29.201+00', '2024-03-05 07:25:29.201+00'),
(874, 7, 3, 'Clifton Maggio', '{Weldon,Kyle,Block}', 'plant', 'https://loremflickr.com/640/480?lock=3192106352902144', '2024-03-05 07:25:29.201+00', '2024-03-05 07:25:29.201+00'),
(875, 9, 3, 'Teresa Auer', '{Abagail,Anderson,Murazik}', 'plant', 'https://loremflickr.com/640/480?lock=8125919820513280', '2024-03-05 07:25:29.202+00', '2024-03-05 07:25:29.202+00'),
(876, 8, 2, 'Ms. Juana Koch', '{Camilla,Hayden,Mueller}', 'plant', 'https://loremflickr.com/640/480?lock=6606643112443904', '2024-03-05 07:25:29.202+00', '2024-03-05 07:25:29.202+00'),
(877, 1, 2, 'Kim Johnston', '{Raymundo,Phoenix,Hegmann}', 'plant', 'https://loremflickr.com/640/480?lock=1697843498713088', '2024-03-05 07:25:29.202+00', '2024-03-05 07:25:29.202+00'),
(878, 11, 2, 'Ruby Schmidt', '{Noel,Jaden,Gleason}', 'plant', 'https://loremflickr.com/640/480?lock=3808959976701952', '2024-03-05 07:25:29.202+00', '2024-03-05 07:25:29.202+00'),
(879, 2, 4, 'Jessie Tremblay', '{Stephany,Kai,Durgan}', 'plant', 'https://loremflickr.com/640/480?lock=4492131085320192', '2024-03-05 07:25:29.202+00', '2024-03-05 07:25:29.202+00'),
(880, 2, 2, 'Mr. Ruben Kuhic', '{Americo,Bailey,Brakus}', 'plant', 'https://loremflickr.com/640/480?lock=145835207688192', '2024-03-05 07:25:29.202+00', '2024-03-05 07:25:29.202+00'),
(881, 6, 4, 'Phil Nader', '{Roxanne,Robin,Kunde}', 'plant', 'https://loremflickr.com/640/480?lock=7656056624775168', '2024-03-05 07:25:29.202+00', '2024-03-05 07:25:29.202+00'),
(882, 3, 1, 'Miranda Bernhard', '{Orlando,Taylor,Murphy}', 'plant', 'https://loremflickr.com/640/480?lock=5233904871014400', '2024-03-05 07:25:29.202+00', '2024-03-05 07:25:29.202+00'),
(883, 3, 4, 'Jill Keeling-Yundt', '{Christian,Taylor,Glover}', 'plant', 'https://loremflickr.com/640/480?lock=457200120102912', '2024-03-05 07:25:29.202+00', '2024-03-05 07:25:29.202+00'),
(884, 6, 3, 'Jody Stoltenberg', '{Roberta,Reagan,Schoen}', 'plant', 'https://loremflickr.com/640/480?lock=7048131734667264', '2024-03-05 07:25:29.202+00', '2024-03-05 07:25:29.202+00'),
(885, 8, 2, 'Kristine Anderson', '{Zachary,Greer,Jenkins}', 'plant', 'https://loremflickr.com/640/480?lock=8080155939438592', '2024-03-05 07:25:29.202+00', '2024-03-05 07:25:29.202+00'),
(886, 3, 2, 'Alyssa King', '{Tremaine,Sasha,Moore}', 'plant', 'https://loremflickr.com/640/480?lock=5465161127165952', '2024-03-05 07:25:29.202+00', '2024-03-05 07:25:29.202+00'),
(887, 4, 3, 'Saul Littel', '{Kaya,Rory,Feest}', 'plant', 'https://loremflickr.com/640/480?lock=2442058312712192', '2024-03-05 07:25:29.202+00', '2024-03-05 07:25:29.202+00'),
(888, 8, 1, 'Marcia Mayer', '{Cyrus,Nico,Ritchie}', 'plant', 'https://loremflickr.com/640/480?lock=7758585077432320', '2024-03-05 07:25:29.202+00', '2024-03-05 07:25:29.202+00'),
(889, 5, 3, 'Sergio Schoen', '{Frances,Arden,Thiel}', 'plant', 'https://loremflickr.com/640/480?lock=2130289931321344', '2024-03-05 07:25:29.202+00', '2024-03-05 07:25:29.202+00'),
(890, 12, 2, 'Mr. Robert Runolfsdottir', '{Shany,Nico,Dare}', 'plant', 'https://loremflickr.com/640/480?lock=4377471566741504', '2024-03-05 07:25:29.202+00', '2024-03-05 07:25:29.202+00'),
(891, 7, 3, 'Aaron McKenzie', '{Orin,Micah,Mraz}', 'plant', 'https://loremflickr.com/640/480?lock=5464898475655168', '2024-03-05 07:25:29.202+00', '2024-03-05 07:25:29.202+00'),
(892, 1, 1, 'Otis Tremblay', '{Derrick,Corey,Kuhic}', 'plant', 'https://loremflickr.com/640/480?lock=1991607475765248', '2024-03-05 07:25:29.202+00', '2024-03-05 07:25:29.202+00'),
(893, 8, 3, 'Claire Schmeler', '{Irving,Quinn,Cummings}', 'plant', 'https://loremflickr.com/640/480?lock=6262459102920704', '2024-03-05 07:25:29.202+00', '2024-03-05 07:25:29.202+00'),
(894, 4, 3, 'Rodney Predovic', '{Arthur,Parker,Willms}', 'plant', 'https://loremflickr.com/640/480?lock=2455355378368512', '2024-03-05 07:25:29.202+00', '2024-03-05 07:25:29.202+00'),
(895, 1, 4, 'Regina Nienow', '{Lurline,Nico,Becker}', 'plant', 'https://loremflickr.com/640/480?lock=735157623455744', '2024-03-05 07:25:29.202+00', '2024-03-05 07:25:29.202+00'),
(896, 12, 1, 'Victoria Heaney', '{Wilfredo,Anderson,Batz}', 'plant', 'https://loremflickr.com/640/480?lock=6164098377056256', '2024-03-05 07:25:29.202+00', '2024-03-05 07:25:29.202+00'),
(897, 4, 4, 'Gladys Spencer', '{Burley,Kyle,Thompson}', 'plant', 'https://loremflickr.com/640/480?lock=6163574997123072', '2024-03-05 07:25:29.202+00', '2024-03-05 07:25:29.202+00'),
(898, 6, 3, 'Yvette Bogisich-Kub', '{Jerrell,Jules,Purdy}', 'plant', 'https://loremflickr.com/640/480?lock=981505291583488', '2024-03-05 07:25:29.202+00', '2024-03-05 07:25:29.202+00'),
(899, 5, 4, 'Freda Kohler Sr.', '{Rosina,Shiloh,Bauch}', 'plant', 'https://loremflickr.com/640/480?lock=6841669531992064', '2024-03-05 07:25:29.202+00', '2024-03-05 07:25:29.202+00'),
(900, 5, 4, 'Irvin Marquardt', '{Virginia,London,Stracke}', 'plant', 'https://loremflickr.com/640/480?lock=4237349907070976', '2024-03-05 07:25:29.202+00', '2024-03-05 07:25:29.202+00'),
(901, 2, 3, 'Kristi Franecki', '{Wilfrid,Billie,Hamill-Wintheiser}', 'plant', 'https://loremflickr.com/640/480?lock=6613453259145216', '2024-03-05 07:25:29.209+00', '2024-03-05 07:25:29.209+00'),
(902, 5, 4, 'Maryann Ankunding', '{August,Finley,Fahey}', 'plant', 'https://loremflickr.com/640/480?lock=970357903196160', '2024-03-05 07:25:29.209+00', '2024-03-05 07:25:29.209+00'),
(903, 1, 2, 'Ms. Erica Quitzon', '{Donato,Reese,Orn}', 'plant', 'https://loremflickr.com/640/480?lock=3772316580315136', '2024-03-05 07:25:29.209+00', '2024-03-05 07:25:29.209+00'),
(904, 8, 2, 'Lila Mayert', '{Kathleen,Greer,Hand}', 'plant', 'https://loremflickr.com/640/480?lock=3059875743531008', '2024-03-05 07:25:29.209+00', '2024-03-05 07:25:29.209+00'),
(905, 3, 4, 'June Gislason', '{Maude,Kennedy,Cummerata-Medhurst}', 'plant', 'https://loremflickr.com/640/480?lock=4182051131490304', '2024-03-05 07:25:29.209+00', '2024-03-05 07:25:29.209+00'),
(906, 3, 4, 'Norman Boyle', '{Dayna,Jules,Abbott}', 'plant', 'https://loremflickr.com/640/480?lock=8814687827263488', '2024-03-05 07:25:29.209+00', '2024-03-05 07:25:29.209+00'),
(907, 3, 2, 'Ruby Shields', '{Creola,Corey,Crona}', 'plant', 'https://loremflickr.com/640/480?lock=1900725674180608', '2024-03-05 07:25:29.209+00', '2024-03-05 07:25:29.209+00'),
(908, 2, 3, 'Ramon Sporer', '{Alexa,Jordan,Durgan}', 'plant', 'https://loremflickr.com/640/480?lock=4132103585267712', '2024-03-05 07:25:29.209+00', '2024-03-05 07:25:29.209+00'),
(909, 6, 4, 'Tonya Prosacco', '{Judd,Shiloh,Padberg}', 'plant', 'https://loremflickr.com/640/480?lock=449072313925632', '2024-03-05 07:25:29.209+00', '2024-03-05 07:25:29.209+00'),
(910, 7, 4, 'Justin Rau', '{Norwood,Brooklyn,Sporer}', 'plant', 'https://loremflickr.com/640/480?lock=1215326897307648', '2024-03-05 07:25:29.209+00', '2024-03-05 07:25:29.209+00'),
(911, 7, 4, 'Kelley Ryan', '{Peter,London,Gerlach}', 'plant', 'https://loremflickr.com/640/480?lock=8568317839147008', '2024-03-05 07:25:29.209+00', '2024-03-05 07:25:29.209+00'),
(912, 3, 4, 'Sam Oberbrunner IV', '{Rodrick,Dakota,Johns}', 'plant', 'https://loremflickr.com/640/480?lock=3162870088990720', '2024-03-05 07:25:29.209+00', '2024-03-05 07:25:29.209+00'),
(913, 8, 1, 'Andres Flatley', '{Abelardo,Blake,Gerhold}', 'plant', 'https://loremflickr.com/640/480?lock=3068517091901440', '2024-03-05 07:25:29.209+00', '2024-03-05 07:25:29.209+00'),
(914, 3, 3, 'Mr. Vincent Harber', '{Jewel,James,Witting}', 'plant', 'https://loremflickr.com/640/480?lock=3380836978130944', '2024-03-05 07:25:29.209+00', '2024-03-05 07:25:29.209+00'),
(915, 10, 1, 'Alberta Kautzer', '{Llewellyn,Rory,Reichert}', 'plant', 'https://loremflickr.com/640/480?lock=928871092322304', '2024-03-05 07:25:29.209+00', '2024-03-05 07:25:29.209+00'),
(916, 9, 1, 'Claude Rath', '{Muriel,Skyler,Simonis}', 'plant', 'https://loremflickr.com/640/480?lock=8424589495369728', '2024-03-05 07:25:29.209+00', '2024-03-05 07:25:29.209+00'),
(917, 5, 4, 'Cory Johns', '{Eulah,Rory,Bauch}', 'plant', 'https://loremflickr.com/640/480?lock=4301470511923200', '2024-03-05 07:25:29.209+00', '2024-03-05 07:25:29.209+00'),
(918, 4, 3, 'Irving Price', '{Weston,Kyle,Rice}', 'plant', 'https://loremflickr.com/640/480?lock=6131804631203840', '2024-03-05 07:25:29.209+00', '2024-03-05 07:25:29.209+00'),
(919, 2, 2, 'Dr. Robert Greenholt', '{Caitlyn,River,Larson}', 'plant', 'https://loremflickr.com/640/480?lock=6089914590429184', '2024-03-05 07:25:29.209+00', '2024-03-05 07:25:29.209+00'),
(920, 10, 3, 'Vicky Botsford', '{Aurelie,Marlowe,Walker}', 'plant', 'https://loremflickr.com/640/480?lock=2998122798120960', '2024-03-05 07:25:29.209+00', '2024-03-05 07:25:29.209+00'),
(921, 3, 1, 'Orlando Glover', '{Robin,Austin,Weber}', 'plant', 'https://loremflickr.com/640/480?lock=475072735215616', '2024-03-05 07:25:29.209+00', '2024-03-05 07:25:29.209+00'),
(922, 8, 4, 'Jimmie Erdman', '{Waylon,Kai,Weber}', 'plant', 'https://loremflickr.com/640/480?lock=3969080482594816', '2024-03-05 07:25:29.209+00', '2024-03-05 07:25:29.209+00'),
(923, 2, 2, 'Marvin Littel', '{Marcos,Phoenix,Wintheiser}', 'plant', 'https://loremflickr.com/640/480?lock=7567381329084416', '2024-03-05 07:25:29.209+00', '2024-03-05 07:25:29.209+00'),
(924, 2, 2, 'Kim Kulas', '{Damion,Phoenix,Brakus}', 'plant', 'https://loremflickr.com/640/480?lock=3110344048246784', '2024-03-05 07:25:29.209+00', '2024-03-05 07:25:29.209+00'),
(925, 2, 2, 'Russell Schmitt', '{Luella,Gray,Weimann}', 'plant', 'https://loremflickr.com/640/480?lock=2561158166872064', '2024-03-05 07:25:29.209+00', '2024-03-05 07:25:29.209+00'),
(926, 10, 1, 'Colleen Prohaska', '{Anastacio,Brooklyn,West}', 'plant', 'https://loremflickr.com/640/480?lock=7465111402840064', '2024-03-05 07:25:29.209+00', '2024-03-05 07:25:29.209+00'),
(927, 9, 3, 'Jenny Harber', '{Kevon,Elliott,Bartoletti}', 'plant', 'https://loremflickr.com/640/480?lock=4952075821645824', '2024-03-05 07:25:29.209+00', '2024-03-05 07:25:29.209+00'),
(928, 1, 3, 'Andres Bashirian', '{Marina,Kennedy,Kshlerin}', 'plant', 'https://loremflickr.com/640/480?lock=4603369849094144', '2024-03-05 07:25:29.209+00', '2024-03-05 07:25:29.209+00'),
(929, 4, 2, 'Gilbert Thompson', '{Jana,Riley,Barrows}', 'plant', 'https://loremflickr.com/640/480?lock=7387006571118592', '2024-03-05 07:25:29.209+00', '2024-03-05 07:25:29.209+00'),
(930, 10, 1, 'Gerard Ortiz', '{Seth,Reagan,Rowe}', 'plant', 'https://loremflickr.com/640/480?lock=3648869860638720', '2024-03-05 07:25:29.209+00', '2024-03-05 07:25:29.209+00'),
(931, 1, 4, 'Ms. Beatrice Wiegand', '{Marcellus,Drew,Steuber}', 'plant', 'https://loremflickr.com/640/480?lock=3225088319029248', '2024-03-05 07:25:29.209+00', '2024-03-05 07:25:29.209+00'),
(932, 7, 1, 'Bruce Ledner', '{Amira,Avery,Franecki}', 'plant', 'https://loremflickr.com/640/480?lock=6641562628915200', '2024-03-05 07:25:29.209+00', '2024-03-05 07:25:29.209+00'),
(933, 8, 1, 'Amber Ferry', '{Simeon,Anderson,Fahey}', 'plant', 'https://loremflickr.com/640/480?lock=2617509203148800', '2024-03-05 07:25:29.209+00', '2024-03-05 07:25:29.209+00'),
(934, 1, 3, 'Ms. Marion Quigley-Champlin', '{Layla,Shiloh,Waters}', 'plant', 'https://loremflickr.com/640/480?lock=2074512111697920', '2024-03-05 07:25:29.209+00', '2024-03-05 07:25:29.209+00'),
(935, 9, 2, 'Mr. Marshall Walsh', '{Jacklyn,Billie,Crist}', 'plant', 'https://loremflickr.com/640/480?lock=799832014848000', '2024-03-05 07:25:29.209+00', '2024-03-05 07:25:29.209+00'),
(936, 11, 2, 'Wilbert Durgan', '{Jack,Jamie,Conroy}', 'plant', 'https://loremflickr.com/640/480?lock=6774812034727936', '2024-03-05 07:25:29.209+00', '2024-03-05 07:25:29.209+00'),
(937, 10, 1, 'Mr. Ignacio Labadie', '{Brooks,Reese,Gulgowski}', 'plant', 'https://loremflickr.com/640/480?lock=5667992142610432', '2024-03-05 07:25:29.209+00', '2024-03-05 07:25:29.209+00'),
(938, 11, 1, 'Ms. Lynette Watsica', '{Tevin,Gray,Jaskolski}', 'plant', 'https://loremflickr.com/640/480?lock=193265108254720', '2024-03-05 07:25:29.209+00', '2024-03-05 07:25:29.209+00'),
(939, 9, 2, 'Karl O''Conner', '{Lazaro,James,Haag}', 'plant', 'https://loremflickr.com/640/480?lock=5524550508871680', '2024-03-05 07:25:29.209+00', '2024-03-05 07:25:29.209+00'),
(940, 2, 1, 'Tabitha Reynolds', '{Dora,Jules,Schmitt}', 'plant', 'https://loremflickr.com/640/480?lock=4461396469219328', '2024-03-05 07:25:29.209+00', '2024-03-05 07:25:29.209+00'),
(941, 12, 4, 'Dr. Evan Konopelski', '{Leif,Skyler,Wiza}', 'plant', 'https://loremflickr.com/640/480?lock=2604283073658880', '2024-03-05 07:25:29.209+00', '2024-03-05 07:25:29.209+00'),
(942, 11, 3, 'Sherri Muller', '{Rigoberto,Arden,Lubowitz}', 'plant', 'https://loremflickr.com/640/480?lock=1145173555806208', '2024-03-05 07:25:29.209+00', '2024-03-05 07:25:29.209+00'),
(943, 4, 4, 'Guillermo Schumm', '{Sarah,Avery,Wilderman}', 'plant', 'https://loremflickr.com/640/480?lock=5542549265580032', '2024-03-05 07:25:29.209+00', '2024-03-05 07:25:29.209+00'),
(944, 6, 3, 'Roland Effertz', '{Mia,Phoenix,Roberts}', 'plant', 'https://loremflickr.com/640/480?lock=1753357777633280', '2024-03-05 07:25:29.209+00', '2024-03-05 07:25:29.209+00'),
(945, 8, 1, 'Betty Gerhold DDS', '{Tabitha,Ryan,Hauck}', 'plant', 'https://loremflickr.com/640/480?lock=5542862791901184', '2024-03-05 07:25:29.209+00', '2024-03-05 07:25:29.209+00'),
(946, 12, 2, 'Lillian Miller', '{Marcelle,Drew,Barrows}', 'plant', 'https://loremflickr.com/640/480?lock=1101683950092288', '2024-03-05 07:25:29.209+00', '2024-03-05 07:25:29.209+00'),
(947, 4, 1, 'Lorena Steuber-Bradtke', '{Zita,Jules,Osinski}', 'plant', 'https://loremflickr.com/640/480?lock=5366359628185600', '2024-03-05 07:25:29.209+00', '2024-03-05 07:25:29.209+00'),
(948, 6, 2, 'Marcus Johns', '{Alessia,Kendall,Morar}', 'plant', 'https://loremflickr.com/640/480?lock=1169880277581824', '2024-03-05 07:25:29.209+00', '2024-03-05 07:25:29.209+00'),
(949, 2, 2, 'May Bergnaum', '{Kelsi,Noah,Klocko}', 'plant', 'https://loremflickr.com/640/480?lock=7905467166621696', '2024-03-05 07:25:29.209+00', '2024-03-05 07:25:29.209+00'),
(950, 8, 1, 'Barbara Cummings', '{Bertram,Billie,Reilly}', 'plant', 'https://loremflickr.com/640/480?lock=2538254278590464', '2024-03-05 07:25:29.209+00', '2024-03-05 07:25:29.209+00'),
(951, 7, 4, 'Floyd Pagac', '{Derek,Bowie,Volkman}', 'plant', 'https://loremflickr.com/640/480?lock=8685736221999104', '2024-03-05 07:25:29.209+00', '2024-03-05 07:25:29.209+00'),
(952, 11, 4, 'Dr. Arnold Terry-Klocko', '{Augustine,Emerson,Gerlach}', 'plant', 'https://loremflickr.com/640/480?lock=3140603724431360', '2024-03-05 07:25:29.209+00', '2024-03-05 07:25:29.209+00'),
(953, 2, 2, 'Dr. Doug Fisher', '{Wilton,Addison,Leffler}', 'plant', 'https://loremflickr.com/640/480?lock=5206147707437056', '2024-03-05 07:25:29.209+00', '2024-03-05 07:25:29.209+00'),
(954, 4, 1, 'Bridget Smith', '{Colton,Billie,Mante}', 'plant', 'https://loremflickr.com/640/480?lock=2557988854300672', '2024-03-05 07:25:29.209+00', '2024-03-05 07:25:29.209+00'),
(955, 5, 3, 'Charlene Waelchi', '{Carole,Reign,Johns}', 'plant', 'https://loremflickr.com/640/480?lock=6599010475311104', '2024-03-05 07:25:29.209+00', '2024-03-05 07:25:29.209+00'),
(956, 1, 1, 'Pam Hagenes-Osinski', '{Earnestine,Sawyer,Leffler}', 'plant', 'https://loremflickr.com/640/480?lock=6098159524642816', '2024-03-05 07:25:29.209+00', '2024-03-05 07:25:29.209+00'),
(957, 4, 2, 'Dennis Cruickshank', '{Florian,Cameron,Stoltenberg}', 'plant', 'https://loremflickr.com/640/480?lock=1293858755313664', '2024-03-05 07:25:29.209+00', '2024-03-05 07:25:29.209+00'),
(958, 3, 3, 'Lee Daniel', '{Eddie,Blake,Kub}', 'plant', 'https://loremflickr.com/640/480?lock=7118277136351232', '2024-03-05 07:25:29.209+00', '2024-03-05 07:25:29.209+00'),
(959, 3, 1, 'Juanita Pfannerstill', '{Tevin,Ryan,Kreiger}', 'plant', 'https://loremflickr.com/640/480?lock=2342037863006208', '2024-03-05 07:25:29.209+00', '2024-03-05 07:25:29.209+00'),
(960, 10, 3, 'Nina Farrell', '{Kaden,Dakota,Hodkiewicz}', 'plant', 'https://loremflickr.com/640/480?lock=1811606956670976', '2024-03-05 07:25:29.209+00', '2024-03-05 07:25:29.209+00'),
(961, 11, 4, 'Olga Macejkovic', '{Cecile,Rory,Corwin}', 'plant', 'https://loremflickr.com/640/480?lock=4963312861184000', '2024-03-05 07:25:29.209+00', '2024-03-05 07:25:29.209+00'),
(962, 11, 4, 'Lynn Muller', '{Katlynn,Addison,Abbott}', 'plant', 'https://loremflickr.com/640/480?lock=8129392293183488', '2024-03-05 07:25:29.209+00', '2024-03-05 07:25:29.209+00'),
(963, 5, 1, 'Noel Grant', '{Wendell,Kai,Kilback}', 'plant', 'https://loremflickr.com/640/480?lock=1791185070850048', '2024-03-05 07:25:29.209+00', '2024-03-05 07:25:29.209+00'),
(964, 8, 1, 'Mr. Roosevelt Sawayn', '{Ashly,Riley,Kuhic}', 'plant', 'https://loremflickr.com/640/480?lock=7877710120484864', '2024-03-05 07:25:29.209+00', '2024-03-05 07:25:29.209+00'),
(965, 8, 4, 'Judith Lesch', '{Lottie,Addison,Hegmann}', 'plant', 'https://loremflickr.com/640/480?lock=5788866243985408', '2024-03-05 07:25:29.209+00', '2024-03-05 07:25:29.209+00'),
(966, 10, 3, 'Faye Grimes', '{Roscoe,Emerson,Harris}', 'plant', 'https://loremflickr.com/640/480?lock=1454118562430976', '2024-03-05 07:25:29.209+00', '2024-03-05 07:25:29.209+00'),
(967, 1, 4, 'Caroline Koss', '{Jaylan,Leslie,Huels}', 'plant', 'https://loremflickr.com/640/480?lock=7652070804946944', '2024-03-05 07:25:29.209+00', '2024-03-05 07:25:29.209+00'),
(968, 7, 2, 'Francisco Hansen', '{Gunnar,Emerson,Medhurst}', 'plant', 'https://loremflickr.com/640/480?lock=7282141954048000', '2024-03-05 07:25:29.209+00', '2024-03-05 07:25:29.209+00'),
(969, 5, 4, 'Mr. Billy Olson', '{Tara,London,Tremblay}', 'plant', 'https://loremflickr.com/640/480?lock=6699877910183936', '2024-03-05 07:25:29.209+00', '2024-03-05 07:25:29.209+00'),
(970, 6, 1, 'Teresa Farrell', '{Cecile,Angel,Hyatt}', 'plant', 'https://loremflickr.com/640/480?lock=983478015361024', '2024-03-05 07:25:29.209+00', '2024-03-05 07:25:29.209+00'),
(971, 5, 2, 'Geneva Harber', '{Sadie,Reagan,Ernser}', 'plant', 'https://loremflickr.com/640/480?lock=7156361303425024', '2024-03-05 07:25:29.209+00', '2024-03-05 07:25:29.209+00'),
(972, 11, 2, 'Chelsea Howe', '{Cory,Phoenix,Koepp}', 'plant', 'https://loremflickr.com/640/480?lock=1155460667277312', '2024-03-05 07:25:29.209+00', '2024-03-05 07:25:29.209+00'),
(973, 5, 2, 'Leah Franey', '{Betsy,Micah,Bartoletti}', 'plant', 'https://loremflickr.com/640/480?lock=3294129108811776', '2024-03-05 07:25:29.209+00', '2024-03-05 07:25:29.209+00'),
(974, 6, 2, 'Jake Klocko', '{Tristin,Brooklyn,Conroy}', 'plant', 'https://loremflickr.com/640/480?lock=4542467951034368', '2024-03-05 07:25:29.209+00', '2024-03-05 07:25:29.209+00'),
(975, 10, 4, 'Tyrone Cole', '{Ansel,Jaden,Pouros}', 'plant', 'https://loremflickr.com/640/480?lock=8192829708828672', '2024-03-05 07:25:29.209+00', '2024-03-05 07:25:29.209+00'),
(976, 7, 4, 'Katherine Bernier III', '{Georgette,Logan,Bins}', 'plant', 'https://loremflickr.com/640/480?lock=1507349548236800', '2024-03-05 07:25:29.209+00', '2024-03-05 07:25:29.209+00'),
(977, 10, 4, 'Ramiro Kirlin', '{Dante,River,Kuhn}', 'plant', 'https://loremflickr.com/640/480?lock=7499711546130432', '2024-03-05 07:25:29.209+00', '2024-03-05 07:25:29.209+00'),
(978, 3, 3, 'Alison Hahn', '{Colby,Jaden,Sanford}', 'plant', 'https://loremflickr.com/640/480?lock=7137360967892992', '2024-03-05 07:25:29.209+00', '2024-03-05 07:25:29.209+00'),
(979, 2, 3, 'Sheri Goyette', '{Alaina,Reese,Hand}', 'plant', 'https://loremflickr.com/640/480?lock=3341863446642688', '2024-03-05 07:25:29.209+00', '2024-03-05 07:25:29.209+00'),
(980, 10, 1, 'Victoria Kassulke', '{Tad,Alex,Labadie}', 'plant', 'https://loremflickr.com/640/480?lock=502102933635072', '2024-03-05 07:25:29.209+00', '2024-03-05 07:25:29.209+00'),
(981, 7, 3, 'Willie Moen', '{Giovanna,Drew,Weimann}', 'plant', 'https://loremflickr.com/640/480?lock=3082435554181120', '2024-03-05 07:25:29.209+00', '2024-03-05 07:25:29.209+00'),
(982, 3, 4, 'Chester Emard', '{Dillan,Gray,Waelchi}', 'plant', 'https://loremflickr.com/640/480?lock=1094129285070848', '2024-03-05 07:25:29.209+00', '2024-03-05 07:25:29.209+00'),
(983, 2, 2, 'Jeannie Runolfsson', '{Malika,Dakota,Bernhard}', 'plant', 'https://loremflickr.com/640/480?lock=858730054811648', '2024-03-05 07:25:29.209+00', '2024-03-05 07:25:29.209+00'),
(984, 11, 2, 'Clyde Kovacek', '{Oceane,Jordan,Harvey}', 'plant', 'https://loremflickr.com/640/480?lock=6891892975337472', '2024-03-05 07:25:29.209+00', '2024-03-05 07:25:29.209+00'),
(985, 4, 4, 'Alvin Okuneva-Bernier', '{Jayme,Rowan,Stiedemann}', 'plant', 'https://loremflickr.com/640/480?lock=3010583699914752', '2024-03-05 07:25:29.209+00', '2024-03-05 07:25:29.209+00'),
(986, 1, 4, 'Mr. Marc Schuster', '{Lonnie,Noah,Kunze}', 'plant', 'https://loremflickr.com/640/480?lock=2473192505475072', '2024-03-05 07:25:29.209+00', '2024-03-05 07:25:29.209+00'),
(987, 2, 2, 'Dr. Tommy Ziemann', '{Nelle,Shawn,Dickens}', 'plant', 'https://loremflickr.com/640/480?lock=5380076579323904', '2024-03-05 07:25:29.209+00', '2024-03-05 07:25:29.209+00'),
(988, 2, 2, 'Courtney Wilderman', '{Karson,Riley,Bins}', 'plant', 'https://loremflickr.com/640/480?lock=5839324434137088', '2024-03-05 07:25:29.209+00', '2024-03-05 07:25:29.209+00'),
(989, 5, 4, 'Shawn Kuphal', '{Mafalda,Kendall,Batz}', 'plant', 'https://loremflickr.com/640/480?lock=460988151234560', '2024-03-05 07:25:29.209+00', '2024-03-05 07:25:29.209+00'),
(990, 4, 3, 'Peggy Beahan', '{Shanie,Nico,Johnson}', 'plant', 'https://loremflickr.com/640/480?lock=1902525294837760', '2024-03-05 07:25:29.209+00', '2024-03-05 07:25:29.209+00'),
(991, 2, 3, 'Jeanne Toy Sr.', '{Muriel,Greer,Mitchell}', 'plant', 'https://loremflickr.com/640/480?lock=2473176841846784', '2024-03-05 07:25:29.209+00', '2024-03-05 07:25:29.209+00'),
(992, 2, 3, 'Sandy Dooley', '{Caleb,Greer,Reichert}', 'plant', 'https://loremflickr.com/640/480?lock=5865563435827200', '2024-03-05 07:25:29.21+00', '2024-03-05 07:25:29.21+00'),
(993, 8, 2, 'Angela Bailey', '{Rebeca,Alex,Torp}', 'plant', 'https://loremflickr.com/640/480?lock=3948319994806272', '2024-03-05 07:25:29.21+00', '2024-03-05 07:25:29.21+00'),
(994, 3, 1, 'Flora Dooley', '{Earnestine,Austin,Hansen}', 'plant', 'https://loremflickr.com/640/480?lock=7694467477798912', '2024-03-05 07:25:29.21+00', '2024-03-05 07:25:29.21+00'),
(995, 8, 3, 'Faye Schumm II', '{Ariane,Leslie,Kemmer-Beier}', 'plant', 'https://loremflickr.com/640/480?lock=8783703949967360', '2024-03-05 07:25:29.21+00', '2024-03-05 07:25:29.21+00'),
(996, 9, 4, 'Chris Tremblay-Gulgowski', '{Earl,Billie,O''Connell}', 'plant', 'https://loremflickr.com/640/480?lock=8662997593489408', '2024-03-05 07:25:29.21+00', '2024-03-05 07:25:29.21+00'),
(997, 12, 3, 'Thelma King', '{Jasen,Reese,Reynolds}', 'plant', 'https://loremflickr.com/640/480?lock=8994183486373888', '2024-03-05 07:25:29.21+00', '2024-03-05 07:25:29.21+00'),
(998, 10, 4, 'Tina Mosciski', '{Opal,Skyler,Mills-Simonis}', 'plant', 'https://loremflickr.com/640/480?lock=3978610815795200', '2024-03-05 07:25:29.21+00', '2024-03-05 07:25:29.21+00'),
(999, 2, 1, 'Peggy Dach DDS', '{Saige,North,Romaguera}', 'plant', 'https://loremflickr.com/640/480?lock=8485169472208896', '2024-03-05 07:25:29.21+00', '2024-03-05 07:25:29.21+00'),
(1000, 12, 4, 'Toby Trantow', '{Ruthe,Rory,Weissnat}', 'plant', 'https://loremflickr.com/640/480?lock=2725099253792768', '2024-03-05 07:25:29.21+00', '2024-03-05 07:25:29.21+00');

INSERT INTO "public"."species_preferred_climate_zones" ("id", "species_id", "preferred_climate_zone_id", "created_at", "updated_at") VALUES
(1, 911, 5, '2024-03-05 07:25:29.218+00', '2024-03-05 07:25:29.218+00');
INSERT INTO "public"."species_preferred_climate_zones" ("id", "species_id", "preferred_climate_zone_id", "created_at", "updated_at") VALUES
(2, 886, 1, '2024-03-05 07:25:29.218+00', '2024-03-05 07:25:29.218+00');
INSERT INTO "public"."species_preferred_climate_zones" ("id", "species_id", "preferred_climate_zone_id", "created_at", "updated_at") VALUES
(3, 378, 1, '2024-03-05 07:25:29.218+00', '2024-03-05 07:25:29.218+00');
INSERT INTO "public"."species_preferred_climate_zones" ("id", "species_id", "preferred_climate_zone_id", "created_at", "updated_at") VALUES
(4, 675, 1, '2024-03-05 07:25:29.218+00', '2024-03-05 07:25:29.218+00'),
(5, 967, 7, '2024-03-05 07:25:29.218+00', '2024-03-05 07:25:29.218+00'),
(6, 140, 7, '2024-03-05 07:25:29.218+00', '2024-03-05 07:25:29.218+00'),
(7, 855, 6, '2024-03-05 07:25:29.218+00', '2024-03-05 07:25:29.218+00'),
(8, 451, 5, '2024-03-05 07:25:29.218+00', '2024-03-05 07:25:29.218+00'),
(9, 71, 1, '2024-03-05 07:25:29.218+00', '2024-03-05 07:25:29.218+00'),
(10, 289, 4, '2024-03-05 07:25:29.218+00', '2024-03-05 07:25:29.218+00'),
(11, 885, 7, '2024-03-05 07:25:29.218+00', '2024-03-05 07:25:29.218+00'),
(12, 300, 1, '2024-03-05 07:25:29.218+00', '2024-03-05 07:25:29.218+00'),
(13, 330, 6, '2024-03-05 07:25:29.218+00', '2024-03-05 07:25:29.218+00'),
(14, 749, 5, '2024-03-05 07:25:29.218+00', '2024-03-05 07:25:29.218+00'),
(15, 128, 4, '2024-03-05 07:25:29.218+00', '2024-03-05 07:25:29.218+00'),
(16, 509, 5, '2024-03-05 07:25:29.218+00', '2024-03-05 07:25:29.218+00'),
(17, 670, 6, '2024-03-05 07:25:29.218+00', '2024-03-05 07:25:29.218+00'),
(18, 117, 7, '2024-03-05 07:25:29.218+00', '2024-03-05 07:25:29.218+00'),
(19, 567, 4, '2024-03-05 07:25:29.218+00', '2024-03-05 07:25:29.218+00'),
(20, 281, 7, '2024-03-05 07:25:29.218+00', '2024-03-05 07:25:29.218+00'),
(21, 628, 1, '2024-03-05 07:25:29.218+00', '2024-03-05 07:25:29.218+00'),
(22, 419, 1, '2024-03-05 07:25:29.218+00', '2024-03-05 07:25:29.218+00'),
(23, 548, 1, '2024-03-05 07:25:29.218+00', '2024-03-05 07:25:29.218+00'),
(24, 504, 6, '2024-03-05 07:25:29.218+00', '2024-03-05 07:25:29.218+00'),
(25, 777, 2, '2024-03-05 07:25:29.218+00', '2024-03-05 07:25:29.218+00'),
(26, 129, 1, '2024-03-05 07:25:29.218+00', '2024-03-05 07:25:29.218+00'),
(27, 771, 6, '2024-03-05 07:25:29.218+00', '2024-03-05 07:25:29.218+00'),
(28, 741, 5, '2024-03-05 07:25:29.218+00', '2024-03-05 07:25:29.218+00'),
(29, 969, 7, '2024-03-05 07:25:29.218+00', '2024-03-05 07:25:29.218+00'),
(30, 549, 5, '2024-03-05 07:25:29.218+00', '2024-03-05 07:25:29.218+00'),
(31, 767, 2, '2024-03-05 07:25:29.218+00', '2024-03-05 07:25:29.218+00'),
(32, 687, 5, '2024-03-05 07:25:29.218+00', '2024-03-05 07:25:29.218+00'),
(33, 192, 7, '2024-03-05 07:25:29.218+00', '2024-03-05 07:25:29.218+00'),
(34, 966, 2, '2024-03-05 07:25:29.218+00', '2024-03-05 07:25:29.218+00'),
(35, 226, 6, '2024-03-05 07:25:29.218+00', '2024-03-05 07:25:29.218+00'),
(36, 845, 6, '2024-03-05 07:25:29.218+00', '2024-03-05 07:25:29.218+00'),
(37, 562, 5, '2024-03-05 07:25:29.218+00', '2024-03-05 07:25:29.218+00'),
(38, 607, 6, '2024-03-05 07:25:29.218+00', '2024-03-05 07:25:29.218+00'),
(39, 647, 7, '2024-03-05 07:25:29.218+00', '2024-03-05 07:25:29.218+00'),
(40, 507, 7, '2024-03-05 07:25:29.218+00', '2024-03-05 07:25:29.218+00'),
(41, 74, 2, '2024-03-05 07:25:29.218+00', '2024-03-05 07:25:29.218+00'),
(42, 125, 4, '2024-03-05 07:25:29.218+00', '2024-03-05 07:25:29.218+00'),
(43, 908, 6, '2024-03-05 07:25:29.218+00', '2024-03-05 07:25:29.218+00'),
(44, 577, 7, '2024-03-05 07:25:29.218+00', '2024-03-05 07:25:29.218+00'),
(45, 903, 5, '2024-03-05 07:25:29.218+00', '2024-03-05 07:25:29.218+00'),
(46, 769, 4, '2024-03-05 07:25:29.218+00', '2024-03-05 07:25:29.218+00'),
(47, 216, 3, '2024-03-05 07:25:29.218+00', '2024-03-05 07:25:29.218+00'),
(48, 969, 6, '2024-03-05 07:25:29.218+00', '2024-03-05 07:25:29.218+00'),
(49, 698, 7, '2024-03-05 07:25:29.218+00', '2024-03-05 07:25:29.218+00'),
(50, 177, 2, '2024-03-05 07:25:29.218+00', '2024-03-05 07:25:29.218+00'),
(51, 6, 3, '2024-03-05 07:25:29.218+00', '2024-03-05 07:25:29.218+00'),
(52, 298, 4, '2024-03-05 07:25:29.218+00', '2024-03-05 07:25:29.218+00'),
(53, 923, 2, '2024-03-05 07:25:29.218+00', '2024-03-05 07:25:29.218+00'),
(54, 81, 2, '2024-03-05 07:25:29.218+00', '2024-03-05 07:25:29.218+00'),
(55, 779, 4, '2024-03-05 07:25:29.218+00', '2024-03-05 07:25:29.218+00'),
(56, 340, 7, '2024-03-05 07:25:29.218+00', '2024-03-05 07:25:29.218+00'),
(57, 371, 5, '2024-03-05 07:25:29.218+00', '2024-03-05 07:25:29.218+00'),
(58, 594, 3, '2024-03-05 07:25:29.218+00', '2024-03-05 07:25:29.218+00'),
(59, 193, 3, '2024-03-05 07:25:29.218+00', '2024-03-05 07:25:29.218+00'),
(60, 39, 4, '2024-03-05 07:25:29.218+00', '2024-03-05 07:25:29.218+00'),
(61, 454, 4, '2024-03-05 07:25:29.218+00', '2024-03-05 07:25:29.218+00'),
(62, 175, 1, '2024-03-05 07:25:29.218+00', '2024-03-05 07:25:29.218+00'),
(63, 584, 6, '2024-03-05 07:25:29.218+00', '2024-03-05 07:25:29.218+00'),
(64, 670, 1, '2024-03-05 07:25:29.218+00', '2024-03-05 07:25:29.218+00'),
(65, 667, 1, '2024-03-05 07:25:29.218+00', '2024-03-05 07:25:29.218+00'),
(66, 512, 6, '2024-03-05 07:25:29.218+00', '2024-03-05 07:25:29.218+00'),
(67, 47, 2, '2024-03-05 07:25:29.218+00', '2024-03-05 07:25:29.218+00'),
(68, 90, 3, '2024-03-05 07:25:29.218+00', '2024-03-05 07:25:29.218+00'),
(69, 238, 4, '2024-03-05 07:25:29.218+00', '2024-03-05 07:25:29.218+00'),
(70, 860, 7, '2024-03-05 07:25:29.218+00', '2024-03-05 07:25:29.218+00'),
(71, 880, 2, '2024-03-05 07:25:29.218+00', '2024-03-05 07:25:29.218+00'),
(72, 7, 1, '2024-03-05 07:25:29.218+00', '2024-03-05 07:25:29.218+00'),
(73, 323, 4, '2024-03-05 07:25:29.218+00', '2024-03-05 07:25:29.218+00'),
(74, 453, 2, '2024-03-05 07:25:29.218+00', '2024-03-05 07:25:29.218+00'),
(75, 567, 1, '2024-03-05 07:25:29.218+00', '2024-03-05 07:25:29.218+00'),
(76, 803, 7, '2024-03-05 07:25:29.218+00', '2024-03-05 07:25:29.218+00'),
(77, 845, 6, '2024-03-05 07:25:29.218+00', '2024-03-05 07:25:29.218+00'),
(78, 278, 7, '2024-03-05 07:25:29.218+00', '2024-03-05 07:25:29.218+00'),
(79, 141, 3, '2024-03-05 07:25:29.218+00', '2024-03-05 07:25:29.218+00'),
(80, 630, 6, '2024-03-05 07:25:29.218+00', '2024-03-05 07:25:29.218+00'),
(81, 992, 5, '2024-03-05 07:25:29.218+00', '2024-03-05 07:25:29.218+00'),
(82, 553, 4, '2024-03-05 07:25:29.218+00', '2024-03-05 07:25:29.218+00'),
(83, 536, 2, '2024-03-05 07:25:29.218+00', '2024-03-05 07:25:29.218+00'),
(84, 819, 5, '2024-03-05 07:25:29.218+00', '2024-03-05 07:25:29.218+00'),
(85, 406, 3, '2024-03-05 07:25:29.218+00', '2024-03-05 07:25:29.218+00'),
(86, 824, 6, '2024-03-05 07:25:29.218+00', '2024-03-05 07:25:29.218+00'),
(87, 79, 1, '2024-03-05 07:25:29.218+00', '2024-03-05 07:25:29.218+00'),
(88, 855, 4, '2024-03-05 07:25:29.218+00', '2024-03-05 07:25:29.218+00'),
(89, 129, 4, '2024-03-05 07:25:29.218+00', '2024-03-05 07:25:29.218+00'),
(90, 868, 5, '2024-03-05 07:25:29.218+00', '2024-03-05 07:25:29.218+00'),
(91, 958, 5, '2024-03-05 07:25:29.218+00', '2024-03-05 07:25:29.218+00'),
(92, 942, 2, '2024-03-05 07:25:29.218+00', '2024-03-05 07:25:29.218+00'),
(93, 652, 7, '2024-03-05 07:25:29.218+00', '2024-03-05 07:25:29.218+00'),
(94, 845, 1, '2024-03-05 07:25:29.218+00', '2024-03-05 07:25:29.218+00'),
(95, 17, 7, '2024-03-05 07:25:29.218+00', '2024-03-05 07:25:29.218+00'),
(96, 898, 5, '2024-03-05 07:25:29.218+00', '2024-03-05 07:25:29.218+00'),
(97, 104, 6, '2024-03-05 07:25:29.218+00', '2024-03-05 07:25:29.218+00'),
(98, 992, 3, '2024-03-05 07:25:29.218+00', '2024-03-05 07:25:29.218+00'),
(99, 54, 6, '2024-03-05 07:25:29.218+00', '2024-03-05 07:25:29.218+00'),
(100, 762, 3, '2024-03-05 07:25:29.218+00', '2024-03-05 07:25:29.218+00'),
(101, 823, 2, '2024-03-05 07:25:29.224+00', '2024-03-05 07:25:29.224+00'),
(102, 108, 7, '2024-03-05 07:25:29.224+00', '2024-03-05 07:25:29.224+00'),
(103, 228, 4, '2024-03-05 07:25:29.224+00', '2024-03-05 07:25:29.224+00'),
(104, 534, 7, '2024-03-05 07:25:29.224+00', '2024-03-05 07:25:29.224+00'),
(105, 691, 6, '2024-03-05 07:25:29.224+00', '2024-03-05 07:25:29.224+00'),
(106, 221, 7, '2024-03-05 07:25:29.224+00', '2024-03-05 07:25:29.224+00'),
(107, 849, 3, '2024-03-05 07:25:29.224+00', '2024-03-05 07:25:29.224+00'),
(108, 471, 2, '2024-03-05 07:25:29.224+00', '2024-03-05 07:25:29.224+00'),
(109, 72, 4, '2024-03-05 07:25:29.224+00', '2024-03-05 07:25:29.224+00'),
(110, 636, 2, '2024-03-05 07:25:29.224+00', '2024-03-05 07:25:29.224+00'),
(111, 311, 7, '2024-03-05 07:25:29.224+00', '2024-03-05 07:25:29.224+00'),
(112, 163, 1, '2024-03-05 07:25:29.224+00', '2024-03-05 07:25:29.224+00'),
(113, 771, 6, '2024-03-05 07:25:29.224+00', '2024-03-05 07:25:29.224+00'),
(114, 3, 5, '2024-03-05 07:25:29.224+00', '2024-03-05 07:25:29.224+00'),
(115, 708, 4, '2024-03-05 07:25:29.224+00', '2024-03-05 07:25:29.224+00'),
(116, 819, 6, '2024-03-05 07:25:29.224+00', '2024-03-05 07:25:29.224+00'),
(117, 846, 6, '2024-03-05 07:25:29.224+00', '2024-03-05 07:25:29.224+00'),
(118, 269, 7, '2024-03-05 07:25:29.224+00', '2024-03-05 07:25:29.224+00'),
(119, 962, 3, '2024-03-05 07:25:29.224+00', '2024-03-05 07:25:29.224+00'),
(120, 626, 7, '2024-03-05 07:25:29.224+00', '2024-03-05 07:25:29.224+00'),
(121, 560, 7, '2024-03-05 07:25:29.224+00', '2024-03-05 07:25:29.224+00'),
(122, 840, 5, '2024-03-05 07:25:29.224+00', '2024-03-05 07:25:29.224+00'),
(123, 414, 7, '2024-03-05 07:25:29.224+00', '2024-03-05 07:25:29.224+00'),
(124, 404, 3, '2024-03-05 07:25:29.224+00', '2024-03-05 07:25:29.224+00'),
(125, 6, 7, '2024-03-05 07:25:29.224+00', '2024-03-05 07:25:29.224+00'),
(126, 936, 6, '2024-03-05 07:25:29.224+00', '2024-03-05 07:25:29.224+00'),
(127, 916, 2, '2024-03-05 07:25:29.224+00', '2024-03-05 07:25:29.224+00'),
(128, 809, 6, '2024-03-05 07:25:29.224+00', '2024-03-05 07:25:29.224+00'),
(129, 394, 1, '2024-03-05 07:25:29.224+00', '2024-03-05 07:25:29.224+00'),
(130, 530, 2, '2024-03-05 07:25:29.224+00', '2024-03-05 07:25:29.224+00'),
(131, 343, 4, '2024-03-05 07:25:29.224+00', '2024-03-05 07:25:29.224+00'),
(132, 242, 5, '2024-03-05 07:25:29.224+00', '2024-03-05 07:25:29.224+00'),
(133, 69, 5, '2024-03-05 07:25:29.224+00', '2024-03-05 07:25:29.224+00'),
(134, 92, 4, '2024-03-05 07:25:29.224+00', '2024-03-05 07:25:29.224+00'),
(135, 783, 1, '2024-03-05 07:25:29.224+00', '2024-03-05 07:25:29.224+00'),
(136, 677, 1, '2024-03-05 07:25:29.224+00', '2024-03-05 07:25:29.224+00'),
(137, 312, 2, '2024-03-05 07:25:29.224+00', '2024-03-05 07:25:29.224+00'),
(138, 597, 5, '2024-03-05 07:25:29.224+00', '2024-03-05 07:25:29.224+00'),
(139, 956, 4, '2024-03-05 07:25:29.224+00', '2024-03-05 07:25:29.224+00'),
(140, 776, 2, '2024-03-05 07:25:29.224+00', '2024-03-05 07:25:29.224+00'),
(141, 923, 3, '2024-03-05 07:25:29.224+00', '2024-03-05 07:25:29.224+00'),
(142, 378, 5, '2024-03-05 07:25:29.224+00', '2024-03-05 07:25:29.224+00'),
(143, 707, 5, '2024-03-05 07:25:29.224+00', '2024-03-05 07:25:29.224+00'),
(144, 91, 7, '2024-03-05 07:25:29.224+00', '2024-03-05 07:25:29.224+00'),
(145, 721, 6, '2024-03-05 07:25:29.224+00', '2024-03-05 07:25:29.224+00'),
(146, 228, 6, '2024-03-05 07:25:29.224+00', '2024-03-05 07:25:29.224+00'),
(147, 263, 7, '2024-03-05 07:25:29.224+00', '2024-03-05 07:25:29.224+00'),
(148, 265, 4, '2024-03-05 07:25:29.224+00', '2024-03-05 07:25:29.224+00'),
(149, 101, 6, '2024-03-05 07:25:29.224+00', '2024-03-05 07:25:29.224+00'),
(150, 694, 7, '2024-03-05 07:25:29.224+00', '2024-03-05 07:25:29.224+00'),
(151, 555, 1, '2024-03-05 07:25:29.224+00', '2024-03-05 07:25:29.224+00'),
(152, 660, 4, '2024-03-05 07:25:29.224+00', '2024-03-05 07:25:29.224+00'),
(153, 995, 4, '2024-03-05 07:25:29.224+00', '2024-03-05 07:25:29.224+00'),
(154, 750, 2, '2024-03-05 07:25:29.224+00', '2024-03-05 07:25:29.224+00'),
(155, 408, 1, '2024-03-05 07:25:29.224+00', '2024-03-05 07:25:29.224+00'),
(156, 611, 1, '2024-03-05 07:25:29.224+00', '2024-03-05 07:25:29.224+00'),
(157, 380, 2, '2024-03-05 07:25:29.224+00', '2024-03-05 07:25:29.224+00'),
(158, 876, 4, '2024-03-05 07:25:29.224+00', '2024-03-05 07:25:29.224+00'),
(159, 62, 3, '2024-03-05 07:25:29.224+00', '2024-03-05 07:25:29.224+00'),
(160, 232, 5, '2024-03-05 07:25:29.224+00', '2024-03-05 07:25:29.224+00'),
(161, 524, 6, '2024-03-05 07:25:29.224+00', '2024-03-05 07:25:29.224+00'),
(162, 305, 4, '2024-03-05 07:25:29.224+00', '2024-03-05 07:25:29.224+00'),
(163, 563, 5, '2024-03-05 07:25:29.224+00', '2024-03-05 07:25:29.224+00'),
(164, 285, 4, '2024-03-05 07:25:29.224+00', '2024-03-05 07:25:29.224+00'),
(165, 307, 7, '2024-03-05 07:25:29.224+00', '2024-03-05 07:25:29.224+00'),
(166, 488, 1, '2024-03-05 07:25:29.224+00', '2024-03-05 07:25:29.224+00'),
(167, 717, 3, '2024-03-05 07:25:29.224+00', '2024-03-05 07:25:29.224+00'),
(168, 497, 7, '2024-03-05 07:25:29.224+00', '2024-03-05 07:25:29.224+00'),
(169, 85, 7, '2024-03-05 07:25:29.224+00', '2024-03-05 07:25:29.224+00'),
(170, 558, 4, '2024-03-05 07:25:29.224+00', '2024-03-05 07:25:29.224+00'),
(171, 582, 5, '2024-03-05 07:25:29.224+00', '2024-03-05 07:25:29.224+00'),
(172, 407, 3, '2024-03-05 07:25:29.224+00', '2024-03-05 07:25:29.224+00'),
(173, 608, 2, '2024-03-05 07:25:29.224+00', '2024-03-05 07:25:29.224+00'),
(174, 5, 2, '2024-03-05 07:25:29.224+00', '2024-03-05 07:25:29.224+00'),
(175, 369, 7, '2024-03-05 07:25:29.224+00', '2024-03-05 07:25:29.224+00'),
(176, 37, 5, '2024-03-05 07:25:29.224+00', '2024-03-05 07:25:29.224+00'),
(177, 188, 4, '2024-03-05 07:25:29.224+00', '2024-03-05 07:25:29.224+00'),
(178, 374, 1, '2024-03-05 07:25:29.224+00', '2024-03-05 07:25:29.224+00'),
(179, 83, 2, '2024-03-05 07:25:29.224+00', '2024-03-05 07:25:29.224+00'),
(180, 467, 5, '2024-03-05 07:25:29.224+00', '2024-03-05 07:25:29.224+00'),
(181, 56, 6, '2024-03-05 07:25:29.224+00', '2024-03-05 07:25:29.224+00'),
(182, 686, 3, '2024-03-05 07:25:29.224+00', '2024-03-05 07:25:29.224+00'),
(183, 65, 2, '2024-03-05 07:25:29.224+00', '2024-03-05 07:25:29.224+00'),
(184, 469, 4, '2024-03-05 07:25:29.224+00', '2024-03-05 07:25:29.224+00'),
(185, 145, 6, '2024-03-05 07:25:29.224+00', '2024-03-05 07:25:29.224+00'),
(186, 930, 3, '2024-03-05 07:25:29.224+00', '2024-03-05 07:25:29.224+00'),
(187, 702, 3, '2024-03-05 07:25:29.224+00', '2024-03-05 07:25:29.224+00'),
(188, 789, 3, '2024-03-05 07:25:29.224+00', '2024-03-05 07:25:29.224+00'),
(189, 745, 1, '2024-03-05 07:25:29.224+00', '2024-03-05 07:25:29.224+00'),
(190, 243, 3, '2024-03-05 07:25:29.224+00', '2024-03-05 07:25:29.224+00'),
(191, 474, 2, '2024-03-05 07:25:29.224+00', '2024-03-05 07:25:29.224+00'),
(192, 417, 7, '2024-03-05 07:25:29.224+00', '2024-03-05 07:25:29.224+00'),
(193, 92, 5, '2024-03-05 07:25:29.224+00', '2024-03-05 07:25:29.224+00'),
(194, 513, 3, '2024-03-05 07:25:29.224+00', '2024-03-05 07:25:29.224+00'),
(195, 66, 3, '2024-03-05 07:25:29.224+00', '2024-03-05 07:25:29.224+00'),
(196, 837, 6, '2024-03-05 07:25:29.224+00', '2024-03-05 07:25:29.224+00'),
(197, 918, 5, '2024-03-05 07:25:29.224+00', '2024-03-05 07:25:29.224+00'),
(198, 123, 4, '2024-03-05 07:25:29.224+00', '2024-03-05 07:25:29.224+00'),
(199, 279, 5, '2024-03-05 07:25:29.224+00', '2024-03-05 07:25:29.224+00'),
(200, 827, 7, '2024-03-05 07:25:29.224+00', '2024-03-05 07:25:29.224+00'),
(201, 426, 1, '2024-03-05 07:25:29.23+00', '2024-03-05 07:25:29.23+00'),
(202, 560, 1, '2024-03-05 07:25:29.23+00', '2024-03-05 07:25:29.23+00'),
(203, 800, 1, '2024-03-05 07:25:29.23+00', '2024-03-05 07:25:29.23+00'),
(204, 338, 2, '2024-03-05 07:25:29.23+00', '2024-03-05 07:25:29.23+00'),
(205, 326, 1, '2024-03-05 07:25:29.23+00', '2024-03-05 07:25:29.23+00'),
(206, 971, 6, '2024-03-05 07:25:29.23+00', '2024-03-05 07:25:29.23+00'),
(207, 836, 7, '2024-03-05 07:25:29.23+00', '2024-03-05 07:25:29.23+00'),
(208, 525, 7, '2024-03-05 07:25:29.23+00', '2024-03-05 07:25:29.23+00'),
(209, 406, 3, '2024-03-05 07:25:29.23+00', '2024-03-05 07:25:29.23+00'),
(210, 394, 3, '2024-03-05 07:25:29.23+00', '2024-03-05 07:25:29.23+00'),
(211, 325, 4, '2024-03-05 07:25:29.23+00', '2024-03-05 07:25:29.23+00'),
(212, 521, 5, '2024-03-05 07:25:29.23+00', '2024-03-05 07:25:29.23+00'),
(213, 264, 3, '2024-03-05 07:25:29.23+00', '2024-03-05 07:25:29.23+00'),
(214, 350, 5, '2024-03-05 07:25:29.23+00', '2024-03-05 07:25:29.23+00'),
(215, 400, 4, '2024-03-05 07:25:29.23+00', '2024-03-05 07:25:29.23+00'),
(216, 699, 5, '2024-03-05 07:25:29.23+00', '2024-03-05 07:25:29.23+00'),
(217, 786, 4, '2024-03-05 07:25:29.23+00', '2024-03-05 07:25:29.23+00'),
(218, 17, 1, '2024-03-05 07:25:29.23+00', '2024-03-05 07:25:29.23+00'),
(219, 100, 2, '2024-03-05 07:25:29.23+00', '2024-03-05 07:25:29.23+00'),
(220, 809, 1, '2024-03-05 07:25:29.23+00', '2024-03-05 07:25:29.23+00'),
(221, 380, 6, '2024-03-05 07:25:29.23+00', '2024-03-05 07:25:29.23+00'),
(222, 566, 6, '2024-03-05 07:25:29.23+00', '2024-03-05 07:25:29.23+00'),
(223, 755, 5, '2024-03-05 07:25:29.23+00', '2024-03-05 07:25:29.23+00'),
(224, 970, 6, '2024-03-05 07:25:29.23+00', '2024-03-05 07:25:29.23+00'),
(225, 167, 5, '2024-03-05 07:25:29.23+00', '2024-03-05 07:25:29.23+00'),
(226, 865, 4, '2024-03-05 07:25:29.23+00', '2024-03-05 07:25:29.23+00'),
(227, 328, 2, '2024-03-05 07:25:29.23+00', '2024-03-05 07:25:29.23+00'),
(228, 180, 6, '2024-03-05 07:25:29.23+00', '2024-03-05 07:25:29.23+00'),
(229, 742, 7, '2024-03-05 07:25:29.23+00', '2024-03-05 07:25:29.23+00'),
(230, 482, 7, '2024-03-05 07:25:29.23+00', '2024-03-05 07:25:29.23+00'),
(231, 892, 5, '2024-03-05 07:25:29.23+00', '2024-03-05 07:25:29.23+00'),
(232, 408, 7, '2024-03-05 07:25:29.23+00', '2024-03-05 07:25:29.23+00'),
(233, 455, 5, '2024-03-05 07:25:29.23+00', '2024-03-05 07:25:29.23+00'),
(234, 683, 3, '2024-03-05 07:25:29.23+00', '2024-03-05 07:25:29.23+00'),
(235, 762, 2, '2024-03-05 07:25:29.23+00', '2024-03-05 07:25:29.23+00'),
(236, 740, 3, '2024-03-05 07:25:29.23+00', '2024-03-05 07:25:29.23+00'),
(237, 812, 3, '2024-03-05 07:25:29.23+00', '2024-03-05 07:25:29.23+00'),
(238, 918, 7, '2024-03-05 07:25:29.23+00', '2024-03-05 07:25:29.23+00'),
(239, 146, 4, '2024-03-05 07:25:29.23+00', '2024-03-05 07:25:29.23+00'),
(240, 574, 4, '2024-03-05 07:25:29.23+00', '2024-03-05 07:25:29.23+00'),
(241, 595, 2, '2024-03-05 07:25:29.23+00', '2024-03-05 07:25:29.23+00'),
(242, 606, 3, '2024-03-05 07:25:29.23+00', '2024-03-05 07:25:29.23+00'),
(243, 884, 1, '2024-03-05 07:25:29.23+00', '2024-03-05 07:25:29.23+00'),
(244, 334, 5, '2024-03-05 07:25:29.23+00', '2024-03-05 07:25:29.23+00'),
(245, 497, 6, '2024-03-05 07:25:29.23+00', '2024-03-05 07:25:29.23+00'),
(246, 118, 6, '2024-03-05 07:25:29.23+00', '2024-03-05 07:25:29.23+00'),
(247, 420, 2, '2024-03-05 07:25:29.23+00', '2024-03-05 07:25:29.23+00'),
(248, 7, 4, '2024-03-05 07:25:29.23+00', '2024-03-05 07:25:29.23+00'),
(249, 84, 5, '2024-03-05 07:25:29.23+00', '2024-03-05 07:25:29.23+00'),
(250, 268, 6, '2024-03-05 07:25:29.23+00', '2024-03-05 07:25:29.23+00'),
(251, 18, 2, '2024-03-05 07:25:29.23+00', '2024-03-05 07:25:29.23+00'),
(252, 233, 6, '2024-03-05 07:25:29.23+00', '2024-03-05 07:25:29.23+00'),
(253, 895, 2, '2024-03-05 07:25:29.23+00', '2024-03-05 07:25:29.23+00'),
(254, 451, 4, '2024-03-05 07:25:29.23+00', '2024-03-05 07:25:29.23+00'),
(255, 185, 5, '2024-03-05 07:25:29.23+00', '2024-03-05 07:25:29.23+00'),
(256, 100, 5, '2024-03-05 07:25:29.23+00', '2024-03-05 07:25:29.23+00'),
(257, 503, 2, '2024-03-05 07:25:29.23+00', '2024-03-05 07:25:29.23+00'),
(258, 54, 4, '2024-03-05 07:25:29.23+00', '2024-03-05 07:25:29.23+00'),
(259, 199, 6, '2024-03-05 07:25:29.23+00', '2024-03-05 07:25:29.23+00'),
(260, 429, 1, '2024-03-05 07:25:29.23+00', '2024-03-05 07:25:29.23+00'),
(261, 421, 4, '2024-03-05 07:25:29.23+00', '2024-03-05 07:25:29.23+00'),
(262, 98, 2, '2024-03-05 07:25:29.23+00', '2024-03-05 07:25:29.23+00'),
(263, 398, 6, '2024-03-05 07:25:29.23+00', '2024-03-05 07:25:29.23+00'),
(264, 732, 5, '2024-03-05 07:25:29.23+00', '2024-03-05 07:25:29.23+00'),
(265, 913, 7, '2024-03-05 07:25:29.23+00', '2024-03-05 07:25:29.23+00'),
(266, 356, 4, '2024-03-05 07:25:29.23+00', '2024-03-05 07:25:29.23+00'),
(267, 873, 4, '2024-03-05 07:25:29.23+00', '2024-03-05 07:25:29.23+00'),
(268, 815, 7, '2024-03-05 07:25:29.23+00', '2024-03-05 07:25:29.23+00'),
(269, 599, 5, '2024-03-05 07:25:29.23+00', '2024-03-05 07:25:29.23+00'),
(270, 179, 1, '2024-03-05 07:25:29.23+00', '2024-03-05 07:25:29.23+00'),
(271, 304, 7, '2024-03-05 07:25:29.23+00', '2024-03-05 07:25:29.23+00'),
(272, 501, 4, '2024-03-05 07:25:29.23+00', '2024-03-05 07:25:29.23+00'),
(273, 100, 3, '2024-03-05 07:25:29.23+00', '2024-03-05 07:25:29.23+00'),
(274, 531, 3, '2024-03-05 07:25:29.23+00', '2024-03-05 07:25:29.23+00'),
(275, 588, 6, '2024-03-05 07:25:29.23+00', '2024-03-05 07:25:29.23+00'),
(276, 778, 5, '2024-03-05 07:25:29.23+00', '2024-03-05 07:25:29.23+00'),
(277, 486, 6, '2024-03-05 07:25:29.23+00', '2024-03-05 07:25:29.23+00'),
(278, 797, 5, '2024-03-05 07:25:29.23+00', '2024-03-05 07:25:29.23+00'),
(279, 582, 1, '2024-03-05 07:25:29.23+00', '2024-03-05 07:25:29.23+00'),
(280, 586, 3, '2024-03-05 07:25:29.23+00', '2024-03-05 07:25:29.23+00'),
(281, 902, 2, '2024-03-05 07:25:29.23+00', '2024-03-05 07:25:29.23+00'),
(282, 929, 3, '2024-03-05 07:25:29.23+00', '2024-03-05 07:25:29.23+00'),
(283, 818, 2, '2024-03-05 07:25:29.23+00', '2024-03-05 07:25:29.23+00'),
(284, 939, 5, '2024-03-05 07:25:29.23+00', '2024-03-05 07:25:29.23+00'),
(285, 769, 2, '2024-03-05 07:25:29.23+00', '2024-03-05 07:25:29.23+00'),
(286, 908, 4, '2024-03-05 07:25:29.23+00', '2024-03-05 07:25:29.23+00'),
(287, 249, 5, '2024-03-05 07:25:29.23+00', '2024-03-05 07:25:29.23+00'),
(288, 928, 4, '2024-03-05 07:25:29.23+00', '2024-03-05 07:25:29.23+00'),
(289, 149, 7, '2024-03-05 07:25:29.23+00', '2024-03-05 07:25:29.23+00'),
(290, 495, 3, '2024-03-05 07:25:29.23+00', '2024-03-05 07:25:29.23+00'),
(291, 855, 4, '2024-03-05 07:25:29.23+00', '2024-03-05 07:25:29.23+00'),
(292, 660, 4, '2024-03-05 07:25:29.23+00', '2024-03-05 07:25:29.23+00'),
(293, 109, 4, '2024-03-05 07:25:29.23+00', '2024-03-05 07:25:29.23+00'),
(294, 631, 6, '2024-03-05 07:25:29.23+00', '2024-03-05 07:25:29.23+00'),
(295, 879, 4, '2024-03-05 07:25:29.23+00', '2024-03-05 07:25:29.23+00'),
(296, 429, 1, '2024-03-05 07:25:29.23+00', '2024-03-05 07:25:29.23+00'),
(297, 626, 7, '2024-03-05 07:25:29.23+00', '2024-03-05 07:25:29.23+00'),
(298, 613, 7, '2024-03-05 07:25:29.23+00', '2024-03-05 07:25:29.23+00'),
(299, 129, 5, '2024-03-05 07:25:29.23+00', '2024-03-05 07:25:29.23+00'),
(300, 236, 1, '2024-03-05 07:25:29.23+00', '2024-03-05 07:25:29.23+00'),
(301, 368, 1, '2024-03-05 07:25:29.236+00', '2024-03-05 07:25:29.236+00'),
(302, 199, 7, '2024-03-05 07:25:29.236+00', '2024-03-05 07:25:29.236+00'),
(303, 22, 4, '2024-03-05 07:25:29.236+00', '2024-03-05 07:25:29.236+00'),
(304, 406, 5, '2024-03-05 07:25:29.236+00', '2024-03-05 07:25:29.236+00'),
(305, 531, 7, '2024-03-05 07:25:29.236+00', '2024-03-05 07:25:29.236+00'),
(306, 372, 6, '2024-03-05 07:25:29.236+00', '2024-03-05 07:25:29.236+00'),
(307, 258, 6, '2024-03-05 07:25:29.236+00', '2024-03-05 07:25:29.236+00'),
(308, 635, 3, '2024-03-05 07:25:29.236+00', '2024-03-05 07:25:29.236+00'),
(309, 365, 7, '2024-03-05 07:25:29.236+00', '2024-03-05 07:25:29.236+00'),
(310, 826, 7, '2024-03-05 07:25:29.236+00', '2024-03-05 07:25:29.236+00'),
(311, 930, 3, '2024-03-05 07:25:29.236+00', '2024-03-05 07:25:29.236+00'),
(312, 572, 1, '2024-03-05 07:25:29.236+00', '2024-03-05 07:25:29.236+00'),
(313, 310, 7, '2024-03-05 07:25:29.236+00', '2024-03-05 07:25:29.236+00'),
(314, 673, 5, '2024-03-05 07:25:29.236+00', '2024-03-05 07:25:29.236+00'),
(315, 635, 4, '2024-03-05 07:25:29.236+00', '2024-03-05 07:25:29.236+00'),
(316, 277, 3, '2024-03-05 07:25:29.236+00', '2024-03-05 07:25:29.236+00'),
(317, 182, 2, '2024-03-05 07:25:29.236+00', '2024-03-05 07:25:29.236+00'),
(318, 308, 2, '2024-03-05 07:25:29.236+00', '2024-03-05 07:25:29.236+00'),
(319, 119, 4, '2024-03-05 07:25:29.236+00', '2024-03-05 07:25:29.236+00'),
(320, 60, 5, '2024-03-05 07:25:29.236+00', '2024-03-05 07:25:29.236+00'),
(321, 617, 7, '2024-03-05 07:25:29.236+00', '2024-03-05 07:25:29.236+00'),
(322, 339, 6, '2024-03-05 07:25:29.236+00', '2024-03-05 07:25:29.236+00'),
(323, 183, 5, '2024-03-05 07:25:29.236+00', '2024-03-05 07:25:29.236+00'),
(324, 444, 6, '2024-03-05 07:25:29.236+00', '2024-03-05 07:25:29.236+00'),
(325, 903, 4, '2024-03-05 07:25:29.236+00', '2024-03-05 07:25:29.236+00'),
(326, 230, 5, '2024-03-05 07:25:29.236+00', '2024-03-05 07:25:29.236+00'),
(327, 227, 7, '2024-03-05 07:25:29.236+00', '2024-03-05 07:25:29.236+00'),
(328, 467, 2, '2024-03-05 07:25:29.236+00', '2024-03-05 07:25:29.236+00'),
(329, 562, 6, '2024-03-05 07:25:29.236+00', '2024-03-05 07:25:29.236+00'),
(330, 254, 6, '2024-03-05 07:25:29.236+00', '2024-03-05 07:25:29.236+00'),
(331, 49, 5, '2024-03-05 07:25:29.236+00', '2024-03-05 07:25:29.236+00'),
(332, 519, 1, '2024-03-05 07:25:29.236+00', '2024-03-05 07:25:29.236+00'),
(333, 688, 1, '2024-03-05 07:25:29.236+00', '2024-03-05 07:25:29.236+00'),
(334, 704, 5, '2024-03-05 07:25:29.236+00', '2024-03-05 07:25:29.236+00'),
(335, 697, 6, '2024-03-05 07:25:29.236+00', '2024-03-05 07:25:29.236+00'),
(336, 631, 1, '2024-03-05 07:25:29.236+00', '2024-03-05 07:25:29.236+00'),
(337, 837, 6, '2024-03-05 07:25:29.236+00', '2024-03-05 07:25:29.236+00'),
(338, 98, 5, '2024-03-05 07:25:29.236+00', '2024-03-05 07:25:29.236+00'),
(339, 576, 3, '2024-03-05 07:25:29.236+00', '2024-03-05 07:25:29.236+00'),
(340, 860, 6, '2024-03-05 07:25:29.236+00', '2024-03-05 07:25:29.236+00'),
(341, 138, 3, '2024-03-05 07:25:29.236+00', '2024-03-05 07:25:29.236+00'),
(342, 530, 4, '2024-03-05 07:25:29.236+00', '2024-03-05 07:25:29.236+00'),
(343, 630, 7, '2024-03-05 07:25:29.236+00', '2024-03-05 07:25:29.236+00'),
(344, 677, 3, '2024-03-05 07:25:29.236+00', '2024-03-05 07:25:29.236+00'),
(345, 8, 6, '2024-03-05 07:25:29.236+00', '2024-03-05 07:25:29.236+00'),
(346, 468, 1, '2024-03-05 07:25:29.236+00', '2024-03-05 07:25:29.236+00'),
(347, 915, 3, '2024-03-05 07:25:29.236+00', '2024-03-05 07:25:29.236+00'),
(348, 663, 3, '2024-03-05 07:25:29.236+00', '2024-03-05 07:25:29.236+00'),
(349, 796, 3, '2024-03-05 07:25:29.236+00', '2024-03-05 07:25:29.236+00'),
(350, 896, 1, '2024-03-05 07:25:29.236+00', '2024-03-05 07:25:29.236+00'),
(351, 744, 2, '2024-03-05 07:25:29.236+00', '2024-03-05 07:25:29.236+00'),
(352, 293, 3, '2024-03-05 07:25:29.236+00', '2024-03-05 07:25:29.236+00'),
(353, 924, 1, '2024-03-05 07:25:29.236+00', '2024-03-05 07:25:29.236+00'),
(354, 265, 2, '2024-03-05 07:25:29.236+00', '2024-03-05 07:25:29.236+00'),
(355, 177, 1, '2024-03-05 07:25:29.236+00', '2024-03-05 07:25:29.236+00'),
(356, 39, 5, '2024-03-05 07:25:29.236+00', '2024-03-05 07:25:29.236+00'),
(357, 224, 5, '2024-03-05 07:25:29.236+00', '2024-03-05 07:25:29.236+00'),
(358, 700, 5, '2024-03-05 07:25:29.236+00', '2024-03-05 07:25:29.236+00'),
(359, 464, 1, '2024-03-05 07:25:29.236+00', '2024-03-05 07:25:29.236+00'),
(360, 538, 5, '2024-03-05 07:25:29.236+00', '2024-03-05 07:25:29.236+00'),
(361, 571, 7, '2024-03-05 07:25:29.236+00', '2024-03-05 07:25:29.236+00'),
(362, 268, 7, '2024-03-05 07:25:29.236+00', '2024-03-05 07:25:29.236+00'),
(363, 485, 7, '2024-03-05 07:25:29.236+00', '2024-03-05 07:25:29.236+00'),
(364, 845, 1, '2024-03-05 07:25:29.236+00', '2024-03-05 07:25:29.236+00'),
(365, 223, 7, '2024-03-05 07:25:29.236+00', '2024-03-05 07:25:29.236+00'),
(366, 494, 3, '2024-03-05 07:25:29.236+00', '2024-03-05 07:25:29.236+00'),
(367, 753, 4, '2024-03-05 07:25:29.236+00', '2024-03-05 07:25:29.236+00'),
(368, 655, 1, '2024-03-05 07:25:29.236+00', '2024-03-05 07:25:29.236+00'),
(369, 998, 6, '2024-03-05 07:25:29.236+00', '2024-03-05 07:25:29.236+00'),
(370, 384, 4, '2024-03-05 07:25:29.236+00', '2024-03-05 07:25:29.236+00'),
(371, 579, 7, '2024-03-05 07:25:29.236+00', '2024-03-05 07:25:29.236+00'),
(372, 2, 4, '2024-03-05 07:25:29.236+00', '2024-03-05 07:25:29.236+00'),
(373, 27, 1, '2024-03-05 07:25:29.236+00', '2024-03-05 07:25:29.236+00'),
(374, 694, 5, '2024-03-05 07:25:29.236+00', '2024-03-05 07:25:29.236+00'),
(375, 547, 4, '2024-03-05 07:25:29.236+00', '2024-03-05 07:25:29.236+00'),
(376, 846, 1, '2024-03-05 07:25:29.236+00', '2024-03-05 07:25:29.236+00'),
(377, 241, 4, '2024-03-05 07:25:29.236+00', '2024-03-05 07:25:29.236+00'),
(378, 876, 1, '2024-03-05 07:25:29.236+00', '2024-03-05 07:25:29.236+00'),
(379, 205, 3, '2024-03-05 07:25:29.236+00', '2024-03-05 07:25:29.236+00'),
(380, 526, 4, '2024-03-05 07:25:29.236+00', '2024-03-05 07:25:29.236+00'),
(381, 194, 3, '2024-03-05 07:25:29.236+00', '2024-03-05 07:25:29.236+00'),
(382, 547, 4, '2024-03-05 07:25:29.236+00', '2024-03-05 07:25:29.236+00'),
(383, 210, 5, '2024-03-05 07:25:29.236+00', '2024-03-05 07:25:29.236+00'),
(384, 924, 7, '2024-03-05 07:25:29.236+00', '2024-03-05 07:25:29.236+00'),
(385, 239, 5, '2024-03-05 07:25:29.236+00', '2024-03-05 07:25:29.236+00'),
(386, 519, 1, '2024-03-05 07:25:29.236+00', '2024-03-05 07:25:29.236+00'),
(387, 647, 5, '2024-03-05 07:25:29.236+00', '2024-03-05 07:25:29.236+00'),
(388, 676, 3, '2024-03-05 07:25:29.236+00', '2024-03-05 07:25:29.236+00'),
(389, 501, 4, '2024-03-05 07:25:29.236+00', '2024-03-05 07:25:29.236+00'),
(390, 140, 7, '2024-03-05 07:25:29.236+00', '2024-03-05 07:25:29.236+00'),
(391, 893, 5, '2024-03-05 07:25:29.236+00', '2024-03-05 07:25:29.236+00'),
(392, 741, 6, '2024-03-05 07:25:29.236+00', '2024-03-05 07:25:29.236+00'),
(393, 286, 3, '2024-03-05 07:25:29.236+00', '2024-03-05 07:25:29.236+00'),
(394, 901, 1, '2024-03-05 07:25:29.236+00', '2024-03-05 07:25:29.236+00'),
(395, 631, 7, '2024-03-05 07:25:29.236+00', '2024-03-05 07:25:29.236+00'),
(396, 103, 4, '2024-03-05 07:25:29.236+00', '2024-03-05 07:25:29.236+00'),
(397, 632, 7, '2024-03-05 07:25:29.236+00', '2024-03-05 07:25:29.236+00'),
(398, 877, 2, '2024-03-05 07:25:29.236+00', '2024-03-05 07:25:29.236+00'),
(399, 76, 2, '2024-03-05 07:25:29.236+00', '2024-03-05 07:25:29.236+00'),
(400, 529, 5, '2024-03-05 07:25:29.236+00', '2024-03-05 07:25:29.236+00'),
(401, 323, 4, '2024-03-05 07:25:29.243+00', '2024-03-05 07:25:29.243+00'),
(402, 984, 4, '2024-03-05 07:25:29.243+00', '2024-03-05 07:25:29.243+00'),
(403, 667, 6, '2024-03-05 07:25:29.243+00', '2024-03-05 07:25:29.243+00'),
(404, 676, 4, '2024-03-05 07:25:29.243+00', '2024-03-05 07:25:29.243+00'),
(405, 919, 6, '2024-03-05 07:25:29.243+00', '2024-03-05 07:25:29.243+00'),
(406, 934, 1, '2024-03-05 07:25:29.243+00', '2024-03-05 07:25:29.243+00'),
(407, 715, 4, '2024-03-05 07:25:29.243+00', '2024-03-05 07:25:29.243+00'),
(408, 699, 7, '2024-03-05 07:25:29.243+00', '2024-03-05 07:25:29.243+00'),
(409, 50, 6, '2024-03-05 07:25:29.243+00', '2024-03-05 07:25:29.243+00'),
(410, 690, 3, '2024-03-05 07:25:29.243+00', '2024-03-05 07:25:29.243+00'),
(411, 229, 3, '2024-03-05 07:25:29.243+00', '2024-03-05 07:25:29.243+00'),
(412, 216, 6, '2024-03-05 07:25:29.243+00', '2024-03-05 07:25:29.243+00'),
(413, 235, 6, '2024-03-05 07:25:29.243+00', '2024-03-05 07:25:29.243+00'),
(414, 556, 2, '2024-03-05 07:25:29.243+00', '2024-03-05 07:25:29.243+00'),
(415, 654, 3, '2024-03-05 07:25:29.243+00', '2024-03-05 07:25:29.243+00'),
(416, 766, 6, '2024-03-05 07:25:29.243+00', '2024-03-05 07:25:29.243+00'),
(417, 881, 6, '2024-03-05 07:25:29.243+00', '2024-03-05 07:25:29.243+00'),
(418, 181, 4, '2024-03-05 07:25:29.243+00', '2024-03-05 07:25:29.243+00'),
(419, 395, 2, '2024-03-05 07:25:29.243+00', '2024-03-05 07:25:29.243+00'),
(420, 911, 5, '2024-03-05 07:25:29.243+00', '2024-03-05 07:25:29.243+00'),
(421, 376, 2, '2024-03-05 07:25:29.243+00', '2024-03-05 07:25:29.243+00'),
(422, 966, 1, '2024-03-05 07:25:29.243+00', '2024-03-05 07:25:29.243+00'),
(423, 775, 3, '2024-03-05 07:25:29.243+00', '2024-03-05 07:25:29.243+00'),
(424, 219, 1, '2024-03-05 07:25:29.243+00', '2024-03-05 07:25:29.243+00'),
(425, 615, 3, '2024-03-05 07:25:29.243+00', '2024-03-05 07:25:29.243+00'),
(426, 392, 5, '2024-03-05 07:25:29.243+00', '2024-03-05 07:25:29.243+00'),
(427, 5, 2, '2024-03-05 07:25:29.243+00', '2024-03-05 07:25:29.243+00'),
(428, 545, 4, '2024-03-05 07:25:29.243+00', '2024-03-05 07:25:29.243+00'),
(429, 68, 3, '2024-03-05 07:25:29.243+00', '2024-03-05 07:25:29.243+00'),
(430, 409, 2, '2024-03-05 07:25:29.243+00', '2024-03-05 07:25:29.243+00'),
(431, 921, 6, '2024-03-05 07:25:29.243+00', '2024-03-05 07:25:29.243+00'),
(432, 514, 4, '2024-03-05 07:25:29.243+00', '2024-03-05 07:25:29.243+00'),
(433, 757, 5, '2024-03-05 07:25:29.243+00', '2024-03-05 07:25:29.243+00'),
(434, 245, 4, '2024-03-05 07:25:29.243+00', '2024-03-05 07:25:29.243+00'),
(435, 927, 5, '2024-03-05 07:25:29.243+00', '2024-03-05 07:25:29.243+00'),
(436, 154, 7, '2024-03-05 07:25:29.243+00', '2024-03-05 07:25:29.243+00'),
(437, 595, 3, '2024-03-05 07:25:29.243+00', '2024-03-05 07:25:29.243+00'),
(438, 912, 3, '2024-03-05 07:25:29.243+00', '2024-03-05 07:25:29.243+00'),
(439, 695, 7, '2024-03-05 07:25:29.243+00', '2024-03-05 07:25:29.243+00'),
(440, 777, 6, '2024-03-05 07:25:29.243+00', '2024-03-05 07:25:29.243+00'),
(441, 794, 2, '2024-03-05 07:25:29.243+00', '2024-03-05 07:25:29.243+00'),
(442, 413, 7, '2024-03-05 07:25:29.243+00', '2024-03-05 07:25:29.243+00'),
(443, 121, 1, '2024-03-05 07:25:29.243+00', '2024-03-05 07:25:29.243+00'),
(444, 846, 1, '2024-03-05 07:25:29.243+00', '2024-03-05 07:25:29.243+00'),
(445, 909, 1, '2024-03-05 07:25:29.243+00', '2024-03-05 07:25:29.243+00'),
(446, 281, 2, '2024-03-05 07:25:29.243+00', '2024-03-05 07:25:29.243+00'),
(447, 685, 1, '2024-03-05 07:25:29.243+00', '2024-03-05 07:25:29.243+00'),
(448, 990, 6, '2024-03-05 07:25:29.243+00', '2024-03-05 07:25:29.243+00'),
(449, 419, 1, '2024-03-05 07:25:29.243+00', '2024-03-05 07:25:29.243+00'),
(450, 309, 5, '2024-03-05 07:25:29.243+00', '2024-03-05 07:25:29.243+00'),
(451, 156, 7, '2024-03-05 07:25:29.243+00', '2024-03-05 07:25:29.243+00'),
(452, 889, 4, '2024-03-05 07:25:29.243+00', '2024-03-05 07:25:29.243+00'),
(453, 13, 4, '2024-03-05 07:25:29.243+00', '2024-03-05 07:25:29.243+00'),
(454, 929, 5, '2024-03-05 07:25:29.243+00', '2024-03-05 07:25:29.243+00'),
(455, 846, 6, '2024-03-05 07:25:29.243+00', '2024-03-05 07:25:29.243+00'),
(456, 222, 4, '2024-03-05 07:25:29.243+00', '2024-03-05 07:25:29.243+00'),
(457, 444, 1, '2024-03-05 07:25:29.243+00', '2024-03-05 07:25:29.243+00'),
(458, 863, 5, '2024-03-05 07:25:29.243+00', '2024-03-05 07:25:29.243+00'),
(459, 10, 1, '2024-03-05 07:25:29.243+00', '2024-03-05 07:25:29.243+00'),
(460, 434, 3, '2024-03-05 07:25:29.243+00', '2024-03-05 07:25:29.243+00'),
(461, 365, 1, '2024-03-05 07:25:29.243+00', '2024-03-05 07:25:29.243+00'),
(462, 6, 7, '2024-03-05 07:25:29.243+00', '2024-03-05 07:25:29.243+00'),
(463, 344, 6, '2024-03-05 07:25:29.243+00', '2024-03-05 07:25:29.243+00'),
(464, 325, 2, '2024-03-05 07:25:29.243+00', '2024-03-05 07:25:29.243+00'),
(465, 41, 4, '2024-03-05 07:25:29.243+00', '2024-03-05 07:25:29.243+00'),
(466, 781, 7, '2024-03-05 07:25:29.243+00', '2024-03-05 07:25:29.243+00'),
(467, 508, 3, '2024-03-05 07:25:29.243+00', '2024-03-05 07:25:29.243+00'),
(468, 65, 4, '2024-03-05 07:25:29.243+00', '2024-03-05 07:25:29.243+00'),
(469, 81, 1, '2024-03-05 07:25:29.243+00', '2024-03-05 07:25:29.243+00'),
(470, 36, 2, '2024-03-05 07:25:29.243+00', '2024-03-05 07:25:29.243+00'),
(471, 820, 1, '2024-03-05 07:25:29.243+00', '2024-03-05 07:25:29.243+00'),
(472, 946, 1, '2024-03-05 07:25:29.243+00', '2024-03-05 07:25:29.243+00'),
(473, 523, 2, '2024-03-05 07:25:29.243+00', '2024-03-05 07:25:29.243+00'),
(474, 124, 5, '2024-03-05 07:25:29.243+00', '2024-03-05 07:25:29.243+00'),
(475, 166, 6, '2024-03-05 07:25:29.243+00', '2024-03-05 07:25:29.243+00'),
(476, 973, 7, '2024-03-05 07:25:29.243+00', '2024-03-05 07:25:29.243+00'),
(477, 776, 7, '2024-03-05 07:25:29.243+00', '2024-03-05 07:25:29.243+00'),
(478, 610, 2, '2024-03-05 07:25:29.243+00', '2024-03-05 07:25:29.243+00'),
(479, 985, 5, '2024-03-05 07:25:29.243+00', '2024-03-05 07:25:29.243+00'),
(480, 640, 7, '2024-03-05 07:25:29.243+00', '2024-03-05 07:25:29.243+00'),
(481, 300, 4, '2024-03-05 07:25:29.243+00', '2024-03-05 07:25:29.243+00'),
(482, 318, 4, '2024-03-05 07:25:29.243+00', '2024-03-05 07:25:29.243+00'),
(483, 225, 2, '2024-03-05 07:25:29.243+00', '2024-03-05 07:25:29.243+00'),
(484, 509, 1, '2024-03-05 07:25:29.243+00', '2024-03-05 07:25:29.243+00'),
(485, 924, 7, '2024-03-05 07:25:29.243+00', '2024-03-05 07:25:29.243+00'),
(486, 200, 4, '2024-03-05 07:25:29.243+00', '2024-03-05 07:25:29.243+00'),
(487, 464, 5, '2024-03-05 07:25:29.243+00', '2024-03-05 07:25:29.243+00'),
(488, 997, 1, '2024-03-05 07:25:29.243+00', '2024-03-05 07:25:29.243+00'),
(489, 388, 5, '2024-03-05 07:25:29.243+00', '2024-03-05 07:25:29.243+00'),
(490, 953, 7, '2024-03-05 07:25:29.243+00', '2024-03-05 07:25:29.243+00'),
(491, 342, 4, '2024-03-05 07:25:29.243+00', '2024-03-05 07:25:29.243+00'),
(492, 963, 5, '2024-03-05 07:25:29.243+00', '2024-03-05 07:25:29.243+00'),
(493, 178, 6, '2024-03-05 07:25:29.243+00', '2024-03-05 07:25:29.243+00'),
(494, 592, 4, '2024-03-05 07:25:29.243+00', '2024-03-05 07:25:29.243+00'),
(495, 577, 2, '2024-03-05 07:25:29.243+00', '2024-03-05 07:25:29.243+00'),
(496, 717, 3, '2024-03-05 07:25:29.243+00', '2024-03-05 07:25:29.243+00'),
(497, 427, 6, '2024-03-05 07:25:29.243+00', '2024-03-05 07:25:29.243+00'),
(498, 596, 2, '2024-03-05 07:25:29.243+00', '2024-03-05 07:25:29.243+00'),
(499, 266, 1, '2024-03-05 07:25:29.243+00', '2024-03-05 07:25:29.243+00'),
(500, 967, 4, '2024-03-05 07:25:29.243+00', '2024-03-05 07:25:29.243+00'),
(501, 334, 2, '2024-03-05 07:25:29.25+00', '2024-03-05 07:25:29.25+00'),
(502, 831, 2, '2024-03-05 07:25:29.25+00', '2024-03-05 07:25:29.25+00'),
(503, 915, 1, '2024-03-05 07:25:29.25+00', '2024-03-05 07:25:29.25+00'),
(504, 767, 5, '2024-03-05 07:25:29.25+00', '2024-03-05 07:25:29.25+00'),
(505, 88, 1, '2024-03-05 07:25:29.25+00', '2024-03-05 07:25:29.25+00'),
(506, 186, 3, '2024-03-05 07:25:29.25+00', '2024-03-05 07:25:29.25+00'),
(507, 345, 1, '2024-03-05 07:25:29.25+00', '2024-03-05 07:25:29.25+00'),
(508, 277, 7, '2024-03-05 07:25:29.25+00', '2024-03-05 07:25:29.25+00'),
(509, 329, 1, '2024-03-05 07:25:29.25+00', '2024-03-05 07:25:29.25+00'),
(510, 933, 6, '2024-03-05 07:25:29.25+00', '2024-03-05 07:25:29.25+00'),
(511, 836, 5, '2024-03-05 07:25:29.25+00', '2024-03-05 07:25:29.25+00'),
(512, 553, 3, '2024-03-05 07:25:29.25+00', '2024-03-05 07:25:29.25+00'),
(513, 804, 4, '2024-03-05 07:25:29.25+00', '2024-03-05 07:25:29.25+00'),
(514, 958, 5, '2024-03-05 07:25:29.25+00', '2024-03-05 07:25:29.25+00'),
(515, 882, 1, '2024-03-05 07:25:29.25+00', '2024-03-05 07:25:29.25+00'),
(516, 317, 7, '2024-03-05 07:25:29.25+00', '2024-03-05 07:25:29.25+00'),
(517, 252, 4, '2024-03-05 07:25:29.25+00', '2024-03-05 07:25:29.25+00'),
(518, 443, 3, '2024-03-05 07:25:29.25+00', '2024-03-05 07:25:29.25+00'),
(519, 568, 4, '2024-03-05 07:25:29.25+00', '2024-03-05 07:25:29.25+00'),
(520, 61, 1, '2024-03-05 07:25:29.25+00', '2024-03-05 07:25:29.25+00'),
(521, 218, 2, '2024-03-05 07:25:29.25+00', '2024-03-05 07:25:29.25+00'),
(522, 958, 5, '2024-03-05 07:25:29.25+00', '2024-03-05 07:25:29.25+00'),
(523, 541, 5, '2024-03-05 07:25:29.25+00', '2024-03-05 07:25:29.25+00'),
(524, 108, 2, '2024-03-05 07:25:29.25+00', '2024-03-05 07:25:29.25+00'),
(525, 230, 3, '2024-03-05 07:25:29.25+00', '2024-03-05 07:25:29.25+00'),
(526, 133, 5, '2024-03-05 07:25:29.25+00', '2024-03-05 07:25:29.25+00'),
(527, 298, 3, '2024-03-05 07:25:29.25+00', '2024-03-05 07:25:29.25+00'),
(528, 588, 4, '2024-03-05 07:25:29.25+00', '2024-03-05 07:25:29.25+00'),
(529, 397, 6, '2024-03-05 07:25:29.25+00', '2024-03-05 07:25:29.25+00'),
(530, 392, 4, '2024-03-05 07:25:29.25+00', '2024-03-05 07:25:29.25+00'),
(531, 959, 3, '2024-03-05 07:25:29.25+00', '2024-03-05 07:25:29.25+00'),
(532, 97, 7, '2024-03-05 07:25:29.25+00', '2024-03-05 07:25:29.25+00'),
(533, 327, 5, '2024-03-05 07:25:29.25+00', '2024-03-05 07:25:29.25+00'),
(534, 963, 1, '2024-03-05 07:25:29.25+00', '2024-03-05 07:25:29.25+00'),
(535, 730, 7, '2024-03-05 07:25:29.25+00', '2024-03-05 07:25:29.25+00'),
(536, 23, 4, '2024-03-05 07:25:29.25+00', '2024-03-05 07:25:29.25+00'),
(537, 373, 7, '2024-03-05 07:25:29.25+00', '2024-03-05 07:25:29.25+00'),
(538, 751, 6, '2024-03-05 07:25:29.25+00', '2024-03-05 07:25:29.25+00'),
(539, 711, 4, '2024-03-05 07:25:29.25+00', '2024-03-05 07:25:29.25+00'),
(540, 387, 4, '2024-03-05 07:25:29.25+00', '2024-03-05 07:25:29.25+00'),
(541, 610, 7, '2024-03-05 07:25:29.25+00', '2024-03-05 07:25:29.25+00'),
(542, 868, 2, '2024-03-05 07:25:29.25+00', '2024-03-05 07:25:29.25+00'),
(543, 539, 6, '2024-03-05 07:25:29.25+00', '2024-03-05 07:25:29.25+00'),
(544, 420, 4, '2024-03-05 07:25:29.25+00', '2024-03-05 07:25:29.25+00'),
(545, 112, 5, '2024-03-05 07:25:29.25+00', '2024-03-05 07:25:29.25+00'),
(546, 992, 5, '2024-03-05 07:25:29.25+00', '2024-03-05 07:25:29.25+00'),
(547, 491, 7, '2024-03-05 07:25:29.25+00', '2024-03-05 07:25:29.25+00'),
(548, 100, 3, '2024-03-05 07:25:29.25+00', '2024-03-05 07:25:29.25+00'),
(549, 178, 3, '2024-03-05 07:25:29.25+00', '2024-03-05 07:25:29.25+00'),
(550, 900, 4, '2024-03-05 07:25:29.25+00', '2024-03-05 07:25:29.25+00'),
(551, 843, 6, '2024-03-05 07:25:29.25+00', '2024-03-05 07:25:29.25+00'),
(552, 722, 6, '2024-03-05 07:25:29.25+00', '2024-03-05 07:25:29.25+00'),
(553, 266, 6, '2024-03-05 07:25:29.25+00', '2024-03-05 07:25:29.25+00'),
(554, 12, 2, '2024-03-05 07:25:29.25+00', '2024-03-05 07:25:29.25+00'),
(555, 25, 7, '2024-03-05 07:25:29.25+00', '2024-03-05 07:25:29.25+00'),
(556, 206, 6, '2024-03-05 07:25:29.25+00', '2024-03-05 07:25:29.25+00'),
(557, 743, 4, '2024-03-05 07:25:29.25+00', '2024-03-05 07:25:29.25+00'),
(558, 367, 3, '2024-03-05 07:25:29.25+00', '2024-03-05 07:25:29.25+00'),
(559, 594, 7, '2024-03-05 07:25:29.25+00', '2024-03-05 07:25:29.25+00'),
(560, 304, 5, '2024-03-05 07:25:29.25+00', '2024-03-05 07:25:29.25+00'),
(561, 159, 7, '2024-03-05 07:25:29.25+00', '2024-03-05 07:25:29.25+00'),
(562, 335, 4, '2024-03-05 07:25:29.25+00', '2024-03-05 07:25:29.25+00'),
(563, 181, 1, '2024-03-05 07:25:29.25+00', '2024-03-05 07:25:29.25+00'),
(564, 962, 7, '2024-03-05 07:25:29.25+00', '2024-03-05 07:25:29.25+00'),
(565, 560, 7, '2024-03-05 07:25:29.25+00', '2024-03-05 07:25:29.25+00'),
(566, 267, 4, '2024-03-05 07:25:29.25+00', '2024-03-05 07:25:29.25+00'),
(567, 954, 5, '2024-03-05 07:25:29.25+00', '2024-03-05 07:25:29.25+00'),
(568, 828, 6, '2024-03-05 07:25:29.25+00', '2024-03-05 07:25:29.25+00'),
(569, 694, 2, '2024-03-05 07:25:29.25+00', '2024-03-05 07:25:29.25+00'),
(570, 725, 7, '2024-03-05 07:25:29.25+00', '2024-03-05 07:25:29.25+00'),
(571, 317, 5, '2024-03-05 07:25:29.25+00', '2024-03-05 07:25:29.25+00'),
(572, 483, 5, '2024-03-05 07:25:29.25+00', '2024-03-05 07:25:29.25+00'),
(573, 257, 6, '2024-03-05 07:25:29.25+00', '2024-03-05 07:25:29.25+00'),
(574, 272, 3, '2024-03-05 07:25:29.25+00', '2024-03-05 07:25:29.25+00'),
(575, 967, 4, '2024-03-05 07:25:29.25+00', '2024-03-05 07:25:29.25+00'),
(576, 82, 7, '2024-03-05 07:25:29.25+00', '2024-03-05 07:25:29.25+00'),
(577, 234, 2, '2024-03-05 07:25:29.25+00', '2024-03-05 07:25:29.25+00'),
(578, 658, 6, '2024-03-05 07:25:29.25+00', '2024-03-05 07:25:29.25+00'),
(579, 462, 1, '2024-03-05 07:25:29.25+00', '2024-03-05 07:25:29.25+00'),
(580, 675, 7, '2024-03-05 07:25:29.25+00', '2024-03-05 07:25:29.25+00'),
(581, 31, 2, '2024-03-05 07:25:29.25+00', '2024-03-05 07:25:29.25+00'),
(582, 196, 4, '2024-03-05 07:25:29.25+00', '2024-03-05 07:25:29.25+00'),
(583, 402, 2, '2024-03-05 07:25:29.25+00', '2024-03-05 07:25:29.25+00'),
(584, 424, 2, '2024-03-05 07:25:29.25+00', '2024-03-05 07:25:29.25+00'),
(585, 661, 6, '2024-03-05 07:25:29.25+00', '2024-03-05 07:25:29.25+00'),
(586, 642, 2, '2024-03-05 07:25:29.25+00', '2024-03-05 07:25:29.25+00'),
(587, 271, 1, '2024-03-05 07:25:29.25+00', '2024-03-05 07:25:29.25+00'),
(588, 570, 7, '2024-03-05 07:25:29.25+00', '2024-03-05 07:25:29.25+00'),
(589, 634, 4, '2024-03-05 07:25:29.25+00', '2024-03-05 07:25:29.25+00'),
(590, 240, 2, '2024-03-05 07:25:29.25+00', '2024-03-05 07:25:29.25+00'),
(591, 736, 4, '2024-03-05 07:25:29.25+00', '2024-03-05 07:25:29.25+00'),
(592, 938, 1, '2024-03-05 07:25:29.25+00', '2024-03-05 07:25:29.25+00'),
(593, 505, 7, '2024-03-05 07:25:29.25+00', '2024-03-05 07:25:29.25+00'),
(594, 946, 2, '2024-03-05 07:25:29.25+00', '2024-03-05 07:25:29.25+00'),
(595, 379, 3, '2024-03-05 07:25:29.25+00', '2024-03-05 07:25:29.25+00'),
(596, 658, 1, '2024-03-05 07:25:29.25+00', '2024-03-05 07:25:29.25+00'),
(597, 457, 1, '2024-03-05 07:25:29.25+00', '2024-03-05 07:25:29.25+00'),
(598, 795, 2, '2024-03-05 07:25:29.25+00', '2024-03-05 07:25:29.25+00'),
(599, 41, 2, '2024-03-05 07:25:29.25+00', '2024-03-05 07:25:29.25+00'),
(600, 27, 2, '2024-03-05 07:25:29.25+00', '2024-03-05 07:25:29.25+00'),
(601, 121, 2, '2024-03-05 07:25:29.256+00', '2024-03-05 07:25:29.256+00'),
(602, 297, 2, '2024-03-05 07:25:29.256+00', '2024-03-05 07:25:29.256+00'),
(603, 246, 5, '2024-03-05 07:25:29.256+00', '2024-03-05 07:25:29.256+00'),
(604, 416, 4, '2024-03-05 07:25:29.256+00', '2024-03-05 07:25:29.256+00'),
(605, 753, 5, '2024-03-05 07:25:29.256+00', '2024-03-05 07:25:29.256+00'),
(606, 764, 1, '2024-03-05 07:25:29.256+00', '2024-03-05 07:25:29.256+00'),
(607, 443, 7, '2024-03-05 07:25:29.256+00', '2024-03-05 07:25:29.256+00'),
(608, 839, 7, '2024-03-05 07:25:29.256+00', '2024-03-05 07:25:29.256+00'),
(609, 491, 1, '2024-03-05 07:25:29.256+00', '2024-03-05 07:25:29.256+00');
INSERT INTO "public"."species_preferred_climate_zones" ("id", "species_id", "preferred_climate_zone_id", "created_at", "updated_at") VALUES
(610, 634, 3, '2024-03-05 07:25:29.256+00', '2024-03-05 07:25:29.256+00'),
(611, 873, 5, '2024-03-05 07:25:29.256+00', '2024-03-05 07:25:29.256+00'),
(612, 729, 4, '2024-03-05 07:25:29.256+00', '2024-03-05 07:25:29.256+00'),
(613, 500, 3, '2024-03-05 07:25:29.256+00', '2024-03-05 07:25:29.256+00'),
(614, 132, 7, '2024-03-05 07:25:29.256+00', '2024-03-05 07:25:29.256+00'),
(615, 936, 1, '2024-03-05 07:25:29.256+00', '2024-03-05 07:25:29.256+00'),
(616, 148, 2, '2024-03-05 07:25:29.256+00', '2024-03-05 07:25:29.256+00'),
(617, 513, 6, '2024-03-05 07:25:29.256+00', '2024-03-05 07:25:29.256+00'),
(618, 678, 5, '2024-03-05 07:25:29.256+00', '2024-03-05 07:25:29.256+00'),
(619, 93, 5, '2024-03-05 07:25:29.256+00', '2024-03-05 07:25:29.256+00'),
(620, 705, 1, '2024-03-05 07:25:29.256+00', '2024-03-05 07:25:29.256+00'),
(621, 321, 6, '2024-03-05 07:25:29.256+00', '2024-03-05 07:25:29.256+00'),
(622, 252, 1, '2024-03-05 07:25:29.256+00', '2024-03-05 07:25:29.256+00'),
(623, 865, 5, '2024-03-05 07:25:29.256+00', '2024-03-05 07:25:29.256+00'),
(624, 864, 4, '2024-03-05 07:25:29.256+00', '2024-03-05 07:25:29.256+00'),
(625, 820, 5, '2024-03-05 07:25:29.256+00', '2024-03-05 07:25:29.256+00'),
(626, 60, 6, '2024-03-05 07:25:29.256+00', '2024-03-05 07:25:29.256+00'),
(627, 143, 1, '2024-03-05 07:25:29.256+00', '2024-03-05 07:25:29.256+00'),
(628, 308, 7, '2024-03-05 07:25:29.256+00', '2024-03-05 07:25:29.256+00'),
(629, 974, 1, '2024-03-05 07:25:29.256+00', '2024-03-05 07:25:29.256+00'),
(630, 984, 7, '2024-03-05 07:25:29.256+00', '2024-03-05 07:25:29.256+00'),
(631, 224, 6, '2024-03-05 07:25:29.256+00', '2024-03-05 07:25:29.256+00'),
(632, 316, 7, '2024-03-05 07:25:29.256+00', '2024-03-05 07:25:29.256+00'),
(633, 71, 7, '2024-03-05 07:25:29.256+00', '2024-03-05 07:25:29.256+00'),
(634, 275, 5, '2024-03-05 07:25:29.256+00', '2024-03-05 07:25:29.256+00'),
(635, 467, 2, '2024-03-05 07:25:29.256+00', '2024-03-05 07:25:29.256+00'),
(636, 230, 7, '2024-03-05 07:25:29.256+00', '2024-03-05 07:25:29.256+00'),
(637, 200, 1, '2024-03-05 07:25:29.256+00', '2024-03-05 07:25:29.256+00'),
(638, 960, 2, '2024-03-05 07:25:29.256+00', '2024-03-05 07:25:29.256+00'),
(639, 751, 3, '2024-03-05 07:25:29.256+00', '2024-03-05 07:25:29.256+00'),
(640, 210, 2, '2024-03-05 07:25:29.256+00', '2024-03-05 07:25:29.256+00'),
(641, 78, 5, '2024-03-05 07:25:29.256+00', '2024-03-05 07:25:29.256+00'),
(642, 947, 4, '2024-03-05 07:25:29.256+00', '2024-03-05 07:25:29.256+00'),
(643, 159, 3, '2024-03-05 07:25:29.256+00', '2024-03-05 07:25:29.256+00'),
(644, 857, 2, '2024-03-05 07:25:29.256+00', '2024-03-05 07:25:29.256+00'),
(645, 941, 1, '2024-03-05 07:25:29.256+00', '2024-03-05 07:25:29.256+00'),
(646, 349, 1, '2024-03-05 07:25:29.256+00', '2024-03-05 07:25:29.256+00'),
(647, 16, 7, '2024-03-05 07:25:29.256+00', '2024-03-05 07:25:29.256+00'),
(648, 920, 3, '2024-03-05 07:25:29.256+00', '2024-03-05 07:25:29.256+00'),
(649, 806, 1, '2024-03-05 07:25:29.256+00', '2024-03-05 07:25:29.256+00'),
(650, 385, 1, '2024-03-05 07:25:29.256+00', '2024-03-05 07:25:29.256+00'),
(651, 161, 1, '2024-03-05 07:25:29.256+00', '2024-03-05 07:25:29.256+00'),
(652, 609, 1, '2024-03-05 07:25:29.256+00', '2024-03-05 07:25:29.256+00'),
(653, 589, 3, '2024-03-05 07:25:29.256+00', '2024-03-05 07:25:29.256+00'),
(654, 51, 4, '2024-03-05 07:25:29.256+00', '2024-03-05 07:25:29.256+00'),
(655, 624, 3, '2024-03-05 07:25:29.256+00', '2024-03-05 07:25:29.256+00'),
(656, 133, 5, '2024-03-05 07:25:29.256+00', '2024-03-05 07:25:29.256+00'),
(657, 768, 7, '2024-03-05 07:25:29.256+00', '2024-03-05 07:25:29.256+00'),
(658, 870, 6, '2024-03-05 07:25:29.256+00', '2024-03-05 07:25:29.256+00'),
(659, 562, 7, '2024-03-05 07:25:29.256+00', '2024-03-05 07:25:29.256+00'),
(660, 8, 7, '2024-03-05 07:25:29.256+00', '2024-03-05 07:25:29.256+00'),
(661, 934, 1, '2024-03-05 07:25:29.256+00', '2024-03-05 07:25:29.256+00'),
(662, 848, 4, '2024-03-05 07:25:29.256+00', '2024-03-05 07:25:29.256+00'),
(663, 966, 7, '2024-03-05 07:25:29.256+00', '2024-03-05 07:25:29.256+00'),
(664, 380, 7, '2024-03-05 07:25:29.256+00', '2024-03-05 07:25:29.256+00'),
(665, 928, 3, '2024-03-05 07:25:29.256+00', '2024-03-05 07:25:29.256+00'),
(666, 230, 1, '2024-03-05 07:25:29.256+00', '2024-03-05 07:25:29.256+00'),
(667, 253, 7, '2024-03-05 07:25:29.256+00', '2024-03-05 07:25:29.256+00'),
(668, 205, 7, '2024-03-05 07:25:29.256+00', '2024-03-05 07:25:29.256+00'),
(669, 815, 4, '2024-03-05 07:25:29.256+00', '2024-03-05 07:25:29.256+00'),
(670, 588, 4, '2024-03-05 07:25:29.256+00', '2024-03-05 07:25:29.256+00'),
(671, 839, 5, '2024-03-05 07:25:29.256+00', '2024-03-05 07:25:29.256+00'),
(672, 502, 3, '2024-03-05 07:25:29.256+00', '2024-03-05 07:25:29.256+00'),
(673, 421, 5, '2024-03-05 07:25:29.256+00', '2024-03-05 07:25:29.256+00'),
(674, 442, 3, '2024-03-05 07:25:29.256+00', '2024-03-05 07:25:29.256+00'),
(675, 513, 3, '2024-03-05 07:25:29.256+00', '2024-03-05 07:25:29.256+00'),
(676, 515, 6, '2024-03-05 07:25:29.256+00', '2024-03-05 07:25:29.256+00'),
(677, 549, 4, '2024-03-05 07:25:29.256+00', '2024-03-05 07:25:29.256+00'),
(678, 32, 7, '2024-03-05 07:25:29.256+00', '2024-03-05 07:25:29.256+00'),
(679, 710, 2, '2024-03-05 07:25:29.256+00', '2024-03-05 07:25:29.256+00'),
(680, 605, 1, '2024-03-05 07:25:29.256+00', '2024-03-05 07:25:29.256+00'),
(681, 418, 6, '2024-03-05 07:25:29.256+00', '2024-03-05 07:25:29.256+00'),
(682, 524, 2, '2024-03-05 07:25:29.256+00', '2024-03-05 07:25:29.256+00'),
(683, 62, 5, '2024-03-05 07:25:29.256+00', '2024-03-05 07:25:29.256+00'),
(684, 772, 1, '2024-03-05 07:25:29.256+00', '2024-03-05 07:25:29.256+00'),
(685, 366, 2, '2024-03-05 07:25:29.256+00', '2024-03-05 07:25:29.256+00'),
(686, 79, 7, '2024-03-05 07:25:29.256+00', '2024-03-05 07:25:29.256+00'),
(687, 165, 5, '2024-03-05 07:25:29.256+00', '2024-03-05 07:25:29.256+00'),
(688, 297, 3, '2024-03-05 07:25:29.256+00', '2024-03-05 07:25:29.256+00'),
(689, 294, 1, '2024-03-05 07:25:29.256+00', '2024-03-05 07:25:29.256+00'),
(690, 206, 7, '2024-03-05 07:25:29.256+00', '2024-03-05 07:25:29.256+00'),
(691, 595, 3, '2024-03-05 07:25:29.256+00', '2024-03-05 07:25:29.256+00'),
(692, 886, 5, '2024-03-05 07:25:29.256+00', '2024-03-05 07:25:29.256+00'),
(693, 825, 2, '2024-03-05 07:25:29.256+00', '2024-03-05 07:25:29.256+00'),
(694, 143, 4, '2024-03-05 07:25:29.256+00', '2024-03-05 07:25:29.256+00'),
(695, 146, 6, '2024-03-05 07:25:29.256+00', '2024-03-05 07:25:29.256+00'),
(696, 366, 7, '2024-03-05 07:25:29.256+00', '2024-03-05 07:25:29.256+00'),
(697, 407, 6, '2024-03-05 07:25:29.256+00', '2024-03-05 07:25:29.256+00'),
(698, 950, 6, '2024-03-05 07:25:29.256+00', '2024-03-05 07:25:29.256+00'),
(699, 975, 4, '2024-03-05 07:25:29.256+00', '2024-03-05 07:25:29.256+00'),
(700, 885, 6, '2024-03-05 07:25:29.256+00', '2024-03-05 07:25:29.256+00'),
(701, 705, 3, '2024-03-05 07:25:29.264+00', '2024-03-05 07:25:29.264+00'),
(702, 213, 6, '2024-03-05 07:25:29.264+00', '2024-03-05 07:25:29.264+00'),
(703, 855, 3, '2024-03-05 07:25:29.264+00', '2024-03-05 07:25:29.264+00'),
(704, 385, 2, '2024-03-05 07:25:29.264+00', '2024-03-05 07:25:29.264+00'),
(705, 874, 4, '2024-03-05 07:25:29.264+00', '2024-03-05 07:25:29.264+00'),
(706, 427, 3, '2024-03-05 07:25:29.264+00', '2024-03-05 07:25:29.264+00'),
(707, 706, 7, '2024-03-05 07:25:29.264+00', '2024-03-05 07:25:29.264+00'),
(708, 361, 3, '2024-03-05 07:25:29.264+00', '2024-03-05 07:25:29.264+00'),
(709, 246, 6, '2024-03-05 07:25:29.264+00', '2024-03-05 07:25:29.264+00'),
(710, 912, 7, '2024-03-05 07:25:29.264+00', '2024-03-05 07:25:29.264+00'),
(711, 962, 2, '2024-03-05 07:25:29.264+00', '2024-03-05 07:25:29.264+00'),
(712, 226, 1, '2024-03-05 07:25:29.264+00', '2024-03-05 07:25:29.264+00'),
(713, 906, 4, '2024-03-05 07:25:29.264+00', '2024-03-05 07:25:29.264+00'),
(714, 467, 7, '2024-03-05 07:25:29.264+00', '2024-03-05 07:25:29.264+00'),
(715, 927, 1, '2024-03-05 07:25:29.264+00', '2024-03-05 07:25:29.264+00'),
(716, 257, 2, '2024-03-05 07:25:29.264+00', '2024-03-05 07:25:29.264+00'),
(717, 438, 2, '2024-03-05 07:25:29.264+00', '2024-03-05 07:25:29.264+00'),
(718, 515, 4, '2024-03-05 07:25:29.264+00', '2024-03-05 07:25:29.264+00'),
(719, 693, 3, '2024-03-05 07:25:29.264+00', '2024-03-05 07:25:29.264+00'),
(720, 448, 5, '2024-03-05 07:25:29.264+00', '2024-03-05 07:25:29.264+00'),
(721, 587, 5, '2024-03-05 07:25:29.264+00', '2024-03-05 07:25:29.264+00'),
(722, 410, 4, '2024-03-05 07:25:29.264+00', '2024-03-05 07:25:29.264+00'),
(723, 784, 7, '2024-03-05 07:25:29.264+00', '2024-03-05 07:25:29.264+00'),
(724, 870, 6, '2024-03-05 07:25:29.264+00', '2024-03-05 07:25:29.264+00'),
(725, 438, 3, '2024-03-05 07:25:29.264+00', '2024-03-05 07:25:29.264+00'),
(726, 831, 5, '2024-03-05 07:25:29.264+00', '2024-03-05 07:25:29.264+00'),
(727, 149, 2, '2024-03-05 07:25:29.264+00', '2024-03-05 07:25:29.264+00'),
(728, 146, 5, '2024-03-05 07:25:29.264+00', '2024-03-05 07:25:29.264+00'),
(729, 600, 5, '2024-03-05 07:25:29.264+00', '2024-03-05 07:25:29.264+00'),
(730, 612, 7, '2024-03-05 07:25:29.264+00', '2024-03-05 07:25:29.264+00'),
(731, 296, 5, '2024-03-05 07:25:29.264+00', '2024-03-05 07:25:29.264+00'),
(732, 73, 4, '2024-03-05 07:25:29.264+00', '2024-03-05 07:25:29.264+00'),
(733, 186, 3, '2024-03-05 07:25:29.264+00', '2024-03-05 07:25:29.264+00'),
(734, 878, 3, '2024-03-05 07:25:29.264+00', '2024-03-05 07:25:29.264+00'),
(735, 501, 4, '2024-03-05 07:25:29.264+00', '2024-03-05 07:25:29.264+00'),
(736, 120, 2, '2024-03-05 07:25:29.264+00', '2024-03-05 07:25:29.264+00'),
(737, 658, 7, '2024-03-05 07:25:29.264+00', '2024-03-05 07:25:29.264+00'),
(738, 575, 4, '2024-03-05 07:25:29.264+00', '2024-03-05 07:25:29.264+00'),
(739, 518, 7, '2024-03-05 07:25:29.264+00', '2024-03-05 07:25:29.264+00'),
(740, 529, 5, '2024-03-05 07:25:29.264+00', '2024-03-05 07:25:29.264+00'),
(741, 645, 3, '2024-03-05 07:25:29.264+00', '2024-03-05 07:25:29.264+00'),
(742, 79, 5, '2024-03-05 07:25:29.264+00', '2024-03-05 07:25:29.264+00'),
(743, 518, 1, '2024-03-05 07:25:29.264+00', '2024-03-05 07:25:29.264+00'),
(744, 4, 5, '2024-03-05 07:25:29.264+00', '2024-03-05 07:25:29.264+00'),
(745, 837, 4, '2024-03-05 07:25:29.264+00', '2024-03-05 07:25:29.264+00'),
(746, 141, 4, '2024-03-05 07:25:29.264+00', '2024-03-05 07:25:29.264+00'),
(747, 623, 2, '2024-03-05 07:25:29.264+00', '2024-03-05 07:25:29.264+00'),
(748, 223, 6, '2024-03-05 07:25:29.264+00', '2024-03-05 07:25:29.264+00'),
(749, 349, 7, '2024-03-05 07:25:29.264+00', '2024-03-05 07:25:29.264+00'),
(750, 344, 3, '2024-03-05 07:25:29.264+00', '2024-03-05 07:25:29.264+00'),
(751, 941, 4, '2024-03-05 07:25:29.264+00', '2024-03-05 07:25:29.264+00'),
(752, 788, 6, '2024-03-05 07:25:29.264+00', '2024-03-05 07:25:29.264+00'),
(753, 547, 2, '2024-03-05 07:25:29.264+00', '2024-03-05 07:25:29.264+00'),
(754, 625, 3, '2024-03-05 07:25:29.264+00', '2024-03-05 07:25:29.264+00'),
(755, 795, 2, '2024-03-05 07:25:29.264+00', '2024-03-05 07:25:29.264+00'),
(756, 232, 3, '2024-03-05 07:25:29.264+00', '2024-03-05 07:25:29.264+00'),
(757, 75, 3, '2024-03-05 07:25:29.264+00', '2024-03-05 07:25:29.264+00'),
(758, 158, 1, '2024-03-05 07:25:29.264+00', '2024-03-05 07:25:29.264+00'),
(759, 938, 2, '2024-03-05 07:25:29.264+00', '2024-03-05 07:25:29.264+00'),
(760, 79, 6, '2024-03-05 07:25:29.264+00', '2024-03-05 07:25:29.264+00'),
(761, 273, 1, '2024-03-05 07:25:29.264+00', '2024-03-05 07:25:29.264+00'),
(762, 460, 3, '2024-03-05 07:25:29.264+00', '2024-03-05 07:25:29.264+00'),
(763, 267, 7, '2024-03-05 07:25:29.264+00', '2024-03-05 07:25:29.264+00'),
(764, 110, 7, '2024-03-05 07:25:29.264+00', '2024-03-05 07:25:29.264+00'),
(765, 634, 6, '2024-03-05 07:25:29.264+00', '2024-03-05 07:25:29.264+00'),
(766, 195, 5, '2024-03-05 07:25:29.264+00', '2024-03-05 07:25:29.264+00'),
(767, 770, 4, '2024-03-05 07:25:29.264+00', '2024-03-05 07:25:29.264+00'),
(768, 748, 5, '2024-03-05 07:25:29.264+00', '2024-03-05 07:25:29.264+00');
INSERT INTO "public"."species_preferred_climate_zones" ("id", "species_id", "preferred_climate_zone_id", "created_at", "updated_at") VALUES
(769, 775, 3, '2024-03-05 07:25:29.264+00', '2024-03-05 07:25:29.264+00'),
(770, 933, 2, '2024-03-05 07:25:29.264+00', '2024-03-05 07:25:29.264+00'),
(771, 256, 2, '2024-03-05 07:25:29.264+00', '2024-03-05 07:25:29.264+00'),
(772, 150, 6, '2024-03-05 07:25:29.264+00', '2024-03-05 07:25:29.264+00'),
(773, 118, 5, '2024-03-05 07:25:29.264+00', '2024-03-05 07:25:29.264+00'),
(774, 25, 6, '2024-03-05 07:25:29.264+00', '2024-03-05 07:25:29.264+00'),
(775, 897, 2, '2024-03-05 07:25:29.264+00', '2024-03-05 07:25:29.264+00'),
(776, 547, 6, '2024-03-05 07:25:29.264+00', '2024-03-05 07:25:29.264+00'),
(777, 52, 7, '2024-03-05 07:25:29.264+00', '2024-03-05 07:25:29.264+00'),
(778, 373, 1, '2024-03-05 07:25:29.264+00', '2024-03-05 07:25:29.264+00'),
(779, 782, 6, '2024-03-05 07:25:29.264+00', '2024-03-05 07:25:29.264+00'),
(780, 400, 7, '2024-03-05 07:25:29.264+00', '2024-03-05 07:25:29.264+00'),
(781, 725, 1, '2024-03-05 07:25:29.264+00', '2024-03-05 07:25:29.264+00'),
(782, 754, 2, '2024-03-05 07:25:29.264+00', '2024-03-05 07:25:29.264+00'),
(783, 270, 1, '2024-03-05 07:25:29.264+00', '2024-03-05 07:25:29.264+00'),
(784, 172, 2, '2024-03-05 07:25:29.264+00', '2024-03-05 07:25:29.264+00'),
(785, 757, 7, '2024-03-05 07:25:29.264+00', '2024-03-05 07:25:29.264+00'),
(786, 606, 2, '2024-03-05 07:25:29.264+00', '2024-03-05 07:25:29.264+00'),
(787, 400, 7, '2024-03-05 07:25:29.264+00', '2024-03-05 07:25:29.264+00'),
(788, 612, 1, '2024-03-05 07:25:29.264+00', '2024-03-05 07:25:29.264+00'),
(789, 195, 1, '2024-03-05 07:25:29.264+00', '2024-03-05 07:25:29.264+00'),
(790, 816, 6, '2024-03-05 07:25:29.264+00', '2024-03-05 07:25:29.264+00'),
(791, 236, 1, '2024-03-05 07:25:29.264+00', '2024-03-05 07:25:29.264+00'),
(792, 63, 3, '2024-03-05 07:25:29.264+00', '2024-03-05 07:25:29.264+00'),
(793, 446, 7, '2024-03-05 07:25:29.264+00', '2024-03-05 07:25:29.264+00'),
(794, 705, 2, '2024-03-05 07:25:29.264+00', '2024-03-05 07:25:29.264+00'),
(795, 482, 1, '2024-03-05 07:25:29.264+00', '2024-03-05 07:25:29.264+00'),
(796, 315, 3, '2024-03-05 07:25:29.264+00', '2024-03-05 07:25:29.264+00'),
(797, 633, 2, '2024-03-05 07:25:29.264+00', '2024-03-05 07:25:29.264+00'),
(798, 24, 5, '2024-03-05 07:25:29.264+00', '2024-03-05 07:25:29.264+00'),
(799, 128, 5, '2024-03-05 07:25:29.264+00', '2024-03-05 07:25:29.264+00'),
(800, 41, 4, '2024-03-05 07:25:29.264+00', '2024-03-05 07:25:29.264+00'),
(801, 364, 6, '2024-03-05 07:25:29.271+00', '2024-03-05 07:25:29.271+00'),
(802, 342, 6, '2024-03-05 07:25:29.271+00', '2024-03-05 07:25:29.271+00'),
(803, 378, 2, '2024-03-05 07:25:29.271+00', '2024-03-05 07:25:29.271+00'),
(804, 723, 3, '2024-03-05 07:25:29.271+00', '2024-03-05 07:25:29.271+00'),
(805, 680, 1, '2024-03-05 07:25:29.271+00', '2024-03-05 07:25:29.271+00'),
(806, 326, 3, '2024-03-05 07:25:29.271+00', '2024-03-05 07:25:29.271+00'),
(807, 282, 4, '2024-03-05 07:25:29.271+00', '2024-03-05 07:25:29.271+00'),
(808, 790, 7, '2024-03-05 07:25:29.271+00', '2024-03-05 07:25:29.271+00'),
(809, 399, 5, '2024-03-05 07:25:29.271+00', '2024-03-05 07:25:29.271+00'),
(810, 828, 7, '2024-03-05 07:25:29.271+00', '2024-03-05 07:25:29.271+00'),
(811, 752, 7, '2024-03-05 07:25:29.271+00', '2024-03-05 07:25:29.271+00'),
(812, 493, 2, '2024-03-05 07:25:29.271+00', '2024-03-05 07:25:29.271+00'),
(813, 986, 1, '2024-03-05 07:25:29.271+00', '2024-03-05 07:25:29.271+00'),
(814, 248, 7, '2024-03-05 07:25:29.271+00', '2024-03-05 07:25:29.271+00'),
(815, 666, 5, '2024-03-05 07:25:29.271+00', '2024-03-05 07:25:29.271+00'),
(816, 922, 2, '2024-03-05 07:25:29.271+00', '2024-03-05 07:25:29.271+00'),
(817, 47, 7, '2024-03-05 07:25:29.271+00', '2024-03-05 07:25:29.271+00'),
(818, 467, 2, '2024-03-05 07:25:29.271+00', '2024-03-05 07:25:29.271+00'),
(819, 316, 4, '2024-03-05 07:25:29.271+00', '2024-03-05 07:25:29.271+00'),
(820, 388, 4, '2024-03-05 07:25:29.271+00', '2024-03-05 07:25:29.271+00'),
(821, 153, 2, '2024-03-05 07:25:29.271+00', '2024-03-05 07:25:29.271+00'),
(822, 89, 4, '2024-03-05 07:25:29.271+00', '2024-03-05 07:25:29.271+00'),
(823, 349, 7, '2024-03-05 07:25:29.271+00', '2024-03-05 07:25:29.271+00'),
(824, 55, 7, '2024-03-05 07:25:29.271+00', '2024-03-05 07:25:29.271+00'),
(825, 967, 5, '2024-03-05 07:25:29.271+00', '2024-03-05 07:25:29.271+00'),
(826, 929, 6, '2024-03-05 07:25:29.271+00', '2024-03-05 07:25:29.271+00'),
(827, 461, 5, '2024-03-05 07:25:29.271+00', '2024-03-05 07:25:29.271+00'),
(828, 317, 4, '2024-03-05 07:25:29.271+00', '2024-03-05 07:25:29.271+00'),
(829, 125, 7, '2024-03-05 07:25:29.271+00', '2024-03-05 07:25:29.271+00'),
(830, 100, 4, '2024-03-05 07:25:29.271+00', '2024-03-05 07:25:29.271+00'),
(831, 240, 3, '2024-03-05 07:25:29.271+00', '2024-03-05 07:25:29.271+00'),
(832, 785, 2, '2024-03-05 07:25:29.271+00', '2024-03-05 07:25:29.271+00'),
(833, 54, 4, '2024-03-05 07:25:29.271+00', '2024-03-05 07:25:29.271+00'),
(834, 606, 7, '2024-03-05 07:25:29.271+00', '2024-03-05 07:25:29.271+00'),
(835, 504, 5, '2024-03-05 07:25:29.271+00', '2024-03-05 07:25:29.271+00'),
(836, 308, 2, '2024-03-05 07:25:29.271+00', '2024-03-05 07:25:29.271+00'),
(837, 215, 4, '2024-03-05 07:25:29.271+00', '2024-03-05 07:25:29.271+00'),
(838, 394, 5, '2024-03-05 07:25:29.271+00', '2024-03-05 07:25:29.271+00'),
(839, 870, 2, '2024-03-05 07:25:29.271+00', '2024-03-05 07:25:29.271+00'),
(840, 401, 3, '2024-03-05 07:25:29.271+00', '2024-03-05 07:25:29.271+00'),
(841, 669, 2, '2024-03-05 07:25:29.271+00', '2024-03-05 07:25:29.271+00'),
(842, 192, 1, '2024-03-05 07:25:29.271+00', '2024-03-05 07:25:29.271+00'),
(843, 242, 6, '2024-03-05 07:25:29.271+00', '2024-03-05 07:25:29.271+00'),
(844, 684, 5, '2024-03-05 07:25:29.271+00', '2024-03-05 07:25:29.271+00'),
(845, 852, 3, '2024-03-05 07:25:29.271+00', '2024-03-05 07:25:29.271+00'),
(846, 782, 4, '2024-03-05 07:25:29.271+00', '2024-03-05 07:25:29.271+00'),
(847, 110, 7, '2024-03-05 07:25:29.271+00', '2024-03-05 07:25:29.271+00'),
(848, 840, 4, '2024-03-05 07:25:29.271+00', '2024-03-05 07:25:29.271+00'),
(849, 226, 4, '2024-03-05 07:25:29.271+00', '2024-03-05 07:25:29.271+00'),
(850, 554, 5, '2024-03-05 07:25:29.271+00', '2024-03-05 07:25:29.271+00'),
(851, 404, 5, '2024-03-05 07:25:29.271+00', '2024-03-05 07:25:29.271+00'),
(852, 381, 2, '2024-03-05 07:25:29.271+00', '2024-03-05 07:25:29.271+00'),
(853, 812, 4, '2024-03-05 07:25:29.271+00', '2024-03-05 07:25:29.271+00'),
(854, 630, 3, '2024-03-05 07:25:29.271+00', '2024-03-05 07:25:29.271+00'),
(855, 217, 3, '2024-03-05 07:25:29.271+00', '2024-03-05 07:25:29.271+00'),
(856, 933, 1, '2024-03-05 07:25:29.271+00', '2024-03-05 07:25:29.271+00'),
(857, 135, 6, '2024-03-05 07:25:29.271+00', '2024-03-05 07:25:29.271+00'),
(858, 980, 3, '2024-03-05 07:25:29.271+00', '2024-03-05 07:25:29.271+00'),
(859, 693, 4, '2024-03-05 07:25:29.271+00', '2024-03-05 07:25:29.271+00'),
(860, 307, 4, '2024-03-05 07:25:29.271+00', '2024-03-05 07:25:29.271+00'),
(861, 277, 2, '2024-03-05 07:25:29.271+00', '2024-03-05 07:25:29.271+00'),
(862, 956, 1, '2024-03-05 07:25:29.271+00', '2024-03-05 07:25:29.271+00'),
(863, 813, 7, '2024-03-05 07:25:29.271+00', '2024-03-05 07:25:29.271+00'),
(864, 188, 3, '2024-03-05 07:25:29.271+00', '2024-03-05 07:25:29.271+00'),
(865, 229, 5, '2024-03-05 07:25:29.271+00', '2024-03-05 07:25:29.271+00'),
(866, 953, 4, '2024-03-05 07:25:29.271+00', '2024-03-05 07:25:29.271+00'),
(867, 694, 1, '2024-03-05 07:25:29.271+00', '2024-03-05 07:25:29.271+00'),
(868, 979, 1, '2024-03-05 07:25:29.271+00', '2024-03-05 07:25:29.271+00'),
(869, 583, 3, '2024-03-05 07:25:29.271+00', '2024-03-05 07:25:29.271+00'),
(870, 519, 5, '2024-03-05 07:25:29.271+00', '2024-03-05 07:25:29.271+00'),
(871, 396, 6, '2024-03-05 07:25:29.271+00', '2024-03-05 07:25:29.271+00'),
(872, 44, 3, '2024-03-05 07:25:29.271+00', '2024-03-05 07:25:29.271+00'),
(873, 14, 7, '2024-03-05 07:25:29.271+00', '2024-03-05 07:25:29.271+00'),
(874, 470, 2, '2024-03-05 07:25:29.271+00', '2024-03-05 07:25:29.271+00'),
(875, 951, 7, '2024-03-05 07:25:29.271+00', '2024-03-05 07:25:29.271+00'),
(876, 282, 2, '2024-03-05 07:25:29.271+00', '2024-03-05 07:25:29.271+00'),
(877, 474, 5, '2024-03-05 07:25:29.271+00', '2024-03-05 07:25:29.271+00'),
(878, 145, 3, '2024-03-05 07:25:29.271+00', '2024-03-05 07:25:29.271+00'),
(879, 242, 7, '2024-03-05 07:25:29.271+00', '2024-03-05 07:25:29.271+00'),
(880, 367, 5, '2024-03-05 07:25:29.271+00', '2024-03-05 07:25:29.271+00'),
(881, 599, 5, '2024-03-05 07:25:29.271+00', '2024-03-05 07:25:29.271+00'),
(882, 205, 4, '2024-03-05 07:25:29.271+00', '2024-03-05 07:25:29.271+00'),
(883, 895, 4, '2024-03-05 07:25:29.271+00', '2024-03-05 07:25:29.271+00'),
(884, 701, 1, '2024-03-05 07:25:29.271+00', '2024-03-05 07:25:29.271+00'),
(885, 72, 7, '2024-03-05 07:25:29.271+00', '2024-03-05 07:25:29.271+00'),
(886, 33, 5, '2024-03-05 07:25:29.271+00', '2024-03-05 07:25:29.271+00'),
(887, 150, 5, '2024-03-05 07:25:29.271+00', '2024-03-05 07:25:29.271+00'),
(888, 681, 6, '2024-03-05 07:25:29.271+00', '2024-03-05 07:25:29.271+00'),
(889, 508, 1, '2024-03-05 07:25:29.271+00', '2024-03-05 07:25:29.271+00'),
(890, 760, 4, '2024-03-05 07:25:29.271+00', '2024-03-05 07:25:29.271+00'),
(891, 245, 6, '2024-03-05 07:25:29.271+00', '2024-03-05 07:25:29.271+00'),
(892, 344, 7, '2024-03-05 07:25:29.271+00', '2024-03-05 07:25:29.271+00'),
(893, 970, 5, '2024-03-05 07:25:29.271+00', '2024-03-05 07:25:29.271+00'),
(894, 711, 3, '2024-03-05 07:25:29.271+00', '2024-03-05 07:25:29.271+00'),
(895, 853, 7, '2024-03-05 07:25:29.271+00', '2024-03-05 07:25:29.271+00'),
(896, 212, 3, '2024-03-05 07:25:29.271+00', '2024-03-05 07:25:29.271+00'),
(897, 702, 7, '2024-03-05 07:25:29.271+00', '2024-03-05 07:25:29.271+00'),
(898, 717, 4, '2024-03-05 07:25:29.271+00', '2024-03-05 07:25:29.271+00'),
(899, 547, 7, '2024-03-05 07:25:29.271+00', '2024-03-05 07:25:29.271+00'),
(900, 301, 6, '2024-03-05 07:25:29.271+00', '2024-03-05 07:25:29.271+00'),
(901, 301, 4, '2024-03-05 07:25:29.276+00', '2024-03-05 07:25:29.276+00'),
(902, 233, 7, '2024-03-05 07:25:29.276+00', '2024-03-05 07:25:29.276+00'),
(903, 59, 4, '2024-03-05 07:25:29.276+00', '2024-03-05 07:25:29.276+00'),
(904, 529, 5, '2024-03-05 07:25:29.276+00', '2024-03-05 07:25:29.276+00'),
(905, 892, 1, '2024-03-05 07:25:29.276+00', '2024-03-05 07:25:29.276+00'),
(906, 102, 5, '2024-03-05 07:25:29.276+00', '2024-03-05 07:25:29.276+00'),
(907, 912, 5, '2024-03-05 07:25:29.276+00', '2024-03-05 07:25:29.276+00'),
(908, 366, 5, '2024-03-05 07:25:29.276+00', '2024-03-05 07:25:29.276+00'),
(909, 65, 4, '2024-03-05 07:25:29.276+00', '2024-03-05 07:25:29.276+00'),
(910, 942, 7, '2024-03-05 07:25:29.276+00', '2024-03-05 07:25:29.276+00'),
(911, 698, 6, '2024-03-05 07:25:29.276+00', '2024-03-05 07:25:29.276+00'),
(912, 250, 1, '2024-03-05 07:25:29.276+00', '2024-03-05 07:25:29.276+00'),
(913, 637, 4, '2024-03-05 07:25:29.276+00', '2024-03-05 07:25:29.276+00'),
(914, 574, 6, '2024-03-05 07:25:29.276+00', '2024-03-05 07:25:29.276+00'),
(915, 676, 4, '2024-03-05 07:25:29.276+00', '2024-03-05 07:25:29.276+00'),
(916, 190, 6, '2024-03-05 07:25:29.276+00', '2024-03-05 07:25:29.276+00'),
(917, 353, 6, '2024-03-05 07:25:29.276+00', '2024-03-05 07:25:29.276+00'),
(918, 530, 2, '2024-03-05 07:25:29.276+00', '2024-03-05 07:25:29.276+00'),
(919, 219, 4, '2024-03-05 07:25:29.276+00', '2024-03-05 07:25:29.276+00'),
(920, 325, 5, '2024-03-05 07:25:29.276+00', '2024-03-05 07:25:29.276+00'),
(921, 629, 7, '2024-03-05 07:25:29.276+00', '2024-03-05 07:25:29.276+00'),
(922, 660, 7, '2024-03-05 07:25:29.276+00', '2024-03-05 07:25:29.276+00'),
(923, 349, 1, '2024-03-05 07:25:29.276+00', '2024-03-05 07:25:29.276+00'),
(924, 846, 7, '2024-03-05 07:25:29.276+00', '2024-03-05 07:25:29.276+00'),
(925, 252, 2, '2024-03-05 07:25:29.276+00', '2024-03-05 07:25:29.276+00'),
(926, 212, 2, '2024-03-05 07:25:29.276+00', '2024-03-05 07:25:29.276+00'),
(927, 663, 3, '2024-03-05 07:25:29.276+00', '2024-03-05 07:25:29.276+00'),
(928, 414, 5, '2024-03-05 07:25:29.276+00', '2024-03-05 07:25:29.276+00'),
(929, 430, 3, '2024-03-05 07:25:29.276+00', '2024-03-05 07:25:29.276+00'),
(930, 258, 3, '2024-03-05 07:25:29.276+00', '2024-03-05 07:25:29.276+00'),
(931, 556, 3, '2024-03-05 07:25:29.276+00', '2024-03-05 07:25:29.276+00'),
(932, 271, 3, '2024-03-05 07:25:29.276+00', '2024-03-05 07:25:29.276+00'),
(933, 106, 2, '2024-03-05 07:25:29.276+00', '2024-03-05 07:25:29.276+00'),
(934, 360, 1, '2024-03-05 07:25:29.276+00', '2024-03-05 07:25:29.276+00'),
(935, 997, 4, '2024-03-05 07:25:29.276+00', '2024-03-05 07:25:29.276+00'),
(936, 395, 3, '2024-03-05 07:25:29.276+00', '2024-03-05 07:25:29.276+00'),
(937, 628, 7, '2024-03-05 07:25:29.276+00', '2024-03-05 07:25:29.276+00'),
(938, 481, 6, '2024-03-05 07:25:29.276+00', '2024-03-05 07:25:29.276+00'),
(939, 268, 6, '2024-03-05 07:25:29.276+00', '2024-03-05 07:25:29.276+00'),
(940, 213, 1, '2024-03-05 07:25:29.276+00', '2024-03-05 07:25:29.276+00'),
(941, 991, 7, '2024-03-05 07:25:29.276+00', '2024-03-05 07:25:29.276+00'),
(942, 95, 6, '2024-03-05 07:25:29.276+00', '2024-03-05 07:25:29.276+00'),
(943, 799, 2, '2024-03-05 07:25:29.276+00', '2024-03-05 07:25:29.276+00'),
(944, 357, 3, '2024-03-05 07:25:29.276+00', '2024-03-05 07:25:29.276+00'),
(945, 130, 4, '2024-03-05 07:25:29.276+00', '2024-03-05 07:25:29.276+00'),
(946, 607, 4, '2024-03-05 07:25:29.276+00', '2024-03-05 07:25:29.276+00'),
(947, 301, 3, '2024-03-05 07:25:29.276+00', '2024-03-05 07:25:29.276+00'),
(948, 604, 5, '2024-03-05 07:25:29.276+00', '2024-03-05 07:25:29.276+00'),
(949, 736, 5, '2024-03-05 07:25:29.276+00', '2024-03-05 07:25:29.276+00'),
(950, 679, 6, '2024-03-05 07:25:29.276+00', '2024-03-05 07:25:29.276+00'),
(951, 74, 3, '2024-03-05 07:25:29.276+00', '2024-03-05 07:25:29.276+00'),
(952, 201, 3, '2024-03-05 07:25:29.276+00', '2024-03-05 07:25:29.276+00'),
(953, 371, 6, '2024-03-05 07:25:29.276+00', '2024-03-05 07:25:29.276+00'),
(954, 760, 2, '2024-03-05 07:25:29.276+00', '2024-03-05 07:25:29.276+00'),
(955, 943, 7, '2024-03-05 07:25:29.276+00', '2024-03-05 07:25:29.276+00'),
(956, 811, 6, '2024-03-05 07:25:29.276+00', '2024-03-05 07:25:29.276+00'),
(957, 866, 4, '2024-03-05 07:25:29.276+00', '2024-03-05 07:25:29.276+00'),
(958, 199, 4, '2024-03-05 07:25:29.276+00', '2024-03-05 07:25:29.276+00'),
(959, 370, 6, '2024-03-05 07:25:29.276+00', '2024-03-05 07:25:29.276+00'),
(960, 695, 7, '2024-03-05 07:25:29.276+00', '2024-03-05 07:25:29.276+00'),
(961, 685, 1, '2024-03-05 07:25:29.276+00', '2024-03-05 07:25:29.276+00'),
(962, 130, 4, '2024-03-05 07:25:29.276+00', '2024-03-05 07:25:29.276+00'),
(963, 451, 2, '2024-03-05 07:25:29.276+00', '2024-03-05 07:25:29.276+00'),
(964, 309, 4, '2024-03-05 07:25:29.276+00', '2024-03-05 07:25:29.276+00'),
(965, 542, 7, '2024-03-05 07:25:29.276+00', '2024-03-05 07:25:29.276+00'),
(966, 806, 2, '2024-03-05 07:25:29.276+00', '2024-03-05 07:25:29.276+00'),
(967, 809, 1, '2024-03-05 07:25:29.276+00', '2024-03-05 07:25:29.276+00'),
(968, 60, 3, '2024-03-05 07:25:29.276+00', '2024-03-05 07:25:29.276+00'),
(969, 30, 5, '2024-03-05 07:25:29.276+00', '2024-03-05 07:25:29.276+00'),
(970, 844, 6, '2024-03-05 07:25:29.276+00', '2024-03-05 07:25:29.276+00'),
(971, 381, 3, '2024-03-05 07:25:29.276+00', '2024-03-05 07:25:29.276+00'),
(972, 959, 2, '2024-03-05 07:25:29.276+00', '2024-03-05 07:25:29.276+00'),
(973, 445, 3, '2024-03-05 07:25:29.276+00', '2024-03-05 07:25:29.276+00'),
(974, 706, 3, '2024-03-05 07:25:29.276+00', '2024-03-05 07:25:29.276+00'),
(975, 945, 5, '2024-03-05 07:25:29.276+00', '2024-03-05 07:25:29.276+00'),
(976, 470, 2, '2024-03-05 07:25:29.276+00', '2024-03-05 07:25:29.276+00'),
(977, 569, 6, '2024-03-05 07:25:29.276+00', '2024-03-05 07:25:29.276+00'),
(978, 959, 4, '2024-03-05 07:25:29.276+00', '2024-03-05 07:25:29.276+00'),
(979, 953, 3, '2024-03-05 07:25:29.276+00', '2024-03-05 07:25:29.276+00'),
(980, 782, 1, '2024-03-05 07:25:29.276+00', '2024-03-05 07:25:29.276+00'),
(981, 801, 6, '2024-03-05 07:25:29.276+00', '2024-03-05 07:25:29.276+00'),
(982, 229, 5, '2024-03-05 07:25:29.276+00', '2024-03-05 07:25:29.276+00'),
(983, 395, 5, '2024-03-05 07:25:29.276+00', '2024-03-05 07:25:29.276+00'),
(984, 111, 2, '2024-03-05 07:25:29.276+00', '2024-03-05 07:25:29.276+00'),
(985, 753, 7, '2024-03-05 07:25:29.276+00', '2024-03-05 07:25:29.276+00'),
(986, 549, 7, '2024-03-05 07:25:29.276+00', '2024-03-05 07:25:29.276+00'),
(987, 992, 1, '2024-03-05 07:25:29.276+00', '2024-03-05 07:25:29.276+00'),
(988, 464, 4, '2024-03-05 07:25:29.276+00', '2024-03-05 07:25:29.276+00'),
(989, 498, 6, '2024-03-05 07:25:29.276+00', '2024-03-05 07:25:29.276+00'),
(990, 391, 1, '2024-03-05 07:25:29.276+00', '2024-03-05 07:25:29.276+00'),
(991, 422, 5, '2024-03-05 07:25:29.276+00', '2024-03-05 07:25:29.276+00'),
(992, 27, 3, '2024-03-05 07:25:29.276+00', '2024-03-05 07:25:29.276+00'),
(993, 922, 6, '2024-03-05 07:25:29.276+00', '2024-03-05 07:25:29.276+00'),
(994, 47, 4, '2024-03-05 07:25:29.276+00', '2024-03-05 07:25:29.276+00'),
(995, 567, 7, '2024-03-05 07:25:29.276+00', '2024-03-05 07:25:29.276+00'),
(996, 603, 7, '2024-03-05 07:25:29.276+00', '2024-03-05 07:25:29.276+00'),
(997, 569, 1, '2024-03-05 07:25:29.276+00', '2024-03-05 07:25:29.276+00'),
(998, 53, 1, '2024-03-05 07:25:29.276+00', '2024-03-05 07:25:29.276+00'),
(999, 934, 1, '2024-03-05 07:25:29.276+00', '2024-03-05 07:25:29.276+00'),
(1000, 199, 7, '2024-03-05 07:25:29.276+00', '2024-03-05 07:25:29.276+00'),
(1001, 831, 3, '2024-03-05 07:25:29.282+00', '2024-03-05 07:25:29.282+00'),
(1002, 63, 6, '2024-03-05 07:25:29.282+00', '2024-03-05 07:25:29.282+00'),
(1003, 601, 2, '2024-03-05 07:25:29.282+00', '2024-03-05 07:25:29.282+00'),
(1004, 962, 4, '2024-03-05 07:25:29.282+00', '2024-03-05 07:25:29.282+00'),
(1005, 377, 1, '2024-03-05 07:25:29.282+00', '2024-03-05 07:25:29.282+00'),
(1006, 920, 2, '2024-03-05 07:25:29.282+00', '2024-03-05 07:25:29.282+00'),
(1007, 627, 4, '2024-03-05 07:25:29.282+00', '2024-03-05 07:25:29.282+00'),
(1008, 369, 3, '2024-03-05 07:25:29.282+00', '2024-03-05 07:25:29.282+00'),
(1009, 920, 5, '2024-03-05 07:25:29.282+00', '2024-03-05 07:25:29.282+00'),
(1010, 154, 4, '2024-03-05 07:25:29.282+00', '2024-03-05 07:25:29.282+00'),
(1011, 197, 1, '2024-03-05 07:25:29.282+00', '2024-03-05 07:25:29.282+00'),
(1012, 709, 2, '2024-03-05 07:25:29.282+00', '2024-03-05 07:25:29.282+00'),
(1013, 707, 1, '2024-03-05 07:25:29.282+00', '2024-03-05 07:25:29.282+00'),
(1014, 635, 5, '2024-03-05 07:25:29.282+00', '2024-03-05 07:25:29.282+00'),
(1015, 147, 4, '2024-03-05 07:25:29.282+00', '2024-03-05 07:25:29.282+00'),
(1016, 339, 5, '2024-03-05 07:25:29.282+00', '2024-03-05 07:25:29.282+00'),
(1017, 491, 2, '2024-03-05 07:25:29.282+00', '2024-03-05 07:25:29.282+00'),
(1018, 915, 1, '2024-03-05 07:25:29.282+00', '2024-03-05 07:25:29.282+00'),
(1019, 94, 6, '2024-03-05 07:25:29.282+00', '2024-03-05 07:25:29.282+00'),
(1020, 1000, 2, '2024-03-05 07:25:29.282+00', '2024-03-05 07:25:29.282+00'),
(1021, 340, 4, '2024-03-05 07:25:29.282+00', '2024-03-05 07:25:29.282+00'),
(1022, 263, 6, '2024-03-05 07:25:29.282+00', '2024-03-05 07:25:29.282+00'),
(1023, 613, 3, '2024-03-05 07:25:29.282+00', '2024-03-05 07:25:29.282+00'),
(1024, 811, 2, '2024-03-05 07:25:29.282+00', '2024-03-05 07:25:29.282+00'),
(1025, 679, 6, '2024-03-05 07:25:29.282+00', '2024-03-05 07:25:29.282+00'),
(1026, 334, 7, '2024-03-05 07:25:29.282+00', '2024-03-05 07:25:29.282+00');
INSERT INTO "public"."species_preferred_climate_zones" ("id", "species_id", "preferred_climate_zone_id", "created_at", "updated_at") VALUES
(1027, 373, 5, '2024-03-05 07:25:29.282+00', '2024-03-05 07:25:29.282+00'),
(1028, 241, 5, '2024-03-05 07:25:29.282+00', '2024-03-05 07:25:29.282+00'),
(1029, 713, 6, '2024-03-05 07:25:29.282+00', '2024-03-05 07:25:29.282+00'),
(1030, 517, 3, '2024-03-05 07:25:29.282+00', '2024-03-05 07:25:29.282+00'),
(1031, 33, 5, '2024-03-05 07:25:29.282+00', '2024-03-05 07:25:29.282+00'),
(1032, 558, 6, '2024-03-05 07:25:29.282+00', '2024-03-05 07:25:29.282+00'),
(1033, 511, 2, '2024-03-05 07:25:29.282+00', '2024-03-05 07:25:29.282+00'),
(1034, 234, 6, '2024-03-05 07:25:29.282+00', '2024-03-05 07:25:29.282+00'),
(1035, 80, 5, '2024-03-05 07:25:29.282+00', '2024-03-05 07:25:29.282+00'),
(1036, 461, 1, '2024-03-05 07:25:29.282+00', '2024-03-05 07:25:29.282+00'),
(1037, 84, 2, '2024-03-05 07:25:29.282+00', '2024-03-05 07:25:29.282+00'),
(1038, 419, 4, '2024-03-05 07:25:29.282+00', '2024-03-05 07:25:29.282+00'),
(1039, 287, 3, '2024-03-05 07:25:29.282+00', '2024-03-05 07:25:29.282+00'),
(1040, 934, 4, '2024-03-05 07:25:29.282+00', '2024-03-05 07:25:29.282+00'),
(1041, 782, 3, '2024-03-05 07:25:29.282+00', '2024-03-05 07:25:29.282+00'),
(1042, 674, 6, '2024-03-05 07:25:29.282+00', '2024-03-05 07:25:29.282+00'),
(1043, 754, 1, '2024-03-05 07:25:29.282+00', '2024-03-05 07:25:29.282+00'),
(1044, 578, 1, '2024-03-05 07:25:29.282+00', '2024-03-05 07:25:29.282+00'),
(1045, 205, 6, '2024-03-05 07:25:29.282+00', '2024-03-05 07:25:29.282+00'),
(1046, 237, 4, '2024-03-05 07:25:29.282+00', '2024-03-05 07:25:29.282+00'),
(1047, 569, 5, '2024-03-05 07:25:29.282+00', '2024-03-05 07:25:29.282+00'),
(1048, 109, 5, '2024-03-05 07:25:29.282+00', '2024-03-05 07:25:29.282+00'),
(1049, 648, 6, '2024-03-05 07:25:29.282+00', '2024-03-05 07:25:29.282+00'),
(1050, 131, 3, '2024-03-05 07:25:29.282+00', '2024-03-05 07:25:29.282+00'),
(1051, 279, 1, '2024-03-05 07:25:29.282+00', '2024-03-05 07:25:29.282+00'),
(1052, 862, 5, '2024-03-05 07:25:29.282+00', '2024-03-05 07:25:29.282+00'),
(1053, 87, 7, '2024-03-05 07:25:29.282+00', '2024-03-05 07:25:29.282+00'),
(1054, 774, 5, '2024-03-05 07:25:29.282+00', '2024-03-05 07:25:29.282+00'),
(1055, 566, 3, '2024-03-05 07:25:29.282+00', '2024-03-05 07:25:29.282+00'),
(1056, 493, 7, '2024-03-05 07:25:29.282+00', '2024-03-05 07:25:29.282+00'),
(1057, 606, 7, '2024-03-05 07:25:29.282+00', '2024-03-05 07:25:29.282+00'),
(1058, 466, 2, '2024-03-05 07:25:29.282+00', '2024-03-05 07:25:29.282+00'),
(1059, 104, 1, '2024-03-05 07:25:29.282+00', '2024-03-05 07:25:29.282+00'),
(1060, 717, 1, '2024-03-05 07:25:29.282+00', '2024-03-05 07:25:29.282+00'),
(1061, 242, 6, '2024-03-05 07:25:29.282+00', '2024-03-05 07:25:29.282+00'),
(1062, 248, 2, '2024-03-05 07:25:29.282+00', '2024-03-05 07:25:29.282+00'),
(1063, 166, 7, '2024-03-05 07:25:29.282+00', '2024-03-05 07:25:29.282+00'),
(1064, 468, 4, '2024-03-05 07:25:29.282+00', '2024-03-05 07:25:29.282+00'),
(1065, 143, 3, '2024-03-05 07:25:29.282+00', '2024-03-05 07:25:29.282+00'),
(1066, 760, 1, '2024-03-05 07:25:29.282+00', '2024-03-05 07:25:29.282+00'),
(1067, 504, 6, '2024-03-05 07:25:29.282+00', '2024-03-05 07:25:29.282+00'),
(1068, 947, 6, '2024-03-05 07:25:29.282+00', '2024-03-05 07:25:29.282+00'),
(1069, 215, 2, '2024-03-05 07:25:29.282+00', '2024-03-05 07:25:29.282+00'),
(1070, 421, 3, '2024-03-05 07:25:29.282+00', '2024-03-05 07:25:29.282+00'),
(1071, 63, 6, '2024-03-05 07:25:29.282+00', '2024-03-05 07:25:29.282+00'),
(1072, 622, 2, '2024-03-05 07:25:29.282+00', '2024-03-05 07:25:29.282+00'),
(1073, 274, 7, '2024-03-05 07:25:29.282+00', '2024-03-05 07:25:29.282+00'),
(1074, 536, 2, '2024-03-05 07:25:29.282+00', '2024-03-05 07:25:29.282+00'),
(1075, 296, 1, '2024-03-05 07:25:29.282+00', '2024-03-05 07:25:29.282+00'),
(1076, 370, 5, '2024-03-05 07:25:29.282+00', '2024-03-05 07:25:29.282+00'),
(1077, 549, 2, '2024-03-05 07:25:29.282+00', '2024-03-05 07:25:29.282+00'),
(1078, 661, 2, '2024-03-05 07:25:29.282+00', '2024-03-05 07:25:29.282+00'),
(1079, 105, 6, '2024-03-05 07:25:29.282+00', '2024-03-05 07:25:29.282+00'),
(1080, 254, 3, '2024-03-05 07:25:29.282+00', '2024-03-05 07:25:29.282+00'),
(1081, 169, 7, '2024-03-05 07:25:29.282+00', '2024-03-05 07:25:29.282+00'),
(1082, 650, 5, '2024-03-05 07:25:29.282+00', '2024-03-05 07:25:29.282+00'),
(1083, 596, 3, '2024-03-05 07:25:29.282+00', '2024-03-05 07:25:29.282+00'),
(1084, 302, 4, '2024-03-05 07:25:29.282+00', '2024-03-05 07:25:29.282+00'),
(1085, 90, 5, '2024-03-05 07:25:29.282+00', '2024-03-05 07:25:29.282+00'),
(1086, 428, 6, '2024-03-05 07:25:29.282+00', '2024-03-05 07:25:29.282+00'),
(1087, 91, 6, '2024-03-05 07:25:29.282+00', '2024-03-05 07:25:29.282+00'),
(1088, 767, 7, '2024-03-05 07:25:29.282+00', '2024-03-05 07:25:29.282+00'),
(1089, 496, 5, '2024-03-05 07:25:29.282+00', '2024-03-05 07:25:29.282+00'),
(1090, 155, 5, '2024-03-05 07:25:29.282+00', '2024-03-05 07:25:29.282+00'),
(1091, 444, 2, '2024-03-05 07:25:29.282+00', '2024-03-05 07:25:29.282+00'),
(1092, 866, 3, '2024-03-05 07:25:29.282+00', '2024-03-05 07:25:29.282+00'),
(1093, 932, 2, '2024-03-05 07:25:29.282+00', '2024-03-05 07:25:29.282+00'),
(1094, 371, 2, '2024-03-05 07:25:29.282+00', '2024-03-05 07:25:29.282+00'),
(1095, 793, 3, '2024-03-05 07:25:29.282+00', '2024-03-05 07:25:29.282+00'),
(1096, 941, 7, '2024-03-05 07:25:29.282+00', '2024-03-05 07:25:29.282+00'),
(1097, 449, 1, '2024-03-05 07:25:29.282+00', '2024-03-05 07:25:29.282+00'),
(1098, 277, 7, '2024-03-05 07:25:29.282+00', '2024-03-05 07:25:29.282+00'),
(1099, 619, 4, '2024-03-05 07:25:29.282+00', '2024-03-05 07:25:29.282+00'),
(1100, 747, 6, '2024-03-05 07:25:29.282+00', '2024-03-05 07:25:29.282+00'),
(1101, 874, 7, '2024-03-05 07:25:29.288+00', '2024-03-05 07:25:29.288+00'),
(1102, 338, 6, '2024-03-05 07:25:29.288+00', '2024-03-05 07:25:29.288+00'),
(1103, 347, 5, '2024-03-05 07:25:29.288+00', '2024-03-05 07:25:29.288+00'),
(1104, 464, 2, '2024-03-05 07:25:29.288+00', '2024-03-05 07:25:29.288+00'),
(1105, 22, 4, '2024-03-05 07:25:29.288+00', '2024-03-05 07:25:29.288+00'),
(1106, 991, 3, '2024-03-05 07:25:29.288+00', '2024-03-05 07:25:29.288+00'),
(1107, 386, 7, '2024-03-05 07:25:29.288+00', '2024-03-05 07:25:29.288+00'),
(1108, 558, 5, '2024-03-05 07:25:29.288+00', '2024-03-05 07:25:29.288+00'),
(1109, 995, 7, '2024-03-05 07:25:29.288+00', '2024-03-05 07:25:29.288+00'),
(1110, 45, 7, '2024-03-05 07:25:29.288+00', '2024-03-05 07:25:29.288+00'),
(1111, 280, 1, '2024-03-05 07:25:29.288+00', '2024-03-05 07:25:29.288+00'),
(1112, 855, 6, '2024-03-05 07:25:29.288+00', '2024-03-05 07:25:29.288+00'),
(1113, 73, 7, '2024-03-05 07:25:29.288+00', '2024-03-05 07:25:29.288+00'),
(1114, 267, 7, '2024-03-05 07:25:29.288+00', '2024-03-05 07:25:29.288+00'),
(1115, 521, 1, '2024-03-05 07:25:29.288+00', '2024-03-05 07:25:29.288+00'),
(1116, 589, 7, '2024-03-05 07:25:29.288+00', '2024-03-05 07:25:29.288+00'),
(1117, 990, 5, '2024-03-05 07:25:29.288+00', '2024-03-05 07:25:29.288+00'),
(1118, 5, 4, '2024-03-05 07:25:29.288+00', '2024-03-05 07:25:29.288+00'),
(1119, 653, 6, '2024-03-05 07:25:29.288+00', '2024-03-05 07:25:29.288+00'),
(1120, 310, 6, '2024-03-05 07:25:29.288+00', '2024-03-05 07:25:29.288+00'),
(1121, 358, 1, '2024-03-05 07:25:29.288+00', '2024-03-05 07:25:29.288+00'),
(1122, 154, 2, '2024-03-05 07:25:29.288+00', '2024-03-05 07:25:29.288+00'),
(1123, 538, 1, '2024-03-05 07:25:29.288+00', '2024-03-05 07:25:29.288+00'),
(1124, 450, 1, '2024-03-05 07:25:29.288+00', '2024-03-05 07:25:29.288+00'),
(1125, 352, 3, '2024-03-05 07:25:29.288+00', '2024-03-05 07:25:29.288+00'),
(1126, 863, 2, '2024-03-05 07:25:29.288+00', '2024-03-05 07:25:29.288+00'),
(1127, 45, 4, '2024-03-05 07:25:29.288+00', '2024-03-05 07:25:29.288+00'),
(1128, 788, 4, '2024-03-05 07:25:29.288+00', '2024-03-05 07:25:29.288+00'),
(1129, 101, 7, '2024-03-05 07:25:29.288+00', '2024-03-05 07:25:29.288+00'),
(1130, 925, 7, '2024-03-05 07:25:29.288+00', '2024-03-05 07:25:29.288+00'),
(1131, 793, 2, '2024-03-05 07:25:29.288+00', '2024-03-05 07:25:29.288+00'),
(1132, 746, 1, '2024-03-05 07:25:29.288+00', '2024-03-05 07:25:29.288+00'),
(1133, 625, 2, '2024-03-05 07:25:29.288+00', '2024-03-05 07:25:29.288+00'),
(1134, 168, 2, '2024-03-05 07:25:29.288+00', '2024-03-05 07:25:29.288+00'),
(1135, 591, 5, '2024-03-05 07:25:29.288+00', '2024-03-05 07:25:29.288+00'),
(1136, 882, 6, '2024-03-05 07:25:29.288+00', '2024-03-05 07:25:29.288+00'),
(1137, 991, 4, '2024-03-05 07:25:29.288+00', '2024-03-05 07:25:29.288+00'),
(1138, 341, 2, '2024-03-05 07:25:29.288+00', '2024-03-05 07:25:29.288+00'),
(1139, 816, 5, '2024-03-05 07:25:29.288+00', '2024-03-05 07:25:29.288+00'),
(1140, 711, 6, '2024-03-05 07:25:29.288+00', '2024-03-05 07:25:29.288+00'),
(1141, 321, 4, '2024-03-05 07:25:29.288+00', '2024-03-05 07:25:29.288+00'),
(1142, 909, 6, '2024-03-05 07:25:29.288+00', '2024-03-05 07:25:29.288+00'),
(1143, 922, 4, '2024-03-05 07:25:29.288+00', '2024-03-05 07:25:29.288+00'),
(1144, 393, 3, '2024-03-05 07:25:29.288+00', '2024-03-05 07:25:29.288+00'),
(1145, 469, 4, '2024-03-05 07:25:29.288+00', '2024-03-05 07:25:29.288+00'),
(1146, 718, 6, '2024-03-05 07:25:29.288+00', '2024-03-05 07:25:29.288+00'),
(1147, 844, 5, '2024-03-05 07:25:29.288+00', '2024-03-05 07:25:29.288+00'),
(1148, 170, 5, '2024-03-05 07:25:29.288+00', '2024-03-05 07:25:29.288+00'),
(1149, 612, 7, '2024-03-05 07:25:29.288+00', '2024-03-05 07:25:29.288+00'),
(1150, 434, 2, '2024-03-05 07:25:29.288+00', '2024-03-05 07:25:29.288+00'),
(1151, 101, 5, '2024-03-05 07:25:29.288+00', '2024-03-05 07:25:29.288+00'),
(1152, 714, 6, '2024-03-05 07:25:29.288+00', '2024-03-05 07:25:29.288+00'),
(1153, 224, 4, '2024-03-05 07:25:29.288+00', '2024-03-05 07:25:29.288+00'),
(1154, 875, 6, '2024-03-05 07:25:29.288+00', '2024-03-05 07:25:29.288+00'),
(1155, 450, 5, '2024-03-05 07:25:29.288+00', '2024-03-05 07:25:29.288+00'),
(1156, 398, 5, '2024-03-05 07:25:29.288+00', '2024-03-05 07:25:29.288+00'),
(1157, 61, 6, '2024-03-05 07:25:29.288+00', '2024-03-05 07:25:29.288+00'),
(1158, 188, 7, '2024-03-05 07:25:29.288+00', '2024-03-05 07:25:29.288+00'),
(1159, 828, 1, '2024-03-05 07:25:29.288+00', '2024-03-05 07:25:29.288+00'),
(1160, 520, 2, '2024-03-05 07:25:29.288+00', '2024-03-05 07:25:29.288+00'),
(1161, 705, 3, '2024-03-05 07:25:29.288+00', '2024-03-05 07:25:29.288+00'),
(1162, 369, 1, '2024-03-05 07:25:29.288+00', '2024-03-05 07:25:29.288+00'),
(1163, 821, 1, '2024-03-05 07:25:29.288+00', '2024-03-05 07:25:29.288+00'),
(1164, 217, 7, '2024-03-05 07:25:29.288+00', '2024-03-05 07:25:29.288+00'),
(1165, 784, 1, '2024-03-05 07:25:29.288+00', '2024-03-05 07:25:29.288+00'),
(1166, 519, 6, '2024-03-05 07:25:29.288+00', '2024-03-05 07:25:29.288+00'),
(1167, 790, 3, '2024-03-05 07:25:29.288+00', '2024-03-05 07:25:29.288+00'),
(1168, 209, 5, '2024-03-05 07:25:29.288+00', '2024-03-05 07:25:29.288+00'),
(1169, 220, 3, '2024-03-05 07:25:29.288+00', '2024-03-05 07:25:29.288+00'),
(1170, 450, 5, '2024-03-05 07:25:29.288+00', '2024-03-05 07:25:29.288+00'),
(1171, 87, 6, '2024-03-05 07:25:29.288+00', '2024-03-05 07:25:29.288+00'),
(1172, 876, 3, '2024-03-05 07:25:29.288+00', '2024-03-05 07:25:29.288+00'),
(1173, 714, 1, '2024-03-05 07:25:29.288+00', '2024-03-05 07:25:29.288+00'),
(1174, 937, 3, '2024-03-05 07:25:29.288+00', '2024-03-05 07:25:29.288+00'),
(1175, 348, 6, '2024-03-05 07:25:29.288+00', '2024-03-05 07:25:29.288+00'),
(1176, 76, 7, '2024-03-05 07:25:29.288+00', '2024-03-05 07:25:29.288+00'),
(1177, 779, 6, '2024-03-05 07:25:29.288+00', '2024-03-05 07:25:29.288+00'),
(1178, 333, 5, '2024-03-05 07:25:29.288+00', '2024-03-05 07:25:29.288+00'),
(1179, 213, 5, '2024-03-05 07:25:29.288+00', '2024-03-05 07:25:29.288+00'),
(1180, 420, 2, '2024-03-05 07:25:29.288+00', '2024-03-05 07:25:29.288+00'),
(1181, 754, 3, '2024-03-05 07:25:29.288+00', '2024-03-05 07:25:29.288+00'),
(1182, 941, 2, '2024-03-05 07:25:29.288+00', '2024-03-05 07:25:29.288+00'),
(1183, 309, 3, '2024-03-05 07:25:29.288+00', '2024-03-05 07:25:29.288+00'),
(1184, 629, 4, '2024-03-05 07:25:29.288+00', '2024-03-05 07:25:29.288+00'),
(1185, 405, 7, '2024-03-05 07:25:29.288+00', '2024-03-05 07:25:29.288+00'),
(1186, 564, 7, '2024-03-05 07:25:29.288+00', '2024-03-05 07:25:29.288+00'),
(1187, 870, 1, '2024-03-05 07:25:29.288+00', '2024-03-05 07:25:29.288+00'),
(1188, 872, 2, '2024-03-05 07:25:29.288+00', '2024-03-05 07:25:29.288+00'),
(1189, 717, 6, '2024-03-05 07:25:29.288+00', '2024-03-05 07:25:29.288+00'),
(1190, 808, 1, '2024-03-05 07:25:29.288+00', '2024-03-05 07:25:29.288+00'),
(1191, 15, 3, '2024-03-05 07:25:29.288+00', '2024-03-05 07:25:29.288+00'),
(1192, 61, 1, '2024-03-05 07:25:29.288+00', '2024-03-05 07:25:29.288+00'),
(1193, 81, 1, '2024-03-05 07:25:29.288+00', '2024-03-05 07:25:29.288+00'),
(1194, 352, 1, '2024-03-05 07:25:29.288+00', '2024-03-05 07:25:29.288+00'),
(1195, 9, 7, '2024-03-05 07:25:29.288+00', '2024-03-05 07:25:29.288+00'),
(1196, 162, 1, '2024-03-05 07:25:29.288+00', '2024-03-05 07:25:29.288+00'),
(1197, 504, 6, '2024-03-05 07:25:29.288+00', '2024-03-05 07:25:29.288+00'),
(1198, 287, 6, '2024-03-05 07:25:29.288+00', '2024-03-05 07:25:29.288+00'),
(1199, 648, 5, '2024-03-05 07:25:29.288+00', '2024-03-05 07:25:29.288+00'),
(1200, 236, 6, '2024-03-05 07:25:29.288+00', '2024-03-05 07:25:29.288+00'),
(1201, 816, 3, '2024-03-05 07:25:29.295+00', '2024-03-05 07:25:29.295+00'),
(1202, 599, 4, '2024-03-05 07:25:29.295+00', '2024-03-05 07:25:29.295+00'),
(1203, 130, 5, '2024-03-05 07:25:29.295+00', '2024-03-05 07:25:29.295+00'),
(1204, 155, 4, '2024-03-05 07:25:29.295+00', '2024-03-05 07:25:29.295+00'),
(1205, 85, 1, '2024-03-05 07:25:29.295+00', '2024-03-05 07:25:29.295+00'),
(1206, 583, 3, '2024-03-05 07:25:29.295+00', '2024-03-05 07:25:29.295+00'),
(1207, 28, 6, '2024-03-05 07:25:29.295+00', '2024-03-05 07:25:29.295+00'),
(1208, 192, 6, '2024-03-05 07:25:29.295+00', '2024-03-05 07:25:29.295+00'),
(1209, 752, 7, '2024-03-05 07:25:29.295+00', '2024-03-05 07:25:29.295+00'),
(1210, 314, 3, '2024-03-05 07:25:29.295+00', '2024-03-05 07:25:29.295+00'),
(1211, 891, 5, '2024-03-05 07:25:29.295+00', '2024-03-05 07:25:29.295+00'),
(1212, 301, 3, '2024-03-05 07:25:29.295+00', '2024-03-05 07:25:29.295+00'),
(1213, 167, 4, '2024-03-05 07:25:29.295+00', '2024-03-05 07:25:29.295+00'),
(1214, 233, 5, '2024-03-05 07:25:29.295+00', '2024-03-05 07:25:29.295+00'),
(1215, 829, 4, '2024-03-05 07:25:29.295+00', '2024-03-05 07:25:29.295+00'),
(1216, 836, 2, '2024-03-05 07:25:29.295+00', '2024-03-05 07:25:29.295+00'),
(1217, 602, 5, '2024-03-05 07:25:29.295+00', '2024-03-05 07:25:29.295+00'),
(1218, 725, 7, '2024-03-05 07:25:29.295+00', '2024-03-05 07:25:29.295+00'),
(1219, 47, 4, '2024-03-05 07:25:29.295+00', '2024-03-05 07:25:29.295+00'),
(1220, 579, 4, '2024-03-05 07:25:29.295+00', '2024-03-05 07:25:29.295+00'),
(1221, 668, 3, '2024-03-05 07:25:29.295+00', '2024-03-05 07:25:29.295+00'),
(1222, 898, 2, '2024-03-05 07:25:29.295+00', '2024-03-05 07:25:29.295+00'),
(1223, 306, 7, '2024-03-05 07:25:29.295+00', '2024-03-05 07:25:29.295+00'),
(1224, 323, 6, '2024-03-05 07:25:29.295+00', '2024-03-05 07:25:29.295+00'),
(1225, 11, 2, '2024-03-05 07:25:29.295+00', '2024-03-05 07:25:29.295+00'),
(1226, 727, 4, '2024-03-05 07:25:29.295+00', '2024-03-05 07:25:29.295+00'),
(1227, 153, 5, '2024-03-05 07:25:29.295+00', '2024-03-05 07:25:29.295+00'),
(1228, 219, 1, '2024-03-05 07:25:29.295+00', '2024-03-05 07:25:29.295+00'),
(1229, 249, 4, '2024-03-05 07:25:29.295+00', '2024-03-05 07:25:29.295+00'),
(1230, 994, 2, '2024-03-05 07:25:29.295+00', '2024-03-05 07:25:29.295+00'),
(1231, 65, 7, '2024-03-05 07:25:29.295+00', '2024-03-05 07:25:29.295+00'),
(1232, 538, 3, '2024-03-05 07:25:29.295+00', '2024-03-05 07:25:29.295+00'),
(1233, 412, 2, '2024-03-05 07:25:29.295+00', '2024-03-05 07:25:29.295+00'),
(1234, 637, 3, '2024-03-05 07:25:29.295+00', '2024-03-05 07:25:29.295+00'),
(1235, 694, 4, '2024-03-05 07:25:29.295+00', '2024-03-05 07:25:29.295+00'),
(1236, 486, 6, '2024-03-05 07:25:29.295+00', '2024-03-05 07:25:29.295+00'),
(1237, 246, 1, '2024-03-05 07:25:29.295+00', '2024-03-05 07:25:29.295+00'),
(1238, 866, 4, '2024-03-05 07:25:29.295+00', '2024-03-05 07:25:29.295+00'),
(1239, 561, 5, '2024-03-05 07:25:29.295+00', '2024-03-05 07:25:29.295+00'),
(1240, 667, 4, '2024-03-05 07:25:29.295+00', '2024-03-05 07:25:29.295+00'),
(1241, 412, 6, '2024-03-05 07:25:29.295+00', '2024-03-05 07:25:29.295+00'),
(1242, 68, 7, '2024-03-05 07:25:29.295+00', '2024-03-05 07:25:29.295+00'),
(1243, 996, 1, '2024-03-05 07:25:29.295+00', '2024-03-05 07:25:29.295+00'),
(1244, 926, 7, '2024-03-05 07:25:29.295+00', '2024-03-05 07:25:29.295+00'),
(1245, 99, 2, '2024-03-05 07:25:29.295+00', '2024-03-05 07:25:29.295+00'),
(1246, 135, 1, '2024-03-05 07:25:29.295+00', '2024-03-05 07:25:29.295+00'),
(1247, 447, 5, '2024-03-05 07:25:29.295+00', '2024-03-05 07:25:29.295+00'),
(1248, 902, 4, '2024-03-05 07:25:29.295+00', '2024-03-05 07:25:29.295+00'),
(1249, 583, 7, '2024-03-05 07:25:29.295+00', '2024-03-05 07:25:29.295+00'),
(1250, 863, 6, '2024-03-05 07:25:29.295+00', '2024-03-05 07:25:29.295+00'),
(1251, 809, 3, '2024-03-05 07:25:29.295+00', '2024-03-05 07:25:29.295+00'),
(1252, 78, 3, '2024-03-05 07:25:29.295+00', '2024-03-05 07:25:29.295+00'),
(1253, 41, 3, '2024-03-05 07:25:29.295+00', '2024-03-05 07:25:29.295+00'),
(1254, 588, 5, '2024-03-05 07:25:29.295+00', '2024-03-05 07:25:29.295+00'),
(1255, 565, 5, '2024-03-05 07:25:29.295+00', '2024-03-05 07:25:29.295+00'),
(1256, 5, 4, '2024-03-05 07:25:29.295+00', '2024-03-05 07:25:29.295+00'),
(1257, 928, 6, '2024-03-05 07:25:29.295+00', '2024-03-05 07:25:29.295+00'),
(1258, 512, 7, '2024-03-05 07:25:29.295+00', '2024-03-05 07:25:29.295+00'),
(1259, 951, 3, '2024-03-05 07:25:29.295+00', '2024-03-05 07:25:29.295+00'),
(1260, 61, 7, '2024-03-05 07:25:29.295+00', '2024-03-05 07:25:29.295+00'),
(1261, 378, 7, '2024-03-05 07:25:29.295+00', '2024-03-05 07:25:29.295+00'),
(1262, 127, 5, '2024-03-05 07:25:29.295+00', '2024-03-05 07:25:29.295+00'),
(1263, 410, 5, '2024-03-05 07:25:29.295+00', '2024-03-05 07:25:29.295+00'),
(1264, 428, 3, '2024-03-05 07:25:29.295+00', '2024-03-05 07:25:29.295+00'),
(1265, 953, 2, '2024-03-05 07:25:29.295+00', '2024-03-05 07:25:29.295+00'),
(1266, 179, 4, '2024-03-05 07:25:29.295+00', '2024-03-05 07:25:29.295+00'),
(1267, 499, 2, '2024-03-05 07:25:29.295+00', '2024-03-05 07:25:29.295+00'),
(1268, 288, 6, '2024-03-05 07:25:29.295+00', '2024-03-05 07:25:29.295+00'),
(1269, 709, 1, '2024-03-05 07:25:29.295+00', '2024-03-05 07:25:29.295+00'),
(1270, 83, 2, '2024-03-05 07:25:29.295+00', '2024-03-05 07:25:29.295+00'),
(1271, 575, 5, '2024-03-05 07:25:29.295+00', '2024-03-05 07:25:29.295+00'),
(1272, 127, 7, '2024-03-05 07:25:29.295+00', '2024-03-05 07:25:29.295+00'),
(1273, 784, 4, '2024-03-05 07:25:29.295+00', '2024-03-05 07:25:29.295+00'),
(1274, 444, 1, '2024-03-05 07:25:29.295+00', '2024-03-05 07:25:29.295+00'),
(1275, 671, 1, '2024-03-05 07:25:29.295+00', '2024-03-05 07:25:29.295+00'),
(1276, 899, 4, '2024-03-05 07:25:29.295+00', '2024-03-05 07:25:29.295+00'),
(1277, 382, 4, '2024-03-05 07:25:29.295+00', '2024-03-05 07:25:29.295+00'),
(1278, 903, 2, '2024-03-05 07:25:29.295+00', '2024-03-05 07:25:29.295+00'),
(1279, 357, 7, '2024-03-05 07:25:29.295+00', '2024-03-05 07:25:29.295+00'),
(1280, 522, 6, '2024-03-05 07:25:29.295+00', '2024-03-05 07:25:29.295+00'),
(1281, 308, 4, '2024-03-05 07:25:29.295+00', '2024-03-05 07:25:29.295+00'),
(1282, 259, 7, '2024-03-05 07:25:29.295+00', '2024-03-05 07:25:29.295+00'),
(1283, 419, 7, '2024-03-05 07:25:29.295+00', '2024-03-05 07:25:29.295+00'),
(1284, 311, 4, '2024-03-05 07:25:29.295+00', '2024-03-05 07:25:29.295+00'),
(1285, 56, 5, '2024-03-05 07:25:29.295+00', '2024-03-05 07:25:29.295+00'),
(1286, 636, 5, '2024-03-05 07:25:29.295+00', '2024-03-05 07:25:29.295+00'),
(1287, 668, 7, '2024-03-05 07:25:29.295+00', '2024-03-05 07:25:29.295+00'),
(1288, 530, 2, '2024-03-05 07:25:29.295+00', '2024-03-05 07:25:29.295+00'),
(1289, 825, 2, '2024-03-05 07:25:29.295+00', '2024-03-05 07:25:29.295+00'),
(1290, 240, 1, '2024-03-05 07:25:29.295+00', '2024-03-05 07:25:29.295+00'),
(1291, 249, 7, '2024-03-05 07:25:29.295+00', '2024-03-05 07:25:29.295+00'),
(1292, 904, 5, '2024-03-05 07:25:29.295+00', '2024-03-05 07:25:29.295+00'),
(1293, 234, 2, '2024-03-05 07:25:29.295+00', '2024-03-05 07:25:29.295+00'),
(1294, 652, 7, '2024-03-05 07:25:29.295+00', '2024-03-05 07:25:29.295+00'),
(1295, 774, 7, '2024-03-05 07:25:29.295+00', '2024-03-05 07:25:29.295+00'),
(1296, 660, 1, '2024-03-05 07:25:29.295+00', '2024-03-05 07:25:29.295+00'),
(1297, 448, 2, '2024-03-05 07:25:29.295+00', '2024-03-05 07:25:29.295+00'),
(1298, 858, 4, '2024-03-05 07:25:29.295+00', '2024-03-05 07:25:29.295+00'),
(1299, 521, 6, '2024-03-05 07:25:29.295+00', '2024-03-05 07:25:29.295+00'),
(1300, 828, 6, '2024-03-05 07:25:29.295+00', '2024-03-05 07:25:29.295+00'),
(1301, 314, 3, '2024-03-05 07:25:29.3+00', '2024-03-05 07:25:29.3+00'),
(1302, 441, 1, '2024-03-05 07:25:29.3+00', '2024-03-05 07:25:29.3+00'),
(1303, 645, 4, '2024-03-05 07:25:29.3+00', '2024-03-05 07:25:29.3+00'),
(1304, 685, 6, '2024-03-05 07:25:29.3+00', '2024-03-05 07:25:29.3+00'),
(1305, 313, 5, '2024-03-05 07:25:29.3+00', '2024-03-05 07:25:29.3+00'),
(1306, 67, 1, '2024-03-05 07:25:29.3+00', '2024-03-05 07:25:29.3+00'),
(1307, 660, 1, '2024-03-05 07:25:29.3+00', '2024-03-05 07:25:29.3+00'),
(1308, 921, 4, '2024-03-05 07:25:29.3+00', '2024-03-05 07:25:29.3+00'),
(1309, 859, 7, '2024-03-05 07:25:29.3+00', '2024-03-05 07:25:29.3+00'),
(1310, 219, 1, '2024-03-05 07:25:29.3+00', '2024-03-05 07:25:29.3+00'),
(1311, 212, 7, '2024-03-05 07:25:29.3+00', '2024-03-05 07:25:29.3+00'),
(1312, 437, 6, '2024-03-05 07:25:29.3+00', '2024-03-05 07:25:29.3+00'),
(1313, 928, 2, '2024-03-05 07:25:29.3+00', '2024-03-05 07:25:29.3+00'),
(1314, 488, 6, '2024-03-05 07:25:29.3+00', '2024-03-05 07:25:29.3+00'),
(1315, 840, 2, '2024-03-05 07:25:29.3+00', '2024-03-05 07:25:29.3+00'),
(1316, 923, 5, '2024-03-05 07:25:29.3+00', '2024-03-05 07:25:29.3+00'),
(1317, 80, 7, '2024-03-05 07:25:29.3+00', '2024-03-05 07:25:29.3+00'),
(1318, 948, 3, '2024-03-05 07:25:29.3+00', '2024-03-05 07:25:29.3+00'),
(1319, 402, 7, '2024-03-05 07:25:29.3+00', '2024-03-05 07:25:29.3+00'),
(1320, 717, 3, '2024-03-05 07:25:29.3+00', '2024-03-05 07:25:29.3+00'),
(1321, 184, 1, '2024-03-05 07:25:29.3+00', '2024-03-05 07:25:29.3+00'),
(1322, 843, 3, '2024-03-05 07:25:29.3+00', '2024-03-05 07:25:29.3+00'),
(1323, 597, 4, '2024-03-05 07:25:29.3+00', '2024-03-05 07:25:29.3+00'),
(1324, 57, 2, '2024-03-05 07:25:29.3+00', '2024-03-05 07:25:29.3+00'),
(1325, 152, 5, '2024-03-05 07:25:29.3+00', '2024-03-05 07:25:29.3+00'),
(1326, 464, 1, '2024-03-05 07:25:29.3+00', '2024-03-05 07:25:29.3+00'),
(1327, 302, 2, '2024-03-05 07:25:29.3+00', '2024-03-05 07:25:29.3+00'),
(1328, 28, 1, '2024-03-05 07:25:29.3+00', '2024-03-05 07:25:29.3+00'),
(1329, 760, 3, '2024-03-05 07:25:29.3+00', '2024-03-05 07:25:29.3+00'),
(1330, 284, 5, '2024-03-05 07:25:29.3+00', '2024-03-05 07:25:29.3+00'),
(1331, 186, 4, '2024-03-05 07:25:29.3+00', '2024-03-05 07:25:29.3+00'),
(1332, 686, 2, '2024-03-05 07:25:29.3+00', '2024-03-05 07:25:29.3+00'),
(1333, 790, 3, '2024-03-05 07:25:29.3+00', '2024-03-05 07:25:29.3+00'),
(1334, 342, 6, '2024-03-05 07:25:29.3+00', '2024-03-05 07:25:29.3+00'),
(1335, 5, 5, '2024-03-05 07:25:29.3+00', '2024-03-05 07:25:29.3+00'),
(1336, 44, 5, '2024-03-05 07:25:29.3+00', '2024-03-05 07:25:29.3+00'),
(1337, 493, 1, '2024-03-05 07:25:29.3+00', '2024-03-05 07:25:29.3+00'),
(1338, 491, 5, '2024-03-05 07:25:29.3+00', '2024-03-05 07:25:29.3+00'),
(1339, 698, 4, '2024-03-05 07:25:29.3+00', '2024-03-05 07:25:29.3+00'),
(1340, 661, 3, '2024-03-05 07:25:29.3+00', '2024-03-05 07:25:29.3+00'),
(1341, 319, 2, '2024-03-05 07:25:29.3+00', '2024-03-05 07:25:29.3+00'),
(1342, 235, 5, '2024-03-05 07:25:29.3+00', '2024-03-05 07:25:29.3+00'),
(1343, 550, 2, '2024-03-05 07:25:29.3+00', '2024-03-05 07:25:29.3+00'),
(1344, 471, 1, '2024-03-05 07:25:29.3+00', '2024-03-05 07:25:29.3+00'),
(1345, 198, 5, '2024-03-05 07:25:29.3+00', '2024-03-05 07:25:29.3+00'),
(1346, 803, 6, '2024-03-05 07:25:29.3+00', '2024-03-05 07:25:29.3+00'),
(1347, 133, 6, '2024-03-05 07:25:29.3+00', '2024-03-05 07:25:29.3+00'),
(1348, 327, 1, '2024-03-05 07:25:29.3+00', '2024-03-05 07:25:29.3+00'),
(1349, 942, 4, '2024-03-05 07:25:29.3+00', '2024-03-05 07:25:29.3+00'),
(1350, 608, 1, '2024-03-05 07:25:29.3+00', '2024-03-05 07:25:29.3+00'),
(1351, 49, 6, '2024-03-05 07:25:29.3+00', '2024-03-05 07:25:29.3+00'),
(1352, 913, 4, '2024-03-05 07:25:29.3+00', '2024-03-05 07:25:29.3+00'),
(1353, 701, 1, '2024-03-05 07:25:29.3+00', '2024-03-05 07:25:29.3+00'),
(1354, 628, 2, '2024-03-05 07:25:29.3+00', '2024-03-05 07:25:29.3+00'),
(1355, 15, 4, '2024-03-05 07:25:29.3+00', '2024-03-05 07:25:29.3+00'),
(1356, 430, 3, '2024-03-05 07:25:29.3+00', '2024-03-05 07:25:29.3+00'),
(1357, 828, 2, '2024-03-05 07:25:29.3+00', '2024-03-05 07:25:29.3+00'),
(1358, 385, 2, '2024-03-05 07:25:29.3+00', '2024-03-05 07:25:29.3+00'),
(1359, 554, 1, '2024-03-05 07:25:29.3+00', '2024-03-05 07:25:29.3+00'),
(1360, 953, 4, '2024-03-05 07:25:29.3+00', '2024-03-05 07:25:29.3+00'),
(1361, 438, 4, '2024-03-05 07:25:29.3+00', '2024-03-05 07:25:29.3+00'),
(1362, 192, 4, '2024-03-05 07:25:29.3+00', '2024-03-05 07:25:29.3+00'),
(1363, 940, 7, '2024-03-05 07:25:29.3+00', '2024-03-05 07:25:29.3+00'),
(1364, 603, 7, '2024-03-05 07:25:29.3+00', '2024-03-05 07:25:29.3+00'),
(1365, 718, 2, '2024-03-05 07:25:29.3+00', '2024-03-05 07:25:29.3+00'),
(1366, 612, 1, '2024-03-05 07:25:29.3+00', '2024-03-05 07:25:29.3+00'),
(1367, 767, 3, '2024-03-05 07:25:29.3+00', '2024-03-05 07:25:29.3+00'),
(1368, 835, 1, '2024-03-05 07:25:29.3+00', '2024-03-05 07:25:29.3+00'),
(1369, 397, 1, '2024-03-05 07:25:29.3+00', '2024-03-05 07:25:29.3+00'),
(1370, 245, 4, '2024-03-05 07:25:29.3+00', '2024-03-05 07:25:29.3+00'),
(1371, 957, 2, '2024-03-05 07:25:29.3+00', '2024-03-05 07:25:29.3+00'),
(1372, 395, 4, '2024-03-05 07:25:29.3+00', '2024-03-05 07:25:29.3+00'),
(1373, 223, 2, '2024-03-05 07:25:29.3+00', '2024-03-05 07:25:29.3+00'),
(1374, 668, 3, '2024-03-05 07:25:29.3+00', '2024-03-05 07:25:29.3+00'),
(1375, 41, 7, '2024-03-05 07:25:29.3+00', '2024-03-05 07:25:29.3+00'),
(1376, 303, 1, '2024-03-05 07:25:29.3+00', '2024-03-05 07:25:29.3+00'),
(1377, 524, 2, '2024-03-05 07:25:29.3+00', '2024-03-05 07:25:29.3+00'),
(1378, 104, 3, '2024-03-05 07:25:29.3+00', '2024-03-05 07:25:29.3+00'),
(1379, 570, 3, '2024-03-05 07:25:29.3+00', '2024-03-05 07:25:29.3+00'),
(1380, 163, 4, '2024-03-05 07:25:29.3+00', '2024-03-05 07:25:29.3+00'),
(1381, 133, 4, '2024-03-05 07:25:29.3+00', '2024-03-05 07:25:29.3+00'),
(1382, 710, 3, '2024-03-05 07:25:29.3+00', '2024-03-05 07:25:29.3+00'),
(1383, 677, 4, '2024-03-05 07:25:29.3+00', '2024-03-05 07:25:29.3+00'),
(1384, 514, 3, '2024-03-05 07:25:29.3+00', '2024-03-05 07:25:29.3+00'),
(1385, 298, 5, '2024-03-05 07:25:29.3+00', '2024-03-05 07:25:29.3+00'),
(1386, 639, 6, '2024-03-05 07:25:29.3+00', '2024-03-05 07:25:29.3+00'),
(1387, 611, 1, '2024-03-05 07:25:29.3+00', '2024-03-05 07:25:29.3+00'),
(1388, 433, 3, '2024-03-05 07:25:29.3+00', '2024-03-05 07:25:29.3+00'),
(1389, 546, 6, '2024-03-05 07:25:29.3+00', '2024-03-05 07:25:29.3+00'),
(1390, 938, 5, '2024-03-05 07:25:29.3+00', '2024-03-05 07:25:29.3+00'),
(1391, 151, 7, '2024-03-05 07:25:29.3+00', '2024-03-05 07:25:29.3+00'),
(1392, 352, 6, '2024-03-05 07:25:29.3+00', '2024-03-05 07:25:29.3+00'),
(1393, 886, 5, '2024-03-05 07:25:29.3+00', '2024-03-05 07:25:29.3+00'),
(1394, 993, 4, '2024-03-05 07:25:29.3+00', '2024-03-05 07:25:29.3+00'),
(1395, 355, 5, '2024-03-05 07:25:29.3+00', '2024-03-05 07:25:29.3+00'),
(1396, 385, 7, '2024-03-05 07:25:29.3+00', '2024-03-05 07:25:29.3+00'),
(1397, 700, 4, '2024-03-05 07:25:29.3+00', '2024-03-05 07:25:29.3+00'),
(1398, 711, 4, '2024-03-05 07:25:29.3+00', '2024-03-05 07:25:29.3+00'),
(1399, 474, 2, '2024-03-05 07:25:29.3+00', '2024-03-05 07:25:29.3+00'),
(1400, 339, 3, '2024-03-05 07:25:29.3+00', '2024-03-05 07:25:29.3+00'),
(1401, 263, 4, '2024-03-05 07:25:29.306+00', '2024-03-05 07:25:29.306+00'),
(1402, 698, 3, '2024-03-05 07:25:29.306+00', '2024-03-05 07:25:29.306+00'),
(1403, 783, 3, '2024-03-05 07:25:29.306+00', '2024-03-05 07:25:29.306+00'),
(1404, 607, 3, '2024-03-05 07:25:29.306+00', '2024-03-05 07:25:29.306+00'),
(1405, 489, 2, '2024-03-05 07:25:29.306+00', '2024-03-05 07:25:29.306+00'),
(1406, 390, 6, '2024-03-05 07:25:29.306+00', '2024-03-05 07:25:29.306+00'),
(1407, 188, 5, '2024-03-05 07:25:29.306+00', '2024-03-05 07:25:29.306+00'),
(1408, 767, 3, '2024-03-05 07:25:29.306+00', '2024-03-05 07:25:29.306+00'),
(1409, 535, 3, '2024-03-05 07:25:29.306+00', '2024-03-05 07:25:29.306+00'),
(1410, 164, 5, '2024-03-05 07:25:29.306+00', '2024-03-05 07:25:29.306+00'),
(1411, 117, 6, '2024-03-05 07:25:29.306+00', '2024-03-05 07:25:29.306+00'),
(1412, 198, 2, '2024-03-05 07:25:29.306+00', '2024-03-05 07:25:29.306+00'),
(1413, 179, 3, '2024-03-05 07:25:29.306+00', '2024-03-05 07:25:29.306+00'),
(1414, 48, 6, '2024-03-05 07:25:29.306+00', '2024-03-05 07:25:29.306+00'),
(1415, 452, 5, '2024-03-05 07:25:29.306+00', '2024-03-05 07:25:29.306+00'),
(1416, 566, 2, '2024-03-05 07:25:29.306+00', '2024-03-05 07:25:29.306+00'),
(1417, 309, 6, '2024-03-05 07:25:29.306+00', '2024-03-05 07:25:29.306+00'),
(1418, 750, 6, '2024-03-05 07:25:29.306+00', '2024-03-05 07:25:29.306+00'),
(1419, 695, 7, '2024-03-05 07:25:29.306+00', '2024-03-05 07:25:29.306+00'),
(1420, 586, 3, '2024-03-05 07:25:29.306+00', '2024-03-05 07:25:29.306+00'),
(1421, 845, 7, '2024-03-05 07:25:29.306+00', '2024-03-05 07:25:29.306+00'),
(1422, 234, 5, '2024-03-05 07:25:29.306+00', '2024-03-05 07:25:29.306+00'),
(1423, 818, 1, '2024-03-05 07:25:29.306+00', '2024-03-05 07:25:29.306+00'),
(1424, 582, 7, '2024-03-05 07:25:29.306+00', '2024-03-05 07:25:29.306+00'),
(1425, 857, 7, '2024-03-05 07:25:29.306+00', '2024-03-05 07:25:29.306+00'),
(1426, 233, 7, '2024-03-05 07:25:29.306+00', '2024-03-05 07:25:29.306+00'),
(1427, 962, 1, '2024-03-05 07:25:29.306+00', '2024-03-05 07:25:29.306+00'),
(1428, 50, 4, '2024-03-05 07:25:29.306+00', '2024-03-05 07:25:29.306+00'),
(1429, 733, 3, '2024-03-05 07:25:29.306+00', '2024-03-05 07:25:29.306+00'),
(1430, 597, 4, '2024-03-05 07:25:29.306+00', '2024-03-05 07:25:29.306+00'),
(1431, 393, 1, '2024-03-05 07:25:29.306+00', '2024-03-05 07:25:29.306+00'),
(1432, 769, 6, '2024-03-05 07:25:29.306+00', '2024-03-05 07:25:29.306+00'),
(1433, 466, 1, '2024-03-05 07:25:29.306+00', '2024-03-05 07:25:29.306+00'),
(1434, 518, 7, '2024-03-05 07:25:29.306+00', '2024-03-05 07:25:29.306+00'),
(1435, 801, 5, '2024-03-05 07:25:29.306+00', '2024-03-05 07:25:29.306+00'),
(1436, 294, 7, '2024-03-05 07:25:29.306+00', '2024-03-05 07:25:29.306+00'),
(1437, 132, 1, '2024-03-05 07:25:29.306+00', '2024-03-05 07:25:29.306+00'),
(1438, 176, 3, '2024-03-05 07:25:29.306+00', '2024-03-05 07:25:29.306+00'),
(1439, 311, 5, '2024-03-05 07:25:29.306+00', '2024-03-05 07:25:29.306+00'),
(1440, 772, 3, '2024-03-05 07:25:29.306+00', '2024-03-05 07:25:29.306+00'),
(1441, 868, 3, '2024-03-05 07:25:29.306+00', '2024-03-05 07:25:29.306+00'),
(1442, 120, 7, '2024-03-05 07:25:29.306+00', '2024-03-05 07:25:29.306+00'),
(1443, 224, 3, '2024-03-05 07:25:29.306+00', '2024-03-05 07:25:29.306+00'),
(1444, 55, 4, '2024-03-05 07:25:29.306+00', '2024-03-05 07:25:29.306+00'),
(1445, 369, 5, '2024-03-05 07:25:29.306+00', '2024-03-05 07:25:29.306+00'),
(1446, 288, 3, '2024-03-05 07:25:29.306+00', '2024-03-05 07:25:29.306+00'),
(1447, 809, 4, '2024-03-05 07:25:29.306+00', '2024-03-05 07:25:29.306+00'),
(1448, 888, 1, '2024-03-05 07:25:29.306+00', '2024-03-05 07:25:29.306+00'),
(1449, 800, 6, '2024-03-05 07:25:29.306+00', '2024-03-05 07:25:29.306+00'),
(1450, 843, 5, '2024-03-05 07:25:29.306+00', '2024-03-05 07:25:29.306+00'),
(1451, 866, 2, '2024-03-05 07:25:29.306+00', '2024-03-05 07:25:29.306+00'),
(1452, 423, 2, '2024-03-05 07:25:29.306+00', '2024-03-05 07:25:29.306+00'),
(1453, 87, 4, '2024-03-05 07:25:29.306+00', '2024-03-05 07:25:29.306+00'),
(1454, 169, 5, '2024-03-05 07:25:29.306+00', '2024-03-05 07:25:29.306+00'),
(1455, 596, 6, '2024-03-05 07:25:29.306+00', '2024-03-05 07:25:29.306+00'),
(1456, 335, 3, '2024-03-05 07:25:29.306+00', '2024-03-05 07:25:29.306+00'),
(1457, 264, 4, '2024-03-05 07:25:29.306+00', '2024-03-05 07:25:29.306+00'),
(1458, 422, 2, '2024-03-05 07:25:29.306+00', '2024-03-05 07:25:29.306+00'),
(1459, 13, 4, '2024-03-05 07:25:29.306+00', '2024-03-05 07:25:29.306+00'),
(1460, 76, 3, '2024-03-05 07:25:29.306+00', '2024-03-05 07:25:29.306+00'),
(1461, 240, 4, '2024-03-05 07:25:29.306+00', '2024-03-05 07:25:29.306+00'),
(1462, 382, 1, '2024-03-05 07:25:29.306+00', '2024-03-05 07:25:29.306+00'),
(1463, 874, 2, '2024-03-05 07:25:29.306+00', '2024-03-05 07:25:29.306+00'),
(1464, 494, 5, '2024-03-05 07:25:29.306+00', '2024-03-05 07:25:29.306+00'),
(1465, 624, 4, '2024-03-05 07:25:29.306+00', '2024-03-05 07:25:29.306+00'),
(1466, 466, 2, '2024-03-05 07:25:29.306+00', '2024-03-05 07:25:29.306+00'),
(1467, 115, 2, '2024-03-05 07:25:29.306+00', '2024-03-05 07:25:29.306+00'),
(1468, 62, 2, '2024-03-05 07:25:29.306+00', '2024-03-05 07:25:29.306+00'),
(1469, 467, 1, '2024-03-05 07:25:29.306+00', '2024-03-05 07:25:29.306+00'),
(1470, 998, 5, '2024-03-05 07:25:29.306+00', '2024-03-05 07:25:29.306+00'),
(1471, 457, 5, '2024-03-05 07:25:29.306+00', '2024-03-05 07:25:29.306+00'),
(1472, 671, 2, '2024-03-05 07:25:29.306+00', '2024-03-05 07:25:29.306+00'),
(1473, 506, 2, '2024-03-05 07:25:29.306+00', '2024-03-05 07:25:29.306+00'),
(1474, 654, 3, '2024-03-05 07:25:29.306+00', '2024-03-05 07:25:29.306+00'),
(1475, 597, 1, '2024-03-05 07:25:29.306+00', '2024-03-05 07:25:29.306+00'),
(1476, 165, 1, '2024-03-05 07:25:29.306+00', '2024-03-05 07:25:29.306+00'),
(1477, 993, 2, '2024-03-05 07:25:29.306+00', '2024-03-05 07:25:29.306+00'),
(1478, 8, 5, '2024-03-05 07:25:29.306+00', '2024-03-05 07:25:29.306+00'),
(1479, 23, 5, '2024-03-05 07:25:29.306+00', '2024-03-05 07:25:29.306+00'),
(1480, 882, 6, '2024-03-05 07:25:29.306+00', '2024-03-05 07:25:29.306+00'),
(1481, 819, 6, '2024-03-05 07:25:29.306+00', '2024-03-05 07:25:29.306+00'),
(1482, 11, 3, '2024-03-05 07:25:29.306+00', '2024-03-05 07:25:29.306+00'),
(1483, 235, 2, '2024-03-05 07:25:29.306+00', '2024-03-05 07:25:29.306+00'),
(1484, 184, 3, '2024-03-05 07:25:29.306+00', '2024-03-05 07:25:29.306+00'),
(1485, 991, 1, '2024-03-05 07:25:29.306+00', '2024-03-05 07:25:29.306+00'),
(1486, 115, 4, '2024-03-05 07:25:29.306+00', '2024-03-05 07:25:29.306+00'),
(1487, 1, 3, '2024-03-05 07:25:29.306+00', '2024-03-05 07:25:29.306+00'),
(1488, 814, 1, '2024-03-05 07:25:29.306+00', '2024-03-05 07:25:29.306+00'),
(1489, 771, 6, '2024-03-05 07:25:29.306+00', '2024-03-05 07:25:29.306+00'),
(1490, 209, 1, '2024-03-05 07:25:29.306+00', '2024-03-05 07:25:29.306+00'),
(1491, 681, 7, '2024-03-05 07:25:29.306+00', '2024-03-05 07:25:29.306+00'),
(1492, 912, 3, '2024-03-05 07:25:29.306+00', '2024-03-05 07:25:29.306+00'),
(1493, 398, 6, '2024-03-05 07:25:29.306+00', '2024-03-05 07:25:29.306+00'),
(1494, 103, 7, '2024-03-05 07:25:29.306+00', '2024-03-05 07:25:29.306+00'),
(1495, 409, 1, '2024-03-05 07:25:29.306+00', '2024-03-05 07:25:29.306+00'),
(1496, 584, 3, '2024-03-05 07:25:29.306+00', '2024-03-05 07:25:29.306+00'),
(1497, 408, 7, '2024-03-05 07:25:29.306+00', '2024-03-05 07:25:29.306+00'),
(1498, 56, 5, '2024-03-05 07:25:29.306+00', '2024-03-05 07:25:29.306+00'),
(1499, 223, 4, '2024-03-05 07:25:29.306+00', '2024-03-05 07:25:29.306+00'),
(1500, 954, 1, '2024-03-05 07:25:29.306+00', '2024-03-05 07:25:29.306+00'),
(1501, 450, 5, '2024-03-05 07:25:29.311+00', '2024-03-05 07:25:29.311+00'),
(1502, 928, 3, '2024-03-05 07:25:29.311+00', '2024-03-05 07:25:29.311+00'),
(1503, 554, 7, '2024-03-05 07:25:29.311+00', '2024-03-05 07:25:29.311+00'),
(1504, 760, 3, '2024-03-05 07:25:29.311+00', '2024-03-05 07:25:29.311+00'),
(1505, 95, 6, '2024-03-05 07:25:29.311+00', '2024-03-05 07:25:29.311+00'),
(1506, 697, 1, '2024-03-05 07:25:29.311+00', '2024-03-05 07:25:29.311+00'),
(1507, 988, 2, '2024-03-05 07:25:29.311+00', '2024-03-05 07:25:29.311+00'),
(1508, 802, 4, '2024-03-05 07:25:29.311+00', '2024-03-05 07:25:29.311+00'),
(1509, 612, 4, '2024-03-05 07:25:29.311+00', '2024-03-05 07:25:29.311+00'),
(1510, 30, 6, '2024-03-05 07:25:29.311+00', '2024-03-05 07:25:29.311+00'),
(1511, 21, 3, '2024-03-05 07:25:29.311+00', '2024-03-05 07:25:29.311+00'),
(1512, 523, 7, '2024-03-05 07:25:29.311+00', '2024-03-05 07:25:29.311+00'),
(1513, 248, 7, '2024-03-05 07:25:29.311+00', '2024-03-05 07:25:29.311+00'),
(1514, 235, 1, '2024-03-05 07:25:29.311+00', '2024-03-05 07:25:29.311+00'),
(1515, 515, 5, '2024-03-05 07:25:29.311+00', '2024-03-05 07:25:29.311+00'),
(1516, 227, 2, '2024-03-05 07:25:29.311+00', '2024-03-05 07:25:29.311+00'),
(1517, 570, 4, '2024-03-05 07:25:29.311+00', '2024-03-05 07:25:29.311+00'),
(1518, 895, 6, '2024-03-05 07:25:29.311+00', '2024-03-05 07:25:29.311+00'),
(1519, 265, 6, '2024-03-05 07:25:29.311+00', '2024-03-05 07:25:29.311+00'),
(1520, 379, 7, '2024-03-05 07:25:29.311+00', '2024-03-05 07:25:29.311+00'),
(1521, 229, 4, '2024-03-05 07:25:29.311+00', '2024-03-05 07:25:29.311+00'),
(1522, 117, 7, '2024-03-05 07:25:29.311+00', '2024-03-05 07:25:29.311+00'),
(1523, 395, 1, '2024-03-05 07:25:29.311+00', '2024-03-05 07:25:29.311+00'),
(1524, 211, 6, '2024-03-05 07:25:29.311+00', '2024-03-05 07:25:29.311+00'),
(1525, 459, 7, '2024-03-05 07:25:29.311+00', '2024-03-05 07:25:29.311+00'),
(1526, 974, 1, '2024-03-05 07:25:29.311+00', '2024-03-05 07:25:29.311+00'),
(1527, 554, 4, '2024-03-05 07:25:29.311+00', '2024-03-05 07:25:29.311+00'),
(1528, 804, 2, '2024-03-05 07:25:29.311+00', '2024-03-05 07:25:29.311+00'),
(1529, 515, 5, '2024-03-05 07:25:29.311+00', '2024-03-05 07:25:29.311+00'),
(1530, 788, 5, '2024-03-05 07:25:29.311+00', '2024-03-05 07:25:29.311+00'),
(1531, 478, 6, '2024-03-05 07:25:29.311+00', '2024-03-05 07:25:29.311+00'),
(1532, 518, 5, '2024-03-05 07:25:29.311+00', '2024-03-05 07:25:29.311+00'),
(1533, 901, 4, '2024-03-05 07:25:29.311+00', '2024-03-05 07:25:29.311+00'),
(1534, 362, 2, '2024-03-05 07:25:29.311+00', '2024-03-05 07:25:29.311+00'),
(1535, 590, 1, '2024-03-05 07:25:29.311+00', '2024-03-05 07:25:29.311+00'),
(1536, 941, 7, '2024-03-05 07:25:29.311+00', '2024-03-05 07:25:29.311+00'),
(1537, 155, 5, '2024-03-05 07:25:29.311+00', '2024-03-05 07:25:29.311+00'),
(1538, 430, 3, '2024-03-05 07:25:29.311+00', '2024-03-05 07:25:29.311+00'),
(1539, 816, 1, '2024-03-05 07:25:29.311+00', '2024-03-05 07:25:29.311+00'),
(1540, 22, 7, '2024-03-05 07:25:29.311+00', '2024-03-05 07:25:29.311+00'),
(1541, 231, 1, '2024-03-05 07:25:29.311+00', '2024-03-05 07:25:29.311+00'),
(1542, 116, 5, '2024-03-05 07:25:29.311+00', '2024-03-05 07:25:29.311+00'),
(1543, 914, 5, '2024-03-05 07:25:29.311+00', '2024-03-05 07:25:29.311+00'),
(1544, 510, 1, '2024-03-05 07:25:29.311+00', '2024-03-05 07:25:29.311+00'),
(1545, 976, 5, '2024-03-05 07:25:29.311+00', '2024-03-05 07:25:29.311+00'),
(1546, 561, 4, '2024-03-05 07:25:29.311+00', '2024-03-05 07:25:29.311+00'),
(1547, 586, 2, '2024-03-05 07:25:29.311+00', '2024-03-05 07:25:29.311+00'),
(1548, 334, 3, '2024-03-05 07:25:29.311+00', '2024-03-05 07:25:29.311+00'),
(1549, 325, 5, '2024-03-05 07:25:29.311+00', '2024-03-05 07:25:29.311+00'),
(1550, 519, 5, '2024-03-05 07:25:29.311+00', '2024-03-05 07:25:29.311+00'),
(1551, 3, 5, '2024-03-05 07:25:29.311+00', '2024-03-05 07:25:29.311+00'),
(1552, 146, 5, '2024-03-05 07:25:29.311+00', '2024-03-05 07:25:29.311+00'),
(1553, 725, 6, '2024-03-05 07:25:29.311+00', '2024-03-05 07:25:29.311+00'),
(1554, 364, 1, '2024-03-05 07:25:29.311+00', '2024-03-05 07:25:29.311+00'),
(1555, 591, 4, '2024-03-05 07:25:29.311+00', '2024-03-05 07:25:29.311+00'),
(1556, 388, 6, '2024-03-05 07:25:29.311+00', '2024-03-05 07:25:29.311+00'),
(1557, 729, 1, '2024-03-05 07:25:29.311+00', '2024-03-05 07:25:29.311+00'),
(1558, 342, 2, '2024-03-05 07:25:29.311+00', '2024-03-05 07:25:29.311+00'),
(1559, 825, 2, '2024-03-05 07:25:29.311+00', '2024-03-05 07:25:29.311+00'),
(1560, 292, 3, '2024-03-05 07:25:29.311+00', '2024-03-05 07:25:29.311+00'),
(1561, 934, 3, '2024-03-05 07:25:29.311+00', '2024-03-05 07:25:29.311+00'),
(1562, 527, 1, '2024-03-05 07:25:29.311+00', '2024-03-05 07:25:29.311+00'),
(1563, 678, 1, '2024-03-05 07:25:29.311+00', '2024-03-05 07:25:29.311+00'),
(1564, 838, 7, '2024-03-05 07:25:29.311+00', '2024-03-05 07:25:29.311+00'),
(1565, 917, 2, '2024-03-05 07:25:29.311+00', '2024-03-05 07:25:29.311+00'),
(1566, 269, 3, '2024-03-05 07:25:29.311+00', '2024-03-05 07:25:29.311+00'),
(1567, 683, 5, '2024-03-05 07:25:29.311+00', '2024-03-05 07:25:29.311+00'),
(1568, 88, 7, '2024-03-05 07:25:29.311+00', '2024-03-05 07:25:29.311+00'),
(1569, 227, 7, '2024-03-05 07:25:29.311+00', '2024-03-05 07:25:29.311+00'),
(1570, 871, 7, '2024-03-05 07:25:29.311+00', '2024-03-05 07:25:29.311+00'),
(1571, 48, 3, '2024-03-05 07:25:29.311+00', '2024-03-05 07:25:29.311+00'),
(1572, 43, 6, '2024-03-05 07:25:29.311+00', '2024-03-05 07:25:29.311+00'),
(1573, 834, 3, '2024-03-05 07:25:29.311+00', '2024-03-05 07:25:29.311+00'),
(1574, 660, 2, '2024-03-05 07:25:29.311+00', '2024-03-05 07:25:29.311+00'),
(1575, 469, 7, '2024-03-05 07:25:29.311+00', '2024-03-05 07:25:29.311+00'),
(1576, 556, 3, '2024-03-05 07:25:29.311+00', '2024-03-05 07:25:29.311+00'),
(1577, 868, 2, '2024-03-05 07:25:29.311+00', '2024-03-05 07:25:29.311+00'),
(1578, 214, 1, '2024-03-05 07:25:29.311+00', '2024-03-05 07:25:29.311+00'),
(1579, 114, 6, '2024-03-05 07:25:29.311+00', '2024-03-05 07:25:29.311+00'),
(1580, 368, 7, '2024-03-05 07:25:29.311+00', '2024-03-05 07:25:29.311+00'),
(1581, 807, 2, '2024-03-05 07:25:29.311+00', '2024-03-05 07:25:29.311+00'),
(1582, 213, 1, '2024-03-05 07:25:29.311+00', '2024-03-05 07:25:29.311+00'),
(1583, 4, 7, '2024-03-05 07:25:29.311+00', '2024-03-05 07:25:29.311+00'),
(1584, 206, 1, '2024-03-05 07:25:29.311+00', '2024-03-05 07:25:29.311+00'),
(1585, 94, 4, '2024-03-05 07:25:29.311+00', '2024-03-05 07:25:29.311+00'),
(1586, 110, 5, '2024-03-05 07:25:29.311+00', '2024-03-05 07:25:29.311+00'),
(1587, 177, 5, '2024-03-05 07:25:29.311+00', '2024-03-05 07:25:29.311+00'),
(1588, 669, 6, '2024-03-05 07:25:29.311+00', '2024-03-05 07:25:29.311+00'),
(1589, 255, 5, '2024-03-05 07:25:29.311+00', '2024-03-05 07:25:29.311+00'),
(1590, 392, 5, '2024-03-05 07:25:29.311+00', '2024-03-05 07:25:29.311+00'),
(1591, 981, 1, '2024-03-05 07:25:29.311+00', '2024-03-05 07:25:29.311+00'),
(1592, 353, 3, '2024-03-05 07:25:29.311+00', '2024-03-05 07:25:29.311+00'),
(1593, 734, 3, '2024-03-05 07:25:29.311+00', '2024-03-05 07:25:29.311+00'),
(1594, 236, 1, '2024-03-05 07:25:29.311+00', '2024-03-05 07:25:29.311+00'),
(1595, 884, 1, '2024-03-05 07:25:29.311+00', '2024-03-05 07:25:29.311+00'),
(1596, 233, 7, '2024-03-05 07:25:29.311+00', '2024-03-05 07:25:29.311+00'),
(1597, 837, 3, '2024-03-05 07:25:29.311+00', '2024-03-05 07:25:29.311+00'),
(1598, 513, 5, '2024-03-05 07:25:29.311+00', '2024-03-05 07:25:29.311+00');
INSERT INTO "public"."species_preferred_climate_zones" ("id", "species_id", "preferred_climate_zone_id", "created_at", "updated_at") VALUES
(1599, 665, 5, '2024-03-05 07:25:29.311+00', '2024-03-05 07:25:29.311+00'),
(1600, 288, 5, '2024-03-05 07:25:29.311+00', '2024-03-05 07:25:29.311+00'),
(1601, 119, 7, '2024-03-05 07:25:29.317+00', '2024-03-05 07:25:29.317+00'),
(1602, 246, 2, '2024-03-05 07:25:29.317+00', '2024-03-05 07:25:29.317+00'),
(1603, 105, 7, '2024-03-05 07:25:29.317+00', '2024-03-05 07:25:29.317+00'),
(1604, 32, 7, '2024-03-05 07:25:29.317+00', '2024-03-05 07:25:29.317+00'),
(1605, 611, 5, '2024-03-05 07:25:29.317+00', '2024-03-05 07:25:29.317+00'),
(1606, 345, 4, '2024-03-05 07:25:29.317+00', '2024-03-05 07:25:29.317+00'),
(1607, 528, 3, '2024-03-05 07:25:29.317+00', '2024-03-05 07:25:29.317+00'),
(1608, 856, 2, '2024-03-05 07:25:29.317+00', '2024-03-05 07:25:29.317+00'),
(1609, 442, 4, '2024-03-05 07:25:29.317+00', '2024-03-05 07:25:29.317+00'),
(1610, 992, 6, '2024-03-05 07:25:29.317+00', '2024-03-05 07:25:29.317+00'),
(1611, 143, 1, '2024-03-05 07:25:29.317+00', '2024-03-05 07:25:29.317+00'),
(1612, 623, 4, '2024-03-05 07:25:29.317+00', '2024-03-05 07:25:29.317+00'),
(1613, 238, 4, '2024-03-05 07:25:29.317+00', '2024-03-05 07:25:29.317+00'),
(1614, 193, 7, '2024-03-05 07:25:29.317+00', '2024-03-05 07:25:29.317+00'),
(1615, 799, 2, '2024-03-05 07:25:29.317+00', '2024-03-05 07:25:29.317+00'),
(1616, 625, 6, '2024-03-05 07:25:29.317+00', '2024-03-05 07:25:29.317+00'),
(1617, 939, 6, '2024-03-05 07:25:29.317+00', '2024-03-05 07:25:29.317+00'),
(1618, 383, 5, '2024-03-05 07:25:29.317+00', '2024-03-05 07:25:29.317+00'),
(1619, 727, 7, '2024-03-05 07:25:29.317+00', '2024-03-05 07:25:29.317+00'),
(1620, 45, 3, '2024-03-05 07:25:29.317+00', '2024-03-05 07:25:29.317+00'),
(1621, 570, 6, '2024-03-05 07:25:29.317+00', '2024-03-05 07:25:29.317+00'),
(1622, 73, 3, '2024-03-05 07:25:29.317+00', '2024-03-05 07:25:29.317+00'),
(1623, 752, 6, '2024-03-05 07:25:29.317+00', '2024-03-05 07:25:29.317+00'),
(1624, 124, 2, '2024-03-05 07:25:29.317+00', '2024-03-05 07:25:29.317+00'),
(1625, 442, 5, '2024-03-05 07:25:29.317+00', '2024-03-05 07:25:29.317+00'),
(1626, 349, 5, '2024-03-05 07:25:29.317+00', '2024-03-05 07:25:29.317+00'),
(1627, 321, 7, '2024-03-05 07:25:29.317+00', '2024-03-05 07:25:29.317+00'),
(1628, 537, 5, '2024-03-05 07:25:29.317+00', '2024-03-05 07:25:29.317+00'),
(1629, 844, 6, '2024-03-05 07:25:29.317+00', '2024-03-05 07:25:29.317+00'),
(1630, 418, 7, '2024-03-05 07:25:29.317+00', '2024-03-05 07:25:29.317+00'),
(1631, 559, 3, '2024-03-05 07:25:29.317+00', '2024-03-05 07:25:29.317+00'),
(1632, 416, 1, '2024-03-05 07:25:29.317+00', '2024-03-05 07:25:29.317+00'),
(1633, 799, 5, '2024-03-05 07:25:29.317+00', '2024-03-05 07:25:29.317+00'),
(1634, 266, 4, '2024-03-05 07:25:29.317+00', '2024-03-05 07:25:29.317+00'),
(1635, 639, 6, '2024-03-05 07:25:29.317+00', '2024-03-05 07:25:29.317+00'),
(1636, 786, 7, '2024-03-05 07:25:29.317+00', '2024-03-05 07:25:29.317+00'),
(1637, 986, 2, '2024-03-05 07:25:29.317+00', '2024-03-05 07:25:29.317+00'),
(1638, 248, 4, '2024-03-05 07:25:29.317+00', '2024-03-05 07:25:29.317+00'),
(1639, 303, 5, '2024-03-05 07:25:29.317+00', '2024-03-05 07:25:29.317+00'),
(1640, 875, 7, '2024-03-05 07:25:29.317+00', '2024-03-05 07:25:29.317+00'),
(1641, 336, 5, '2024-03-05 07:25:29.317+00', '2024-03-05 07:25:29.317+00'),
(1642, 891, 2, '2024-03-05 07:25:29.317+00', '2024-03-05 07:25:29.317+00'),
(1643, 111, 7, '2024-03-05 07:25:29.317+00', '2024-03-05 07:25:29.317+00'),
(1644, 296, 3, '2024-03-05 07:25:29.317+00', '2024-03-05 07:25:29.317+00'),
(1645, 580, 2, '2024-03-05 07:25:29.317+00', '2024-03-05 07:25:29.317+00'),
(1646, 562, 3, '2024-03-05 07:25:29.317+00', '2024-03-05 07:25:29.317+00'),
(1647, 409, 1, '2024-03-05 07:25:29.317+00', '2024-03-05 07:25:29.317+00'),
(1648, 174, 3, '2024-03-05 07:25:29.317+00', '2024-03-05 07:25:29.317+00'),
(1649, 455, 7, '2024-03-05 07:25:29.317+00', '2024-03-05 07:25:29.317+00'),
(1650, 271, 3, '2024-03-05 07:25:29.317+00', '2024-03-05 07:25:29.317+00'),
(1651, 268, 2, '2024-03-05 07:25:29.317+00', '2024-03-05 07:25:29.317+00'),
(1652, 328, 7, '2024-03-05 07:25:29.317+00', '2024-03-05 07:25:29.317+00'),
(1653, 156, 6, '2024-03-05 07:25:29.317+00', '2024-03-05 07:25:29.317+00'),
(1654, 706, 7, '2024-03-05 07:25:29.317+00', '2024-03-05 07:25:29.317+00'),
(1655, 93, 7, '2024-03-05 07:25:29.317+00', '2024-03-05 07:25:29.317+00'),
(1656, 336, 3, '2024-03-05 07:25:29.317+00', '2024-03-05 07:25:29.317+00'),
(1657, 703, 6, '2024-03-05 07:25:29.317+00', '2024-03-05 07:25:29.317+00'),
(1658, 837, 4, '2024-03-05 07:25:29.317+00', '2024-03-05 07:25:29.317+00'),
(1659, 945, 2, '2024-03-05 07:25:29.317+00', '2024-03-05 07:25:29.317+00'),
(1660, 616, 1, '2024-03-05 07:25:29.317+00', '2024-03-05 07:25:29.317+00'),
(1661, 235, 6, '2024-03-05 07:25:29.317+00', '2024-03-05 07:25:29.317+00'),
(1662, 396, 7, '2024-03-05 07:25:29.317+00', '2024-03-05 07:25:29.317+00'),
(1663, 95, 4, '2024-03-05 07:25:29.317+00', '2024-03-05 07:25:29.317+00'),
(1664, 905, 3, '2024-03-05 07:25:29.317+00', '2024-03-05 07:25:29.317+00'),
(1665, 422, 4, '2024-03-05 07:25:29.317+00', '2024-03-05 07:25:29.317+00'),
(1666, 698, 2, '2024-03-05 07:25:29.317+00', '2024-03-05 07:25:29.317+00'),
(1667, 696, 5, '2024-03-05 07:25:29.317+00', '2024-03-05 07:25:29.317+00'),
(1668, 230, 1, '2024-03-05 07:25:29.317+00', '2024-03-05 07:25:29.317+00'),
(1669, 373, 6, '2024-03-05 07:25:29.317+00', '2024-03-05 07:25:29.317+00'),
(1670, 273, 4, '2024-03-05 07:25:29.317+00', '2024-03-05 07:25:29.317+00'),
(1671, 188, 7, '2024-03-05 07:25:29.317+00', '2024-03-05 07:25:29.317+00'),
(1672, 332, 7, '2024-03-05 07:25:29.317+00', '2024-03-05 07:25:29.317+00'),
(1673, 839, 6, '2024-03-05 07:25:29.317+00', '2024-03-05 07:25:29.317+00'),
(1674, 215, 5, '2024-03-05 07:25:29.317+00', '2024-03-05 07:25:29.317+00'),
(1675, 263, 2, '2024-03-05 07:25:29.317+00', '2024-03-05 07:25:29.317+00'),
(1676, 484, 1, '2024-03-05 07:25:29.317+00', '2024-03-05 07:25:29.317+00'),
(1677, 188, 7, '2024-03-05 07:25:29.317+00', '2024-03-05 07:25:29.317+00'),
(1678, 595, 1, '2024-03-05 07:25:29.317+00', '2024-03-05 07:25:29.317+00'),
(1679, 942, 6, '2024-03-05 07:25:29.317+00', '2024-03-05 07:25:29.317+00'),
(1680, 941, 6, '2024-03-05 07:25:29.317+00', '2024-03-05 07:25:29.317+00'),
(1681, 291, 1, '2024-03-05 07:25:29.317+00', '2024-03-05 07:25:29.317+00'),
(1682, 682, 1, '2024-03-05 07:25:29.317+00', '2024-03-05 07:25:29.317+00'),
(1683, 35, 5, '2024-03-05 07:25:29.317+00', '2024-03-05 07:25:29.317+00'),
(1684, 336, 1, '2024-03-05 07:25:29.317+00', '2024-03-05 07:25:29.317+00'),
(1685, 240, 2, '2024-03-05 07:25:29.317+00', '2024-03-05 07:25:29.317+00'),
(1686, 118, 4, '2024-03-05 07:25:29.317+00', '2024-03-05 07:25:29.317+00'),
(1687, 998, 7, '2024-03-05 07:25:29.317+00', '2024-03-05 07:25:29.317+00'),
(1688, 117, 7, '2024-03-05 07:25:29.317+00', '2024-03-05 07:25:29.317+00'),
(1689, 580, 3, '2024-03-05 07:25:29.317+00', '2024-03-05 07:25:29.317+00'),
(1690, 255, 1, '2024-03-05 07:25:29.317+00', '2024-03-05 07:25:29.317+00'),
(1691, 576, 3, '2024-03-05 07:25:29.317+00', '2024-03-05 07:25:29.317+00'),
(1692, 985, 5, '2024-03-05 07:25:29.317+00', '2024-03-05 07:25:29.317+00'),
(1693, 808, 3, '2024-03-05 07:25:29.317+00', '2024-03-05 07:25:29.317+00'),
(1694, 903, 7, '2024-03-05 07:25:29.317+00', '2024-03-05 07:25:29.317+00'),
(1695, 798, 1, '2024-03-05 07:25:29.317+00', '2024-03-05 07:25:29.317+00'),
(1696, 424, 4, '2024-03-05 07:25:29.317+00', '2024-03-05 07:25:29.317+00'),
(1697, 167, 1, '2024-03-05 07:25:29.317+00', '2024-03-05 07:25:29.317+00'),
(1698, 674, 2, '2024-03-05 07:25:29.317+00', '2024-03-05 07:25:29.317+00'),
(1699, 569, 3, '2024-03-05 07:25:29.317+00', '2024-03-05 07:25:29.317+00'),
(1700, 860, 4, '2024-03-05 07:25:29.317+00', '2024-03-05 07:25:29.317+00'),
(1701, 403, 6, '2024-03-05 07:25:29.322+00', '2024-03-05 07:25:29.322+00'),
(1702, 465, 3, '2024-03-05 07:25:29.322+00', '2024-03-05 07:25:29.322+00'),
(1703, 190, 1, '2024-03-05 07:25:29.322+00', '2024-03-05 07:25:29.322+00'),
(1704, 506, 7, '2024-03-05 07:25:29.322+00', '2024-03-05 07:25:29.322+00'),
(1705, 826, 3, '2024-03-05 07:25:29.322+00', '2024-03-05 07:25:29.322+00'),
(1706, 176, 5, '2024-03-05 07:25:29.322+00', '2024-03-05 07:25:29.322+00'),
(1707, 939, 3, '2024-03-05 07:25:29.322+00', '2024-03-05 07:25:29.322+00'),
(1708, 834, 2, '2024-03-05 07:25:29.322+00', '2024-03-05 07:25:29.322+00'),
(1709, 815, 4, '2024-03-05 07:25:29.322+00', '2024-03-05 07:25:29.322+00'),
(1710, 871, 1, '2024-03-05 07:25:29.322+00', '2024-03-05 07:25:29.322+00'),
(1711, 155, 2, '2024-03-05 07:25:29.322+00', '2024-03-05 07:25:29.322+00'),
(1712, 514, 2, '2024-03-05 07:25:29.322+00', '2024-03-05 07:25:29.322+00'),
(1713, 735, 2, '2024-03-05 07:25:29.322+00', '2024-03-05 07:25:29.322+00'),
(1714, 427, 7, '2024-03-05 07:25:29.322+00', '2024-03-05 07:25:29.322+00'),
(1715, 284, 2, '2024-03-05 07:25:29.322+00', '2024-03-05 07:25:29.322+00'),
(1716, 945, 1, '2024-03-05 07:25:29.322+00', '2024-03-05 07:25:29.322+00'),
(1717, 724, 7, '2024-03-05 07:25:29.322+00', '2024-03-05 07:25:29.322+00'),
(1718, 83, 4, '2024-03-05 07:25:29.322+00', '2024-03-05 07:25:29.322+00'),
(1719, 583, 2, '2024-03-05 07:25:29.322+00', '2024-03-05 07:25:29.322+00'),
(1720, 409, 6, '2024-03-05 07:25:29.322+00', '2024-03-05 07:25:29.322+00'),
(1721, 1000, 3, '2024-03-05 07:25:29.322+00', '2024-03-05 07:25:29.322+00'),
(1722, 956, 2, '2024-03-05 07:25:29.322+00', '2024-03-05 07:25:29.322+00'),
(1723, 954, 3, '2024-03-05 07:25:29.322+00', '2024-03-05 07:25:29.322+00'),
(1724, 533, 3, '2024-03-05 07:25:29.322+00', '2024-03-05 07:25:29.322+00'),
(1725, 912, 5, '2024-03-05 07:25:29.322+00', '2024-03-05 07:25:29.322+00'),
(1726, 742, 5, '2024-03-05 07:25:29.322+00', '2024-03-05 07:25:29.322+00'),
(1727, 192, 7, '2024-03-05 07:25:29.322+00', '2024-03-05 07:25:29.322+00'),
(1728, 60, 1, '2024-03-05 07:25:29.322+00', '2024-03-05 07:25:29.322+00'),
(1729, 810, 2, '2024-03-05 07:25:29.322+00', '2024-03-05 07:25:29.322+00'),
(1730, 12, 7, '2024-03-05 07:25:29.322+00', '2024-03-05 07:25:29.322+00'),
(1731, 756, 3, '2024-03-05 07:25:29.322+00', '2024-03-05 07:25:29.322+00'),
(1732, 768, 4, '2024-03-05 07:25:29.322+00', '2024-03-05 07:25:29.322+00'),
(1733, 610, 6, '2024-03-05 07:25:29.322+00', '2024-03-05 07:25:29.322+00'),
(1734, 922, 2, '2024-03-05 07:25:29.322+00', '2024-03-05 07:25:29.322+00'),
(1735, 482, 1, '2024-03-05 07:25:29.322+00', '2024-03-05 07:25:29.322+00'),
(1736, 793, 1, '2024-03-05 07:25:29.322+00', '2024-03-05 07:25:29.322+00'),
(1737, 298, 4, '2024-03-05 07:25:29.322+00', '2024-03-05 07:25:29.322+00'),
(1738, 784, 3, '2024-03-05 07:25:29.322+00', '2024-03-05 07:25:29.322+00'),
(1739, 889, 7, '2024-03-05 07:25:29.322+00', '2024-03-05 07:25:29.322+00'),
(1740, 537, 4, '2024-03-05 07:25:29.322+00', '2024-03-05 07:25:29.322+00'),
(1741, 165, 6, '2024-03-05 07:25:29.322+00', '2024-03-05 07:25:29.322+00'),
(1742, 51, 2, '2024-03-05 07:25:29.322+00', '2024-03-05 07:25:29.322+00'),
(1743, 321, 7, '2024-03-05 07:25:29.322+00', '2024-03-05 07:25:29.322+00'),
(1744, 42, 5, '2024-03-05 07:25:29.322+00', '2024-03-05 07:25:29.322+00'),
(1745, 213, 6, '2024-03-05 07:25:29.322+00', '2024-03-05 07:25:29.322+00'),
(1746, 392, 3, '2024-03-05 07:25:29.322+00', '2024-03-05 07:25:29.322+00'),
(1747, 239, 7, '2024-03-05 07:25:29.322+00', '2024-03-05 07:25:29.322+00'),
(1748, 934, 3, '2024-03-05 07:25:29.322+00', '2024-03-05 07:25:29.322+00'),
(1749, 6, 6, '2024-03-05 07:25:29.322+00', '2024-03-05 07:25:29.322+00'),
(1750, 274, 5, '2024-03-05 07:25:29.322+00', '2024-03-05 07:25:29.322+00'),
(1751, 314, 6, '2024-03-05 07:25:29.322+00', '2024-03-05 07:25:29.322+00'),
(1752, 394, 3, '2024-03-05 07:25:29.322+00', '2024-03-05 07:25:29.322+00'),
(1753, 858, 7, '2024-03-05 07:25:29.322+00', '2024-03-05 07:25:29.322+00'),
(1754, 328, 3, '2024-03-05 07:25:29.322+00', '2024-03-05 07:25:29.322+00'),
(1755, 117, 1, '2024-03-05 07:25:29.322+00', '2024-03-05 07:25:29.322+00'),
(1756, 11, 4, '2024-03-05 07:25:29.322+00', '2024-03-05 07:25:29.322+00'),
(1757, 175, 4, '2024-03-05 07:25:29.322+00', '2024-03-05 07:25:29.322+00'),
(1758, 887, 6, '2024-03-05 07:25:29.322+00', '2024-03-05 07:25:29.322+00'),
(1759, 179, 3, '2024-03-05 07:25:29.322+00', '2024-03-05 07:25:29.322+00'),
(1760, 208, 4, '2024-03-05 07:25:29.322+00', '2024-03-05 07:25:29.322+00'),
(1761, 372, 6, '2024-03-05 07:25:29.322+00', '2024-03-05 07:25:29.322+00'),
(1762, 616, 3, '2024-03-05 07:25:29.322+00', '2024-03-05 07:25:29.322+00'),
(1763, 230, 6, '2024-03-05 07:25:29.322+00', '2024-03-05 07:25:29.322+00'),
(1764, 963, 1, '2024-03-05 07:25:29.322+00', '2024-03-05 07:25:29.322+00'),
(1765, 911, 7, '2024-03-05 07:25:29.322+00', '2024-03-05 07:25:29.322+00'),
(1766, 105, 1, '2024-03-05 07:25:29.322+00', '2024-03-05 07:25:29.322+00'),
(1767, 46, 1, '2024-03-05 07:25:29.322+00', '2024-03-05 07:25:29.322+00'),
(1768, 807, 4, '2024-03-05 07:25:29.322+00', '2024-03-05 07:25:29.322+00'),
(1769, 717, 6, '2024-03-05 07:25:29.322+00', '2024-03-05 07:25:29.322+00'),
(1770, 977, 2, '2024-03-05 07:25:29.322+00', '2024-03-05 07:25:29.322+00'),
(1771, 331, 1, '2024-03-05 07:25:29.322+00', '2024-03-05 07:25:29.322+00'),
(1772, 273, 6, '2024-03-05 07:25:29.322+00', '2024-03-05 07:25:29.322+00'),
(1773, 698, 2, '2024-03-05 07:25:29.322+00', '2024-03-05 07:25:29.322+00'),
(1774, 154, 1, '2024-03-05 07:25:29.322+00', '2024-03-05 07:25:29.322+00'),
(1775, 114, 2, '2024-03-05 07:25:29.322+00', '2024-03-05 07:25:29.322+00'),
(1776, 79, 4, '2024-03-05 07:25:29.322+00', '2024-03-05 07:25:29.322+00'),
(1777, 930, 3, '2024-03-05 07:25:29.322+00', '2024-03-05 07:25:29.322+00'),
(1778, 860, 7, '2024-03-05 07:25:29.322+00', '2024-03-05 07:25:29.322+00'),
(1779, 94, 6, '2024-03-05 07:25:29.322+00', '2024-03-05 07:25:29.322+00'),
(1780, 402, 4, '2024-03-05 07:25:29.322+00', '2024-03-05 07:25:29.322+00'),
(1781, 647, 4, '2024-03-05 07:25:29.322+00', '2024-03-05 07:25:29.322+00'),
(1782, 800, 4, '2024-03-05 07:25:29.322+00', '2024-03-05 07:25:29.322+00'),
(1783, 858, 6, '2024-03-05 07:25:29.322+00', '2024-03-05 07:25:29.322+00'),
(1784, 308, 7, '2024-03-05 07:25:29.322+00', '2024-03-05 07:25:29.322+00'),
(1785, 576, 5, '2024-03-05 07:25:29.322+00', '2024-03-05 07:25:29.322+00'),
(1786, 433, 6, '2024-03-05 07:25:29.322+00', '2024-03-05 07:25:29.322+00'),
(1787, 221, 1, '2024-03-05 07:25:29.322+00', '2024-03-05 07:25:29.322+00'),
(1788, 939, 7, '2024-03-05 07:25:29.322+00', '2024-03-05 07:25:29.322+00'),
(1789, 583, 5, '2024-03-05 07:25:29.322+00', '2024-03-05 07:25:29.322+00'),
(1790, 48, 7, '2024-03-05 07:25:29.322+00', '2024-03-05 07:25:29.322+00'),
(1791, 185, 7, '2024-03-05 07:25:29.322+00', '2024-03-05 07:25:29.322+00'),
(1792, 535, 4, '2024-03-05 07:25:29.322+00', '2024-03-05 07:25:29.322+00'),
(1793, 779, 4, '2024-03-05 07:25:29.322+00', '2024-03-05 07:25:29.322+00'),
(1794, 989, 6, '2024-03-05 07:25:29.322+00', '2024-03-05 07:25:29.322+00'),
(1795, 363, 3, '2024-03-05 07:25:29.322+00', '2024-03-05 07:25:29.322+00'),
(1796, 100, 7, '2024-03-05 07:25:29.322+00', '2024-03-05 07:25:29.322+00'),
(1797, 528, 7, '2024-03-05 07:25:29.322+00', '2024-03-05 07:25:29.322+00'),
(1798, 346, 6, '2024-03-05 07:25:29.322+00', '2024-03-05 07:25:29.322+00'),
(1799, 840, 2, '2024-03-05 07:25:29.322+00', '2024-03-05 07:25:29.322+00'),
(1800, 262, 5, '2024-03-05 07:25:29.322+00', '2024-03-05 07:25:29.322+00'),
(1801, 35, 1, '2024-03-05 07:25:29.327+00', '2024-03-05 07:25:29.327+00'),
(1802, 381, 7, '2024-03-05 07:25:29.327+00', '2024-03-05 07:25:29.327+00'),
(1803, 682, 2, '2024-03-05 07:25:29.327+00', '2024-03-05 07:25:29.327+00'),
(1804, 417, 7, '2024-03-05 07:25:29.327+00', '2024-03-05 07:25:29.327+00'),
(1805, 782, 6, '2024-03-05 07:25:29.327+00', '2024-03-05 07:25:29.327+00'),
(1806, 445, 7, '2024-03-05 07:25:29.327+00', '2024-03-05 07:25:29.327+00'),
(1807, 572, 3, '2024-03-05 07:25:29.327+00', '2024-03-05 07:25:29.327+00'),
(1808, 369, 5, '2024-03-05 07:25:29.327+00', '2024-03-05 07:25:29.327+00'),
(1809, 922, 2, '2024-03-05 07:25:29.327+00', '2024-03-05 07:25:29.327+00'),
(1810, 3, 1, '2024-03-05 07:25:29.327+00', '2024-03-05 07:25:29.327+00'),
(1811, 528, 1, '2024-03-05 07:25:29.327+00', '2024-03-05 07:25:29.327+00'),
(1812, 86, 1, '2024-03-05 07:25:29.327+00', '2024-03-05 07:25:29.327+00'),
(1813, 802, 2, '2024-03-05 07:25:29.327+00', '2024-03-05 07:25:29.327+00'),
(1814, 762, 6, '2024-03-05 07:25:29.327+00', '2024-03-05 07:25:29.327+00'),
(1815, 900, 6, '2024-03-05 07:25:29.327+00', '2024-03-05 07:25:29.327+00'),
(1816, 786, 2, '2024-03-05 07:25:29.327+00', '2024-03-05 07:25:29.327+00'),
(1817, 970, 1, '2024-03-05 07:25:29.327+00', '2024-03-05 07:25:29.327+00'),
(1818, 105, 3, '2024-03-05 07:25:29.327+00', '2024-03-05 07:25:29.327+00'),
(1819, 855, 7, '2024-03-05 07:25:29.327+00', '2024-03-05 07:25:29.327+00'),
(1820, 251, 4, '2024-03-05 07:25:29.327+00', '2024-03-05 07:25:29.327+00'),
(1821, 239, 2, '2024-03-05 07:25:29.327+00', '2024-03-05 07:25:29.327+00'),
(1822, 720, 1, '2024-03-05 07:25:29.327+00', '2024-03-05 07:25:29.327+00'),
(1823, 142, 4, '2024-03-05 07:25:29.327+00', '2024-03-05 07:25:29.327+00'),
(1824, 132, 1, '2024-03-05 07:25:29.327+00', '2024-03-05 07:25:29.327+00'),
(1825, 989, 3, '2024-03-05 07:25:29.327+00', '2024-03-05 07:25:29.327+00'),
(1826, 391, 6, '2024-03-05 07:25:29.327+00', '2024-03-05 07:25:29.327+00'),
(1827, 744, 7, '2024-03-05 07:25:29.327+00', '2024-03-05 07:25:29.327+00'),
(1828, 452, 5, '2024-03-05 07:25:29.327+00', '2024-03-05 07:25:29.327+00'),
(1829, 231, 3, '2024-03-05 07:25:29.327+00', '2024-03-05 07:25:29.327+00'),
(1830, 204, 6, '2024-03-05 07:25:29.327+00', '2024-03-05 07:25:29.327+00'),
(1831, 538, 5, '2024-03-05 07:25:29.327+00', '2024-03-05 07:25:29.327+00'),
(1832, 107, 3, '2024-03-05 07:25:29.327+00', '2024-03-05 07:25:29.327+00'),
(1833, 326, 7, '2024-03-05 07:25:29.327+00', '2024-03-05 07:25:29.327+00'),
(1834, 369, 2, '2024-03-05 07:25:29.327+00', '2024-03-05 07:25:29.327+00'),
(1835, 753, 7, '2024-03-05 07:25:29.327+00', '2024-03-05 07:25:29.327+00'),
(1836, 434, 2, '2024-03-05 07:25:29.327+00', '2024-03-05 07:25:29.327+00'),
(1837, 287, 4, '2024-03-05 07:25:29.327+00', '2024-03-05 07:25:29.327+00'),
(1838, 949, 7, '2024-03-05 07:25:29.327+00', '2024-03-05 07:25:29.327+00'),
(1839, 644, 2, '2024-03-05 07:25:29.327+00', '2024-03-05 07:25:29.327+00'),
(1840, 970, 4, '2024-03-05 07:25:29.327+00', '2024-03-05 07:25:29.327+00'),
(1841, 23, 2, '2024-03-05 07:25:29.327+00', '2024-03-05 07:25:29.327+00'),
(1842, 847, 6, '2024-03-05 07:25:29.327+00', '2024-03-05 07:25:29.327+00'),
(1843, 75, 1, '2024-03-05 07:25:29.327+00', '2024-03-05 07:25:29.327+00'),
(1844, 800, 3, '2024-03-05 07:25:29.327+00', '2024-03-05 07:25:29.327+00'),
(1845, 312, 4, '2024-03-05 07:25:29.327+00', '2024-03-05 07:25:29.327+00'),
(1846, 152, 2, '2024-03-05 07:25:29.327+00', '2024-03-05 07:25:29.327+00'),
(1847, 203, 1, '2024-03-05 07:25:29.327+00', '2024-03-05 07:25:29.327+00'),
(1848, 305, 5, '2024-03-05 07:25:29.327+00', '2024-03-05 07:25:29.327+00'),
(1849, 668, 2, '2024-03-05 07:25:29.327+00', '2024-03-05 07:25:29.327+00'),
(1850, 70, 4, '2024-03-05 07:25:29.327+00', '2024-03-05 07:25:29.327+00'),
(1851, 289, 1, '2024-03-05 07:25:29.327+00', '2024-03-05 07:25:29.327+00'),
(1852, 119, 5, '2024-03-05 07:25:29.327+00', '2024-03-05 07:25:29.327+00'),
(1853, 779, 2, '2024-03-05 07:25:29.327+00', '2024-03-05 07:25:29.327+00'),
(1854, 856, 4, '2024-03-05 07:25:29.327+00', '2024-03-05 07:25:29.327+00'),
(1855, 523, 5, '2024-03-05 07:25:29.327+00', '2024-03-05 07:25:29.327+00'),
(1856, 841, 5, '2024-03-05 07:25:29.327+00', '2024-03-05 07:25:29.327+00'),
(1857, 183, 4, '2024-03-05 07:25:29.327+00', '2024-03-05 07:25:29.327+00'),
(1858, 65, 7, '2024-03-05 07:25:29.327+00', '2024-03-05 07:25:29.327+00'),
(1859, 639, 4, '2024-03-05 07:25:29.327+00', '2024-03-05 07:25:29.327+00'),
(1860, 263, 2, '2024-03-05 07:25:29.327+00', '2024-03-05 07:25:29.327+00'),
(1861, 560, 2, '2024-03-05 07:25:29.327+00', '2024-03-05 07:25:29.327+00'),
(1862, 455, 4, '2024-03-05 07:25:29.327+00', '2024-03-05 07:25:29.327+00'),
(1863, 625, 7, '2024-03-05 07:25:29.327+00', '2024-03-05 07:25:29.327+00'),
(1864, 497, 5, '2024-03-05 07:25:29.327+00', '2024-03-05 07:25:29.327+00'),
(1865, 356, 4, '2024-03-05 07:25:29.327+00', '2024-03-05 07:25:29.327+00'),
(1866, 676, 1, '2024-03-05 07:25:29.327+00', '2024-03-05 07:25:29.327+00'),
(1867, 480, 2, '2024-03-05 07:25:29.327+00', '2024-03-05 07:25:29.327+00'),
(1868, 194, 2, '2024-03-05 07:25:29.327+00', '2024-03-05 07:25:29.327+00'),
(1869, 861, 4, '2024-03-05 07:25:29.327+00', '2024-03-05 07:25:29.327+00'),
(1870, 774, 2, '2024-03-05 07:25:29.327+00', '2024-03-05 07:25:29.327+00'),
(1871, 10, 3, '2024-03-05 07:25:29.327+00', '2024-03-05 07:25:29.327+00'),
(1872, 550, 3, '2024-03-05 07:25:29.327+00', '2024-03-05 07:25:29.327+00'),
(1873, 614, 5, '2024-03-05 07:25:29.327+00', '2024-03-05 07:25:29.327+00'),
(1874, 717, 4, '2024-03-05 07:25:29.327+00', '2024-03-05 07:25:29.327+00'),
(1875, 419, 7, '2024-03-05 07:25:29.327+00', '2024-03-05 07:25:29.327+00'),
(1876, 83, 3, '2024-03-05 07:25:29.327+00', '2024-03-05 07:25:29.327+00'),
(1877, 469, 3, '2024-03-05 07:25:29.327+00', '2024-03-05 07:25:29.327+00'),
(1878, 256, 6, '2024-03-05 07:25:29.327+00', '2024-03-05 07:25:29.327+00'),
(1879, 164, 7, '2024-03-05 07:25:29.327+00', '2024-03-05 07:25:29.327+00'),
(1880, 677, 6, '2024-03-05 07:25:29.327+00', '2024-03-05 07:25:29.327+00'),
(1881, 791, 4, '2024-03-05 07:25:29.327+00', '2024-03-05 07:25:29.327+00'),
(1882, 949, 6, '2024-03-05 07:25:29.327+00', '2024-03-05 07:25:29.327+00'),
(1883, 460, 2, '2024-03-05 07:25:29.327+00', '2024-03-05 07:25:29.327+00'),
(1884, 307, 6, '2024-03-05 07:25:29.327+00', '2024-03-05 07:25:29.327+00'),
(1885, 952, 4, '2024-03-05 07:25:29.327+00', '2024-03-05 07:25:29.327+00'),
(1886, 322, 3, '2024-03-05 07:25:29.327+00', '2024-03-05 07:25:29.327+00'),
(1887, 373, 1, '2024-03-05 07:25:29.327+00', '2024-03-05 07:25:29.327+00'),
(1888, 597, 6, '2024-03-05 07:25:29.327+00', '2024-03-05 07:25:29.327+00'),
(1889, 92, 1, '2024-03-05 07:25:29.327+00', '2024-03-05 07:25:29.327+00'),
(1890, 672, 5, '2024-03-05 07:25:29.327+00', '2024-03-05 07:25:29.327+00'),
(1891, 375, 2, '2024-03-05 07:25:29.327+00', '2024-03-05 07:25:29.327+00'),
(1892, 927, 2, '2024-03-05 07:25:29.327+00', '2024-03-05 07:25:29.327+00'),
(1893, 940, 2, '2024-03-05 07:25:29.327+00', '2024-03-05 07:25:29.327+00'),
(1894, 448, 1, '2024-03-05 07:25:29.327+00', '2024-03-05 07:25:29.327+00'),
(1895, 643, 3, '2024-03-05 07:25:29.327+00', '2024-03-05 07:25:29.327+00'),
(1896, 171, 6, '2024-03-05 07:25:29.327+00', '2024-03-05 07:25:29.327+00'),
(1897, 777, 4, '2024-03-05 07:25:29.327+00', '2024-03-05 07:25:29.327+00'),
(1898, 729, 5, '2024-03-05 07:25:29.327+00', '2024-03-05 07:25:29.327+00'),
(1899, 339, 1, '2024-03-05 07:25:29.327+00', '2024-03-05 07:25:29.327+00'),
(1900, 454, 3, '2024-03-05 07:25:29.327+00', '2024-03-05 07:25:29.327+00'),
(1901, 396, 4, '2024-03-05 07:25:29.333+00', '2024-03-05 07:25:29.333+00'),
(1902, 578, 7, '2024-03-05 07:25:29.333+00', '2024-03-05 07:25:29.333+00'),
(1903, 72, 2, '2024-03-05 07:25:29.333+00', '2024-03-05 07:25:29.333+00'),
(1904, 334, 2, '2024-03-05 07:25:29.333+00', '2024-03-05 07:25:29.333+00'),
(1905, 367, 6, '2024-03-05 07:25:29.333+00', '2024-03-05 07:25:29.333+00'),
(1906, 893, 2, '2024-03-05 07:25:29.333+00', '2024-03-05 07:25:29.333+00'),
(1907, 920, 5, '2024-03-05 07:25:29.333+00', '2024-03-05 07:25:29.333+00'),
(1908, 684, 7, '2024-03-05 07:25:29.333+00', '2024-03-05 07:25:29.333+00'),
(1909, 357, 2, '2024-03-05 07:25:29.333+00', '2024-03-05 07:25:29.333+00'),
(1910, 445, 4, '2024-03-05 07:25:29.333+00', '2024-03-05 07:25:29.333+00'),
(1911, 51, 3, '2024-03-05 07:25:29.333+00', '2024-03-05 07:25:29.333+00'),
(1912, 943, 3, '2024-03-05 07:25:29.333+00', '2024-03-05 07:25:29.333+00'),
(1913, 381, 2, '2024-03-05 07:25:29.333+00', '2024-03-05 07:25:29.333+00'),
(1914, 445, 7, '2024-03-05 07:25:29.333+00', '2024-03-05 07:25:29.333+00'),
(1915, 731, 1, '2024-03-05 07:25:29.333+00', '2024-03-05 07:25:29.333+00'),
(1916, 113, 6, '2024-03-05 07:25:29.333+00', '2024-03-05 07:25:29.333+00'),
(1917, 678, 4, '2024-03-05 07:25:29.333+00', '2024-03-05 07:25:29.333+00'),
(1918, 733, 7, '2024-03-05 07:25:29.333+00', '2024-03-05 07:25:29.333+00'),
(1919, 430, 5, '2024-03-05 07:25:29.333+00', '2024-03-05 07:25:29.333+00'),
(1920, 178, 2, '2024-03-05 07:25:29.333+00', '2024-03-05 07:25:29.333+00'),
(1921, 373, 2, '2024-03-05 07:25:29.333+00', '2024-03-05 07:25:29.333+00'),
(1922, 408, 2, '2024-03-05 07:25:29.333+00', '2024-03-05 07:25:29.333+00'),
(1923, 146, 1, '2024-03-05 07:25:29.333+00', '2024-03-05 07:25:29.333+00'),
(1924, 74, 3, '2024-03-05 07:25:29.333+00', '2024-03-05 07:25:29.333+00'),
(1925, 381, 7, '2024-03-05 07:25:29.333+00', '2024-03-05 07:25:29.333+00'),
(1926, 473, 1, '2024-03-05 07:25:29.333+00', '2024-03-05 07:25:29.333+00'),
(1927, 86, 1, '2024-03-05 07:25:29.333+00', '2024-03-05 07:25:29.333+00'),
(1928, 253, 6, '2024-03-05 07:25:29.333+00', '2024-03-05 07:25:29.333+00'),
(1929, 184, 1, '2024-03-05 07:25:29.333+00', '2024-03-05 07:25:29.333+00'),
(1930, 667, 6, '2024-03-05 07:25:29.333+00', '2024-03-05 07:25:29.333+00'),
(1931, 295, 7, '2024-03-05 07:25:29.333+00', '2024-03-05 07:25:29.333+00'),
(1932, 668, 1, '2024-03-05 07:25:29.333+00', '2024-03-05 07:25:29.333+00'),
(1933, 426, 4, '2024-03-05 07:25:29.333+00', '2024-03-05 07:25:29.333+00'),
(1934, 50, 1, '2024-03-05 07:25:29.333+00', '2024-03-05 07:25:29.333+00'),
(1935, 937, 6, '2024-03-05 07:25:29.333+00', '2024-03-05 07:25:29.333+00'),
(1936, 456, 5, '2024-03-05 07:25:29.333+00', '2024-03-05 07:25:29.333+00'),
(1937, 148, 3, '2024-03-05 07:25:29.333+00', '2024-03-05 07:25:29.333+00'),
(1938, 878, 1, '2024-03-05 07:25:29.333+00', '2024-03-05 07:25:29.333+00'),
(1939, 857, 2, '2024-03-05 07:25:29.333+00', '2024-03-05 07:25:29.333+00'),
(1940, 675, 4, '2024-03-05 07:25:29.333+00', '2024-03-05 07:25:29.333+00'),
(1941, 818, 4, '2024-03-05 07:25:29.333+00', '2024-03-05 07:25:29.333+00'),
(1942, 869, 4, '2024-03-05 07:25:29.333+00', '2024-03-05 07:25:29.333+00'),
(1943, 365, 3, '2024-03-05 07:25:29.333+00', '2024-03-05 07:25:29.333+00'),
(1944, 3, 6, '2024-03-05 07:25:29.333+00', '2024-03-05 07:25:29.333+00'),
(1945, 310, 1, '2024-03-05 07:25:29.333+00', '2024-03-05 07:25:29.333+00'),
(1946, 215, 5, '2024-03-05 07:25:29.333+00', '2024-03-05 07:25:29.333+00'),
(1947, 402, 1, '2024-03-05 07:25:29.333+00', '2024-03-05 07:25:29.333+00'),
(1948, 929, 6, '2024-03-05 07:25:29.333+00', '2024-03-05 07:25:29.333+00'),
(1949, 291, 2, '2024-03-05 07:25:29.333+00', '2024-03-05 07:25:29.333+00'),
(1950, 776, 1, '2024-03-05 07:25:29.333+00', '2024-03-05 07:25:29.333+00'),
(1951, 527, 7, '2024-03-05 07:25:29.333+00', '2024-03-05 07:25:29.333+00'),
(1952, 243, 6, '2024-03-05 07:25:29.333+00', '2024-03-05 07:25:29.333+00'),
(1953, 489, 1, '2024-03-05 07:25:29.333+00', '2024-03-05 07:25:29.333+00'),
(1954, 589, 7, '2024-03-05 07:25:29.333+00', '2024-03-05 07:25:29.333+00'),
(1955, 338, 1, '2024-03-05 07:25:29.333+00', '2024-03-05 07:25:29.333+00'),
(1956, 244, 6, '2024-03-05 07:25:29.333+00', '2024-03-05 07:25:29.333+00'),
(1957, 69, 7, '2024-03-05 07:25:29.333+00', '2024-03-05 07:25:29.333+00'),
(1958, 486, 1, '2024-03-05 07:25:29.333+00', '2024-03-05 07:25:29.333+00'),
(1959, 418, 2, '2024-03-05 07:25:29.333+00', '2024-03-05 07:25:29.333+00'),
(1960, 203, 3, '2024-03-05 07:25:29.333+00', '2024-03-05 07:25:29.333+00'),
(1961, 561, 1, '2024-03-05 07:25:29.333+00', '2024-03-05 07:25:29.333+00'),
(1962, 163, 5, '2024-03-05 07:25:29.333+00', '2024-03-05 07:25:29.333+00'),
(1963, 111, 4, '2024-03-05 07:25:29.333+00', '2024-03-05 07:25:29.333+00'),
(1964, 233, 5, '2024-03-05 07:25:29.333+00', '2024-03-05 07:25:29.333+00'),
(1965, 405, 6, '2024-03-05 07:25:29.333+00', '2024-03-05 07:25:29.333+00'),
(1966, 27, 5, '2024-03-05 07:25:29.333+00', '2024-03-05 07:25:29.333+00'),
(1967, 850, 7, '2024-03-05 07:25:29.333+00', '2024-03-05 07:25:29.333+00'),
(1968, 746, 7, '2024-03-05 07:25:29.333+00', '2024-03-05 07:25:29.333+00'),
(1969, 703, 1, '2024-03-05 07:25:29.333+00', '2024-03-05 07:25:29.333+00'),
(1970, 933, 4, '2024-03-05 07:25:29.333+00', '2024-03-05 07:25:29.333+00'),
(1971, 318, 6, '2024-03-05 07:25:29.333+00', '2024-03-05 07:25:29.333+00'),
(1972, 537, 6, '2024-03-05 07:25:29.333+00', '2024-03-05 07:25:29.333+00'),
(1973, 225, 5, '2024-03-05 07:25:29.333+00', '2024-03-05 07:25:29.333+00'),
(1974, 119, 1, '2024-03-05 07:25:29.333+00', '2024-03-05 07:25:29.333+00'),
(1975, 314, 1, '2024-03-05 07:25:29.333+00', '2024-03-05 07:25:29.333+00'),
(1976, 270, 4, '2024-03-05 07:25:29.333+00', '2024-03-05 07:25:29.333+00'),
(1977, 598, 5, '2024-03-05 07:25:29.333+00', '2024-03-05 07:25:29.333+00'),
(1978, 744, 5, '2024-03-05 07:25:29.333+00', '2024-03-05 07:25:29.333+00'),
(1979, 11, 4, '2024-03-05 07:25:29.333+00', '2024-03-05 07:25:29.333+00'),
(1980, 168, 4, '2024-03-05 07:25:29.333+00', '2024-03-05 07:25:29.333+00'),
(1981, 468, 3, '2024-03-05 07:25:29.333+00', '2024-03-05 07:25:29.333+00'),
(1982, 996, 1, '2024-03-05 07:25:29.333+00', '2024-03-05 07:25:29.333+00'),
(1983, 159, 1, '2024-03-05 07:25:29.333+00', '2024-03-05 07:25:29.333+00'),
(1984, 156, 4, '2024-03-05 07:25:29.333+00', '2024-03-05 07:25:29.333+00'),
(1985, 712, 5, '2024-03-05 07:25:29.333+00', '2024-03-05 07:25:29.333+00'),
(1986, 958, 5, '2024-03-05 07:25:29.333+00', '2024-03-05 07:25:29.333+00'),
(1987, 680, 4, '2024-03-05 07:25:29.333+00', '2024-03-05 07:25:29.333+00'),
(1988, 747, 1, '2024-03-05 07:25:29.333+00', '2024-03-05 07:25:29.333+00'),
(1989, 204, 5, '2024-03-05 07:25:29.333+00', '2024-03-05 07:25:29.333+00'),
(1990, 771, 5, '2024-03-05 07:25:29.333+00', '2024-03-05 07:25:29.333+00'),
(1991, 719, 3, '2024-03-05 07:25:29.333+00', '2024-03-05 07:25:29.333+00'),
(1992, 178, 5, '2024-03-05 07:25:29.333+00', '2024-03-05 07:25:29.333+00'),
(1993, 101, 5, '2024-03-05 07:25:29.333+00', '2024-03-05 07:25:29.333+00'),
(1994, 786, 1, '2024-03-05 07:25:29.333+00', '2024-03-05 07:25:29.333+00'),
(1995, 469, 2, '2024-03-05 07:25:29.333+00', '2024-03-05 07:25:29.333+00'),
(1996, 968, 7, '2024-03-05 07:25:29.333+00', '2024-03-05 07:25:29.333+00'),
(1997, 644, 6, '2024-03-05 07:25:29.333+00', '2024-03-05 07:25:29.333+00'),
(1998, 408, 2, '2024-03-05 07:25:29.333+00', '2024-03-05 07:25:29.333+00'),
(1999, 317, 4, '2024-03-05 07:25:29.333+00', '2024-03-05 07:25:29.333+00'),
(2000, 910, 6, '2024-03-05 07:25:29.333+00', '2024-03-05 07:25:29.333+00');

CREATE INDEX idx_species_name_common_name ON species (name, common_name);
CREATE INDEX idx_species_family_name_id ON species (family_name_id);
CREATE INDEX idx_species_native_habitat_id ON species (native_habitat_id);

CREATE INDEX idx_species_preferred_climate_zones_species_id ON species_preferred_climate_zones (species_id);
CREATE INDEX idx_species_preferred_climate_zones_preferred_climate_zone_id ON species_preferred_climate_zones (preferred_climate_zone_id);